contact_id,account_id,first_name,last_name,email,phone,title,address,city,state,zip,source_system,updated_at,first_norm,last_norm,name_suffix,email_norm,phone_norm,address_norm,k_email,k_phone,name_a,name_b,k_name_domain,k_name_street,k_name_swap,master_account_id,k_name_acct,k_initial_acct
C00001,A00125,Sue,Nguyen,sue.nguyen@redwooddesign.com,4156501653,Office Manager,,,,,trade_show,2024-11-03,susan,nguyen,,sue.nguyen@redwooddesign.com,+14156501653,,sue.nguyen@redwooddesign.com,+14156501653,sN250,nS250,sN250|redwooddesign.com,,nS250sN250|redwooddesign.com,A00168,nS250sN250|A00168,sN250|A00168
C00002,,Olivia,Johnson,oliviajohnson0205@gmail.com,2503648584,Purchasing Agent,,,,,trade_show,2022-08-09,olivia,johnson,,oliviajohnson0205@gmail.com,+12503648584,,oliviajohnson0205@gmail.com,+12503648584,oJ525,jO410,,,,,,
C00003,A00064,Thomas,Walker,thomas.walker@falconlegalservices.com,919.472.0113,VP Sales,,,,,web_form,2026-08-07,thomas,walker,,thomas.walker@falconlegalservices.com,+19194720113,,thomas.walker@falconlegalservices.com,+19194720113,tW426,wT520,tW426|falconlegalservices.com,,tW426wT520|falconlegalservices.com,A00011,tW426wT520|A00011,tW426|A00011
C00004,A00052,David,Davis,david.davis@pioneerinsurance.com,+1 815 774 3859,Engineer,,,,,web_form,2023-08-19,david,davis,,david.davis@pioneerinsurance.com,+18157743859,,david.davis@pioneerinsurance.com,+18157743859,dD120,dD130,dD120|pioneerinsurance.com,,dD120dD130|pioneerinsurance.com,A00052,dD120dD130|A00052,dD120|A00052
C00005,A00154,Sarah,Thompson,sarah.thompson@granitelandscaping.com,+1 420 501 0994,Purchasing Agent,,,,,erp,2022-10-28,sarah,thompson,,sarah.thompson@granitelandscaping.com,+14205010994,,sarah.thompson@granitelandscaping.com,+14205010994,sT512,tS600,sT512|granitelandscaping.com,,sT512tS600|granitelandscaping.com,A00005,sT512tS600|A00005,sT512|A00005
C00006,A00167,Richard,Thomas,richard.thomas@falconplumbing.com,+1 743 629 3452,Director of Operations,5519 SUNSET ST,Seattle,WA,98113,erp,2026-08-21,richard,thomas,,richard.thomas@falconplumbing.com,+17436293452,5519 sunset st,richard.thomas@falconplumbing.com,+17436293452,rT520,tR263,rT520|falconplumbing.com,rT520|5519|sunset|981,rT520tR263|falconplumbing.com,A00167,rT520tR263|A00167,rT520|A00167
C00007,,Omar,Nguyen,omarnguyen0144@gmail.com,(330) 424-3273,Purchasing Agent,5140 Lake Avenue,Nashville,TN,37212,erp,2025-02-16,omar,nguyen,,omarnguyen0144@gmail.com,+13304243273,5140 lake ave,omarnguyen0144@gmail.com,+13304243273,oN250,nO560,,oN250|5140|lake|372,,,,
C00008,A00081,Hannah,Lewis,,,CFO,,,,,billing,2023-01-05,hannah,lewis,,,,,,,hL200,lH500,,,,A00081,hL200lH500|A00081,hL200|A00081
C00009,A00147,James,Thompson,james.thompson@northgatedesign.com,7343591011,Office Manager,7487 Main Avenue,Seattle,WA,98168,billing,2026-05-21,james,thompson,,james.thompson@northgatedesign.com,+17343591011,7487 main ave,james.thompson@northgatedesign.com,+17343591011,jT512,tJ520,jT512|northgatedesign.com,jT512|7487|main|981,jT512tJ520|northgatedesign.com,A00086,jT512tJ520|A00086,jT512|A00086
C00010,A00030,Linda,Thomas Jr,linda.thomas@pioneeranalytics.com,(944) 530-8306,Engineer,4634 Oak Street,Seattle,WA,98166,erp,2023-11-09,linda,thomas,jr,linda.thomas@pioneeranalytics.com,+19445308306,4634 oak st,linda.thomas@pioneeranalytics.com,+19445308306,lT520,tL530,lT520|pioneeranalytics.com,lT520|4634|oak|981,lT520tL530|pioneeranalytics.com,A00030,lT520tL530|A00030,lT520|A00030
C00011,A00053,Sarah,Martinez Jr,sarah.martinez.jr@silvercreekplumbing.com,534-785-9595,Office Manager,6401 Park Boulevard,Portland,OR,97298,trade_show,2024-10-27,sarah,martinez,jr,sarah.martinez.jr@silvercreekplumbing.com,+15347859595,6401 park blvd,sarah.martinez.jr@silvercreekplumbing.com,+15347859595,sM635,mS600,sM635|silvercreekplumbing.com,sM635|6401|park|972,mS600sM635|silvercreekplumbing.com,A00053,mS600sM635|A00053,sM635|A00053
C00012,A00078,Lopez,Athony,,(471) 308-6611,Director of Operations,,,,,crm,2022-07-14,lopez,athony,,,+14713086611,,,+14713086611,lA350,aL120,,,,A00078,aL120lA350|A00078,lA350|A00078
C00013,A00147,Hannah,Thompson,hannah.thompson@northgatedesign.com,7372970809,Engineer,,,,,erp,2023-07-10,hannah,thompson,,hannah.thompson@northgatedesign.com,+17372970809,,hannah.thompson@northgatedesign.com,+17372970809,hT512,tH500,hT512|northgatedesign.com,,hT512tH500|northgatedesign.com,A00086,hT512tH500|A00086,hT512|A00086
C00014,,Susan,Young,susanyoung0197@gmail.com,4754033874,CFO,,,,,web_form,2022-10-04,susan,young,,susanyoung0197@gmail.com,+14754033874,,susanyoung0197@gmail.com,+14754033874,sY520,yS250,,,,,,
C00015,A00016,Jimmy,Lewis,jimmy.lewis@mapleleafanalytics.com,882.926.4013,Office Manager,2250 CHURCH AVE,Denver,CO,80239,erp,2025-02-20,james,lewis,,jimmy.lewis@mapleleafanalytics.com,+18829264013,2250 church ave,jimmy.lewis@mapleleafanalytics.com,+18829264013,jL200,lJ520,jL200|mapleleafanalytics.com,jL200|2250|church|802,jL200lJ520|mapleleafanalytics.com,A00016,jL200lJ520|A00016,jL200|A00016
C00016,A00101,Katherine,Garcia,katherine.garcia@summitanalytics.com,+1 532 762 7870,Purchasing Agent,,,,,erp,2023-04-01,katherine,garcia,,katherine.garcia@summitanalytics.com,+15327627870,,katherine.garcia@summitanalytics.com,+15327627870,kG620,gK365,kG620|summitanalytics.com,,gK365kG620|summitanalytics.com,A00069,gK365kG620|A00069,kG620|A00069
C00017,A00008,Aisha,Wilson Jr,aisha.wilson@keystonedesign.com,(295) 946-3444,Purchasing Agent,9685 Maple Road,Denver,CO,80238,erp,2024-05-12,aisha,wilson,jr,aisha.wilson@keystonedesign.com,+12959463444,9685 maple rd,aisha.wilson@keystonedesign.com,+12959463444,aW425,wA200,aW425|keystonedesign.com,aW425|9685|maple|802,aW425wA200|keystonedesign.com,A00008,aW425wA200|A00008,aW425|A00008
C00018,A00017,Margaret,Allen,margaret.allen@cedardesign.com,981-782-0842,Engineer,,,,,web_form,2022-09-15,margaret,allen,,margaret.allen@cedardesign.com,+19817820842,,margaret.allen@cedardesign.com,+19817820842,mA450,aM626,mA450|cedardesign.com,,aM626mA450|cedardesign.com,A00017,aM626mA450|A00017,mA450|A00017
C00019,A00051,Daniel,Thompson,daniel.thompson@brightpathinsurance.com,+1 568 269 8164,CFO,1229 Cedar Street,Nashville,TN,37270,billing,2023-03-16,daniel,thompson,,daniel.thompson@brightpathinsurance.com,+15682698164,1229 cedar st,daniel.thompson@brightpathinsurance.com,+15682698164,dT512,tD540,dT512|brightpathinsurance.com,dT512|1229|cedar|372,dT512tD540|brightpathinsurance.com,A00051,dT512tD540|A00051,dT512|A00051
C00020,A00097,Kevin,Davis,kevin.davis@meridiandesign.com,(417) 500-7505,Engineer,,,,,web_form,2024-12-14,kevin,davis,,kevin.davis@meridiandesign.com,+14175007505,,kevin.davis@meridiandesign.com,+14175007505,kD120,dK150,kD120|meridiandesign.com,,dK150kD120|meridiandesign.com,A00157,dK150kD120|A00157,kD120|A00157
C00021,,Yuki,Anderson,yukianderson0226@gmail.com,773-959-6474,Office Manager,,,,,erp,2024-10-04,yuki,anderson,,yukianderson0226@gmail.com,+17739596474,,yukianderson0226@gmail.com,+17739596474,yA536,aY200,,,,,,
C00022,A00036,Thomas,Lewis,thomas.lewis@blueridgeelectric.com,494.940.9860,Office Manager,,,,,trade_show,2025-03-02,thomas,lewis,,thomas.lewis@blueridgeelectric.com,+14949409860,,thomas.lewis@blueridgeelectric.com,+14949409860,tL200,lT520,tL200|blueridgeelectric.com,,lT520tL200|blueridgeelectric.com,A00036,lT520tL200|A00036,tL200|A00036
C00023,,Aisha,Kim,aishakim0196@gmail.com,+1 236 611 6973,Director of Operations,433 Sunset Street,Atlanta,GA,30346,crm,2025-12-16,aisha,kim,,aishakim0196@gmail.com,+12366116973,433 sunset st,aishakim0196@gmail.com,+12366116973,aK500,kA200,,aK500|433|sunset|303,,,,
C00024,A00141,Patricia,Lewis,patricia.lewis@silvercreeklogistics.com,(226) 683-0255,Owner,609 Lake Boulevard,Austin,TX,78719,crm,2026-08-12,patricia,lewis,,patricia.lewis@silvercreeklogistics.com,+12266830255,609 lake blvd,patricia.lewis@silvercreeklogistics.com,+12266830255,pL200,lP362,pL200|silvercreeklogistics.com,pL200|609|lake|787,lP362pL200|silvercreeklogistics.com,A00141,lP362pL200|A00141,pL200|A00141
C00025,A00098,Hannah,Lee,hannah.lee@silvercreekplumbing.com,974.275.4744,Owner,,,,,billing,2024-02-08,hannah,lee,,hannah.lee@silvercreekplumbing.com,+19742754744,,hannah.lee@silvercreekplumbing.com,+19742754744,hL000,lH500,hL000|silvercreekplumbing.com,,hL000lH500|silvercreekplumbing.com,A00098,hL000lH500|A00098,hL000|A00098
C00026,A00134,Grace,Hall,sales@brightpathlandscaping.com,4279382048,Office Manager,,,,,billing,2022-08-30,grace,hall,,sales@brightpathlandscaping.com,+14279382048,,,+14279382048,gH400,hG620,gH400|brightpathlandscaping.com,,gH400hG620|brightpathlandscaping.com,A00134,gH400hG620|A00134,gH400|A00134
C00027,A00089,James,Garcia,james.garcia@mapleleafsoftware.com,5542090759,Office Manager,,,,,crm,2022-09-21,james,garcia,,james.garcia@mapleleafsoftware.com,+15542090759,,james.garcia@mapleleafsoftware.com,+15542090759,jG620,gJ520,jG620|mapleleafsoftware.com,,gJ520jG620|mapleleafsoftware.com,A00089,gJ520jG620|A00089,jG620|A00089
C00028,A00134,Linda,Young,linda.young@brightpathlandscaping.com,770-804-7840,Engineer,7156 Main Avenue,Phoenix,AZ,85093,trade_show,2024-10-31,linda,young,,linda.young@brightpathlandscaping.com,+17708047840,7156 main ave,linda.young@brightpathlandscaping.com,+17708047840,lY520,yL530,lY520|brightpathlandscaping.com,lY520|7156|main|850,lY520yL530|brightpathlandscaping.com,A00134,lY520yL530|A00134,lY520|A00134
C00029,,Christopher,Thomas,christopherthomas0219@gmail.com,888-828-2532,Office Manager,,,,,crm,2022-03-13,christopher,thomas,,christopherthomas0219@gmail.com,+18888282532,,christopherthomas0219@gmail.com,+18888282532,cT520,tC623,,,,,,
C00030,A00111,Christopher,Walker Jr,christopher.walker@silvercreekbakery.com,4495633513,VP Sales,,,,,trade_show,2023-06-16,christopher,walker,jr,christopher.walker@silvercreekbakery.com,+14495633513,,christopher.walker@silvercreekbakery.com,+14495633513,cW426,wC623,cW426|silvercreekbakery.com,,cW426wC623|silvercreekbakery.com,A00111,cW426wC623|A00111,cW426|A00111
C00031,A00015,Christopher,Smith,christopher.smith@meridianinsurance.com,914.460.6616,Office Manager,3926 Elm Boulevard,Columbus,OH,43273,billing,2022-08-17,christopher,smith,,christopher.smith@meridianinsurance.com,+19144606616,3926 elm blvd,christopher.smith@meridianinsurance.com,+19144606616,cS530,sC623,cS530|meridianinsurance.com,cS530|3926|elm|432,cS530sC623|meridianinsurance.com,A00015,cS530sC623|A00015,cS530|A00015
C00032,A00156,Richard,Lewis Jr,richard.lewis@keystoneelectric.com,(463) 949-5023,CFO,2250 Main Drive,Nashville,TN,37292,trade_show,2024-04-10,richard,lewis,jr,richard.lewis@keystoneelectric.com,+14639495023,2250 main dr,richard.lewis@keystoneelectric.com,+14639495023,rL200,lR263,rL200|keystoneelectric.com,rL200|2250|main|372,lR263rL200|keystoneelectric.com,A00156,lR263rL200|A00156,rL200|A00156
C00033,A00078,Anthony,Lopez,anthony.lopez@ironwooddental.com,+1 471 308 6611,Director of Operations,,,,,web_form,2023-01-22,anthony,lopez,,anthony.lopez@ironwooddental.com,+14713086611,,anthony.lopez@ironwooddental.com,+14713086611,aL120,lA535,aL120|ironwooddental.com,,aL120lA535|ironwooddental.com,A00078,aL120lA535|A00078,aL120|A00078
C00034,A00113,Elizabeth,Kim,elizabeth.kim.jr@falcondental.com,500.936.3418,Purchasing Agent,9232 Washington Avenue,Atlanta,GA,30337,billing,2022-05-17,elizabeth,kim,,elizabeth.kim.jr@falcondental.com,+15009363418,9232 washington ave,elizabeth.kim.jr@falcondental.com,+15009363418,eK500,kE421,eK500|falcondental.com,eK500|9232|washington|303,eK500kE421|falcondental.com,A00113,eK500kE421|A00113,eK500|A00113
C00035,A00019,James,Jackson,james.jackson@ironwoodsoftware.com,(946) 540-9706,Purchasing Agent,,,,,trade_show,2024-03-29,james,jackson,,james.jackson@ironwoodsoftware.com,+19465409706,,james.jackson@ironwoodsoftware.com,+19465409706,jJ250,jJ520,jJ250|ironwoodsoftware.com,,jJ250jJ520|ironwoodsoftware.com,A00019,jJ250jJ520|A00019,jJ250|A00019
C00036,A00104,Robert,Brown,robert.brown@evergreenlandscaping.com,+1 929 879 6339,Purchasing Agent,,,,,crm,2025-08-25,robert,brown,,robert.brown@evergreenlandscaping.com,+19298796339,,robert.brown@evergreenlandscaping.com,+19298796339,rB650,bR163,rB650|evergreenlandscaping.com,,bR163rB650|evergreenlandscaping.com,A00104,bR163rB650|A00104,rB650|A00104
C00037,A00097,Carlos,Harris,carlos.harris@meridiandesign.com,271-399-4985,Director of Operations,,,,,trade_show,2022-05-22,carlos,harris,,carlos.harris@meridiandesign.com,+12713994985,,carlos.harris@meridiandesign.com,+12713994985,cH620,hC642,cH620|meridiandesign.com,,cH620hC642|meridiandesign.com,A00157,cH620hC642|A00157,cH620|A00157
C00038,A00156,Richard,Williams,richard.williams@keystoneelectric.com,(650) 564-7169,VP Sales,8792 Hill Drive,Phoenix,AZ,85033,web_form,2026-05-07,richard,williams,,richard.williams@keystoneelectric.com,+16505647169,8792 hill dr,richard.williams@keystoneelectric.com,+16505647169,rW452,wR263,rW452|keystoneelectric.com,rW452|8792|hill|850,rW452wR263|keystoneelectric.com,A00156,rW452wR263|A00156,rW452|A00156
C00039,,Christopher,Lee,christopherlee0044@gmail.com,,Office Manager,,,,,web_form,2022-01-12,christopher,lee,,christopherlee0044@gmail.com,,,christopherlee0044@gmail.com,,cL000,lC623,,,,,,
C00040,A00063,James,Martin,james.martin@northgateplumbing.com,4006590435,Owner,7826 Sunset Boulevard,Austin,TX,78747,trade_show,2025-08-03,james,martin,,james.martin@northgateplumbing.com,+14006590435,7826 sunset blvd,james.martin@northgateplumbing.com,+14006590435,jM635,mJ520,jM635|northgateplumbing.com,jM635|7826|sunset|787,jM635mJ520|northgateplumbing.com,A00094,jM635mJ520|A00094,jM635|A00094
C00041,A00128,Omar,Nguyen,omar.nguyen@brightpathinsurance.com,663.758.2768,Owner,,,,,crm,2022-02-27,omar,nguyen,,omar.nguyen@brightpathinsurance.com,+16637582768,,omar.nguyen@brightpathinsurance.com,+16637582768,oN250,nO560,oN250|brightpathinsurance.com,,nO560oN250|brightpathinsurance.com,A00128,nO560oN250|A00128,oN250|A00128
C00042,A00098,William,Clark,william.clark@silvercreekplumbing.com,(437) 568-3266,VP Sales,8835 Lake Drive,Austin,TX,78782,crm,2026-06-08,william,clark,,william.clark@silvercreekplumbing.com,+14375683266,8835 lake dr,william.clark@silvercreekplumbing.com,+14375683266,wC462,cW450,wC462|silvercreekplumbing.com,wC462|8835|lake|787,cW450wC462|silvercreekplumbing.com,A00098,cW450wC462|A00098,wC462|A00098
C00043,A00036,Deborah,Hall Jr,deborah.hall@blueridgeelectric.com,4485451165,Director of Operations,,,,,billing,2023-07-12,deborah,hall,jr,deborah.hall@blueridgeelectric.com,+14485451165,,deborah.hall@blueridgeelectric.com,+14485451165,dH400,hD160,dH400|blueridgeelectric.com,,dH400hD160|blueridgeelectric.com,A00036,dH400hD160|A00036,dH400|A00036
C00044,A00072,Luis,Anderson,luis.anderson@copperhillelectric.com,4478641854,Purchasing Agent,9103 Washington Street,Nashville,TN,37268,trade_show,2024-01-02,luis,anderson,,luis.anderson@copperhillelectric.com,+14478641854,9103 washington st,luis.anderson@copperhillelectric.com,+14478641854,lA536,aL200,lA536|copperhillelectric.com,lA536|9103|washington|372,aL200lA536|copperhillelectric.com,A00072,aL200lA536|A00072,lA536|A00072
C00045,A00142,Sarah,Kim,sarah.kim@evergreenlegalservices.com,305.579.0258,Director of Operations,,,,,erp,2023-05-29,sarah,kim,,sarah.kim@evergreenlegalservices.com,+13055790258,,sarah.kim@evergreenlegalservices.com,+13055790258,sK500,kS600,sK500|evergreenlegalservices.com,,kS600sK500|evergreenlegalservices.com,A00142,kS600sK500|A00142,sK500|A00142
C00046,,Kevin,Garcia,kevingarcia0228@gmail.com,3455968707,Office Manager,1085 Church Boulevard,Atlanta,GA,30330,trade_show,2025-09-23,kevin,garcia,,kevingarcia0228@gmail.com,+13455968707,1085 church blvd,kevingarcia0228@gmail.com,+13455968707,kG620,gK150,,kG620|1085|church|303,,,,
C00047,A00066,Maria,Lewis,maria.lewis@atlasconsulting.com,664-647-1829,Director of Operations,6564 Cedar Avenue,Phoenix,AZ,85011,trade_show,2023-01-06,maria,lewis,,maria.lewis@atlasconsulting.com,+16646471829,6564 cedar ave,maria.lewis@atlasconsulting.com,+16646471829,mL200,lM600,mL200|atlasconsulting.com,mL200|6564|cedar|850,lM600mL200|atlasconsulting.com,A00066,lM600mL200|A00066,mL200|A00066
C00048,,Thomas,Brown,thomasbrown0218@gmail.com,708-683-8774,Purchasing Agent,,,,,web_form,2022-02-06,thomas,brown,,thomasbrown0218@gmail.com,+17086838774,,thomasbrown0218@gmail.com,+17086838774,tB650,bT520,,,,,,
C00049,A00013,Wei,Jackson,wei.jackson@summitlogistics.com,338.537.5547,Owner,2423 Cedar Road,Austin,TX,78767,crm,2023-01-10,wei,jackson,,wei.jackson@summitlogistics.com,+13385375547,2423 cedar rd,wei.jackson@summitlogistics.com,+13385375547,wJ250,jW000,wJ250|summitlogistics.com,wJ250|2423|cedar|787,jW000wJ250|summitlogistics.com,A00013,jW000wJ250|A00013,wJ250|A00013
C00050,A00122,Hannah,Patel,hannah.patel@ironwoodlandscaping.com,(575) 383-6060,Director of Operations,,,,,web_form,2022-10-22,hannah,patel,,hannah.patel@ironwoodlandscaping.com,+15753836060,,hannah.patel@ironwoodlandscaping.com,+15753836060,hP340,pH500,hP340|ironwoodlandscaping.com,,hP340pH500|ironwoodlandscaping.com,A00122,hP340pH500|A00122,hP340|A00122
C00051,A00010,Katherine,Harris,katherine.harris@keystonelogistics.com,583.634.2804,Director of Operations,9006 Washington Boulevard,Phoenix,AZ,85064,trade_show,2026-05-04,katherine,harris,,katherine.harris@keystonelogistics.com,+15836342804,9006 washington blvd,katherine.harris@keystonelogistics.com,+15836342804,kH620,hK365,kH620|keystonelogistics.com,kH620|9006|washington|850,hK365kH620|keystonelogistics.com,A00010,hK365kH620|A00010,kH620|A00010
C00052,,Robert,Johnson,robertjohnson0217@gmail.com,708.683.8774,CFO,,,,,crm,2022-07-21,robert,johnson,,robertjohnson0217@gmail.com,+17086838774,,robertjohnson0217@gmail.com,+17086838774,rJ525,jR163,,,,,,
C00053,A00106,Carlos,Thomas,carlos.thomas@redwooddesign.com,985-224-0744,Engineer,,,,,crm,2024-09-22,carlos,thomas,,carlos.thomas@redwooddesign.com,+19852240744,,carlos.thomas@redwooddesign.com,+19852240744,cT520,tC642,cT520|redwooddesign.com,,cT520tC642|redwooddesign.com,A00168,cT520tC642|A00168,cT520|A00168
C00054,A00091,Olivia,Johnson Sr,olivia.johnson@blueridgelogistics.com,3295058687,Purchasing Agent,6912 Cedar Boulevard,Columbus,OH,43227,crm,2025-08-21,olivia,johnson,sr,olivia.johnson@blueridgelogistics.com,+13295058687,6912 cedar blvd,olivia.johnson@blueridgelogistics.com,+13295058687,oJ525,jO410,oJ525|blueridgelogistics.com,oJ525|6912|cedar|432,jO410oJ525|blueridgelogistics.com,A00091,jO410oJ525|A00091,oJ525|A00091
C00055,A00152,Robert,Wilson,robert.wilson@keystonelandscaping.com,268-792-3371,Office Manager,,,,,crm,2022-07-23,robert,wilson,,robert.wilson@keystonelandscaping.com,+12687923371,,robert.wilson@keystonelandscaping.com,+12687923371,rW425,wR163,rW425|keystonelandscaping.com,,rW425wR163|keystonelandscaping.com,A00127,rW425wR163|A00127,rW425|A00127
C00056,A00125,William,Thompson,office@redwooddesign.com,,Engineer,7656 Hill Road,Portland,OR,97229,crm,2022-06-06,william,thompson,,office@redwooddesign.com,,7656 hill rd,,,wT512,tW450,wT512|redwooddesign.com,wT512|7656|hill|972,tW450wT512|redwooddesign.com,A00168,tW450wT512|A00168,wT512|A00168
C00057,A00108,Margaret,Rodriguez,margaret.rodriguez@falconsoftware.com,+1 436 952 9139,Office Manager,,,,,erp,2026-08-12,margaret,rodriguez,,margaret.rodriguez@falconsoftware.com,+14369529139,,margaret.rodriguez@falconsoftware.com,+14369529139,mR362,rM626,mR362|falconsoftware.com,,mR362rM626|falconsoftware.com,A00108,mR362rM626|A00108,mR362|A00108
C00058,,Michael,Anderson,michaelanderson0215@gmail.com,991-656-7978,Director of Operations,,,,,billing,2025-11-21,michael,anderson,,michaelanderson0215@gmail.com,+19916567978,,michaelanderson0215@gmail.com,+19916567978,mA536,aM240,,,,,,
C00059,A00007,Richard,Thompson,richard.thompson@oakmontdesign.com,+1 303 516 5016,Office Manager,,,,,web_form,2022-11-17,richard,thompson,,richard.thompson@oakmontdesign.com,+13035165016,,richard.thompson@oakmontdesign.com,+13035165016,rT512,tR263,rT512|oakmontdesign.com,,rT512tR263|oakmontdesign.com,A00056,rT512tR263|A00056,rT512|A00056
C00060,A00115,Daniel,Miller Jr,daniel.miller@ironwoodlogistics.com,8732388036,CFO,5658 Elm Street,Columbus,OH,43242,billing,2025-10-10,daniel,miller,jr,daniel.miller@ironwoodlogistics.com,+18732388036,5658 elm st,daniel.miller@ironwoodlogistics.com,+18732388036,dM460,mD540,dM460|ironwoodlogistics.com,dM460|5658|elm|432,dM460mD540|ironwoodlogistics.com,A00115,dM460mD540|A00115,dM460|A00115
C00061,,Wei,Smith,weismith0227@gmail.com,(620) 439-3110,Office Manager,,,,,erp,2025-05-26,wei,smith,,weismith0227@gmail.com,+16204393110,,weismith0227@gmail.com,+16204393110,wS530,sW000,,,,,,
C00062,,Olivia,Lee,,2573600039,CFO,,,,,billing,2023-09-30,olivia,lee,,,+12573600039,,,+12573600039,oL000,lO410,,,,,,
C00063,A00081,William,Martin Jr,william.martin@harborpointbakery.com,7145779907,Owner,1121 Oak Drive,Atlanta,GA,30348,crm,2025-04-04,william,martin,jr,william.martin@harborpointbakery.com,+17145779907,1121 oak dr,william.martin@harborpointbakery.com,+17145779907,wM635,mW450,wM635|harborpointbakery.com,wM635|1121|oak|303,mW450wM635|harborpointbakery.com,A00081,mW450wM635|A00081,wM635|A00081
C00064,A00162,Jennifer,Clark,jennifer.clark@beacondesign.com,3946907564,Director of Operations,,,,,web_form,2026-04-17,jennifer,clark,,jennifer.clark@beacondesign.com,+13946907564,,jennifer.clark@beacondesign.com,+13946907564,jC462,cJ516,jC462|beacondesign.com,,cJ516jC462|beacondesign.com,A00162,cJ516jC462|A00162,jC462|A00162
C00065,A00104,Bob,Brown,bob.brown@evergreenlandscaping.com,+1 929 879 6339,Purchasing Agent,,,,,billing,2024-12-23,robert,brown,,bob.brown@evergreenlandscaping.com,+19298796339,,bob.brown@evergreenlandscaping.com,+19298796339,rB650,bR163,rB650|evergreenlandscaping.com,,bR163rB650|evergreenlandscaping.com,A00104,bR163rB650|A00104,rB650|A00104
C00066,A00056,Daniel,Brown,,,Owner,,,,,erp,2024-06-21,daniel,brown,,,,,,,dB650,bD540,,,,A00056,bD540dB650|A00056,dB650|A00056
C00067,A00015,David,Hall,david.hall@meridianinsurance.com,261.351.5023,Purchasing Agent,,,,,web_form,2026-03-02,david,hall,,david.hall@meridianinsurance.com,+12613515023,,david.hall@meridianinsurance.com,+12613515023,dH400,hD130,dH400|meridianinsurance.com,,dH400hD130|meridianinsurance.com,A00015,dH400hD130|A00015,dH400|A00015
C00068,A00131,Yuki,Miller,yuki.miller@oakmontdental.com,(548) 957-2650,Owner,6187 Lake Boulevard,Austin,TX,78774,erp,2023-07-27,yuki,miller,,yuki.miller@oakmontdental.com,+15489572650,6187 lake blvd,yuki.miller@oakmontdental.com,+15489572650,yM460,mY200,yM460|oakmontdental.com,yM460|6187|lake|787,mY200yM460|oakmontdental.com,A00131,mY200yM460|A00131,yM460|A00131
C00069,A00134,Young,Lindda,,770-804-7840,Engineer,7156 MAIN AVE,Phoenix,AZ,85093,trade_show,2026-07-05,young,lindda,,,+17708047840,7156 main ave,,+17708047840,yL530,lY520,,yL530|7156|main|850,,A00134,lY520yL530|A00134,yL530|A00134
C00070,A00166,Omar,Martin,omar.martin.jr@keystonesoftware.com,565-814-9076,Office Manager,242 Oak Street,Denver,CO,80235,erp,2023-11-21,omar,martin,,omar.martin.jr@keystonesoftware.com,+15658149076,242 oak st,omar.martin.jr@keystonesoftware.com,+15658149076,oM635,mO560,oM635|keystonesoftware.com,oM635|242|oak|802,mO560oM635|keystonesoftware.com,A00166,mO560oM635|A00166,oM635|A00166
C00071,A00145,Carlos,Taylor,carlos.taylor@harborpointstaffing.com,(212) 442-6214,Office Manager,8832 Main Boulevard,Nashville,TN,37201,crm,2022-11-12,carlos,taylor,,carlos.taylor@harborpointstaffing.com,+12124426214,8832 main blvd,carlos.taylor@harborpointstaffing.com,+12124426214,cT460,tC642,cT460|harborpointstaffing.com,cT460|8832|main|372,cT460tC642|harborpointstaffing.com,A00145,cT460tC642|A00145,cT460|A00145
C00072,A00015,Margaret,Miller,margaret.miller@meridianinsurance.com,(481) 632-8245,Director of Operations,,,,,erp,2024-08-29,margaret,miller,,margaret.miller@meridianinsurance.com,+14816328245,,margaret.miller@meridianinsurance.com,+14816328245,mM460,mM626,mM460|meridianinsurance.com,,mM460mM626|meridianinsurance.com,A00015,mM460mM626|A00015,mM460|A00015
C00073,A00154,Hannah,Thomas,hannah.thomas@granitelandscaping.com,+1 488 612 4872,Office Manager,,,,,trade_show,2024-02-19,hannah,thomas,,hannah.thomas@granitelandscaping.com,+14886124872,,hannah.thomas@granitelandscaping.com,+14886124872,hT520,tH500,hT520|granitelandscaping.com,,hT520tH500|granitelandscaping.com,A00005,hT520tH500|A00005,hT520|A00005
C00074,A00155,Olivia,Young Jr,olivia.young.jr@ironwoodstaffing.com,(730) 510-4105,VP Sales,654 Oak Road,Denver,CO,80285,crm,2026-01-10,olivia,young,jr,olivia.young.jr@ironwoodstaffing.com,+17305104105,654 oak rd,olivia.young.jr@ironwoodstaffing.com,+17305104105,oY520,yO410,oY520|ironwoodstaffing.com,oY520|654|oak|802,oY520yO410|ironwoodstaffing.com,A00155,oY520yO410|A00155,oY520|A00155
C00075,A00083,Katherine,Nguyen Sr,katherine.nguyen@falcondesign.com,5616631850,Purchasing Agent,9136 Park Boulevard,Chicago,IL,60685,trade_show,2022-07-12,katherine,nguyen,sr,katherine.nguyen@falcondesign.com,+15616631850,9136 park blvd,katherine.nguyen@falcondesign.com,+15616631850,kN250,nK365,kN250|falcondesign.com,kN250|9136|park|606,kN250nK365|falcondesign.com,A00083,kN250nK365|A00083,kN250|A00083
C00076,A00074,William,Martin Sr,william.martin@harborpointbakery.com,7145779907,Owner,1121 Oak Drive,Atlanta,GA,30348,crm,2025-04-04,william,martin,sr,william.martin@harborpointbakery.com,+17145779907,1121 oak dr,william.martin@harborpointbakery.com,+17145779907,wM635,mW450,wM635|harborpointbakery.com,wM635|1121|oak|303,mW450wM635|harborpointbakery.com,A00074,mW450wM635|A00074,wM635|A00074
C00077,A00053,Priya,Walker,priya.walker.jr@silvercreekplumbing.com,983-336-6036,Director of Operations,1957 Church Road,Seattle,WA,98147,trade_show,2023-12-21,priya,walker,,priya.walker.jr@silvercreekplumbing.com,+19833366036,1957 church rd,priya.walker.jr@silvercreekplumbing.com,+19833366036,pW426,wP600,pW426|silvercreekplumbing.com,pW426|1957|church|981,pW426wP600|silvercreekplumbing.com,A00053,pW426wP600|A00053,pW426|A00053
C00078,,William,Jackson,elizabethjackson0199@gmail.com,879-990-5348,Director of Operations,,,,,crm,2022-10-28,william,jackson,,elizabethjackson0199@gmail.com,+18799905348,,elizabethjackson0199@gmail.com,+18799905348,wJ250,jW450,,,,,,
C00079,A00086,Hannah,Thompson,hannah.thompson@northgatedesign.com,+1 280 750 3201,Purchasing Agent,,,,,web_form,2025-08-30,hannah,thompson,,hannah.thompson@northgatedesign.com,+12807503201,,hannah.thompson@northgatedesign.com,+12807503201,hT512,tH500,hT512|northgatedesign.com,,hT512tH500|northgatedesign.com,A00086,hT512tH500|A00086,hT512|A00086
C00080,,Patricia,White,patriciawhite0166@gmail.com,+1 573 412 9221,Office Manager,9192 Lake Road,Boston,MA,02170,erp,2024-11-01,patricia,white,,patriciawhite0166@gmail.com,+15734129221,9192 lake rd,patriciawhite0166@gmail.com,+15734129221,pW300,wP362,,pW300|9192|lake|021,,,,
C00081,,James,Taylor,jamestaylor0222@gmail.com,(491) 681-4392,Director of Operations,,,,,crm,2023-04-12,james,taylor,,jamestaylor0222@gmail.com,+14916814392,,jamestaylor0222@gmail.com,+14916814392,jT460,tJ520,,,,,,
C00082,A00003,Joseph,Brown Jr,joseph.brown.jr@atlasinsurance.com,(322) 756-9204,Director of Operations,7523 Maple Drive,Chicago,IL,60612,erp,2025-11-19,joseph,brown,jr,joseph.brown.jr@atlasinsurance.com,+13227569204,7523 maple dr,joseph.brown.jr@atlasinsurance.com,+13227569204,jB650,bJ210,jB650|atlasinsurance.com,jB650|7523|maple|606,bJ210jB650|atlasinsurance.com,A00035,bJ210jB650|A00035,jB650|A00035
C00083,A00112,Richard,Clark,richard.clark@silvercreekstaffing.com,(599) 861-3155,CFO,,,,,billing,2024-02-29,richard,clark,,richard.clark@silvercreekstaffing.com,+15998613155,,richard.clark@silvercreekstaffing.com,+15998613155,rC462,cR263,rC462|silvercreekstaffing.com,,cR263rC462|silvercreekstaffing.com,A00112,cR263rC462|A00112,rC462|A00112
C00084,A00003,Joseph,Brown Sr,joseph.brown@atlasinsurance.com,(704) 420-6522,Office Manager,7523 Maple Drive,Chicago,IL,60612,erp,2025-11-19,joseph,brown,sr,joseph.brown@atlasinsurance.com,+17044206522,7523 maple dr,joseph.brown@atlasinsurance.com,+17044206522,jB650,bJ210,jB650|atlasinsurance.com,jB650|7523|maple|606,bJ210jB650|atlasinsurance.com,A00035,bJ210jB650|A00035,jB650|A00035
C00085,A00084,Yuki,Williams Jr,yuki.williams.jr@evergreeninsurance.com,783.678.1751,CFO,4592 Cedar Avenue,Denver,CO,80294,web_form,2024-06-25,yuki,williams,jr,yuki.williams.jr@evergreeninsurance.com,+17836781751,4592 cedar ave,yuki.williams.jr@evergreeninsurance.com,+17836781751,yW452,wY200,yW452|evergreeninsurance.com,yW452|4592|cedar|802,wY200yW452|evergreeninsurance.com,A00084,wY200yW452|A00084,yW452|A00084
C00086,A00053,Sarah,Thomas,sarah.thomas@silvercreekplumbing.com,+1 726 752 1090,VP Sales,,,,,crm,2025-06-30,sarah,thomas,,sarah.thomas@silvercreekplumbing.com,+17267521090,,sarah.thomas@silvercreekplumbing.com,+17267521090,sT520,tS600,sT520|silvercreekplumbing.com,,sT520tS600|silvercreekplumbing.com,A00053,sT520tS600|A00053,sT520|A00053
C00087,,Grace,Martinez,margaretmartinez0203@gmail.com,(817) 732-2550,Director of Operations,,,,,crm,2026-03-24,grace,martinez,,margaretmartinez0203@gmail.com,+18177322550,,margaretmartinez0203@gmail.com,+18177322550,gM635,mG620,,,,,,
C00088,A00017,Elizabeth,Davis,elizabeth.davis@cedardesign.com,304.611.1146,VP Sales,,,,,crm,2022-04-24,elizabeth,davis,,elizabeth.davis@cedardesign.com,+13046111146,,elizabeth.davis@cedardesign.com,+13046111146,eD120,dE421,eD120|cedardesign.com,,dE421eD120|cedardesign.com,A00017,dE421eD120|A00017,eD120|A00017
C00089,A00050,Hannah,Brown,hannah.brown@silvercreekanalytics.com,926-510-3356,Engineer,931 Washington Boulevard,Chicago,IL,60654,erp,2023-02-16,hannah,brown,,hannah.brown@silvercreekanalytics.com,+19265103356,931 washington blvd,hannah.brown@silvercreekanalytics.com,+19265103356,hB650,bH500,hB650|silvercreekanalytics.com,hB650|931|washington|606,bH500hB650|silvercreekanalytics.com,A00050,bH500hB650|A00050,hB650|A00050
C00090,A00078,Johnson,Marcs,,853-623-6507,VP Sales,3698 Elm Drive,Atlanta,GA,30302,crm,2023-10-11,johnson,marcs,,,+18536236507,3698 elm dr,,+18536236507,jM620,mJ525,,jM620|3698|elm|303,,A00078,jM620mJ525|A00078,jM620|A00078
C00091,A00008,Thomas,Young,thomas.young@keystonedesign.com,(312) 242-3289,CFO,8410 Elm Street,Austin,TX,78743,trade_show,2024-07-14,thomas,young,,thomas.young@keystonedesign.com,+13122423289,8410 elm st,thomas.young@keystonedesign.com,+13122423289,tY520,yT520,tY520|keystonedesign.com,tY520|8410|elm|787,tY520yT520|keystonedesign.com,A00008,tY520yT520|A00008,tY520|A00008
C00092,,Marcus,Rodriguez,marcusrodriguez0232@gmail.com,646-711-8166,CFO,4163 Park Avenue,Chicago,IL,60658,erp,2026-02-22,marcus,rodriguez,,marcusrodriguez0232@gmail.com,+16467118166,4163 park ave,marcusrodriguez0232@gmail.com,+16467118166,mR362,rM622,,mR362|4163|park|606,,,,
C00093,A00091,Olivia,Johnson Jr,olivia.johnson@blueridgelogistics.com,329-505-8687,Director of Operations,6912 Cedar Boulevard,Columbus,OH,43227,crm,2025-08-21,olivia,johnson,jr,olivia.johnson@blueridgelogistics.com,+13295058687,6912 cedar blvd,olivia.johnson@blueridgelogistics.com,+13295058687,oJ525,jO410,oJ525|blueridgelogistics.com,oJ525|6912|cedar|432,jO410oJ525|blueridgelogistics.com,A00091,jO410oJ525|A00091,oJ525|A00091
C00094,A00013,Marcus,Miller,marcus.miller@summitlogistics.com,873-882-7374,Engineer,,,,,billing,2023-06-19,marcus,miller,,marcus.miller@summitlogistics.com,+18738827374,,marcus.miller@summitlogistics.com,+18738827374,mM460,mM622,mM460|summitlogistics.com,,mM460mM622|summitlogistics.com,A00013,mM460mM622|A00013,mM460|A00013
C00095,,Luis,Garcia,luisgarcia0223@gmail.com,6583345996,VP Sales,,,,,trade_show,2022-02-25,luis,garcia,,luisgarcia0223@gmail.com,+16583345996,,luisgarcia0223@gmail.com,+16583345996,lG620,gL200,,,,,,
C00096,,David,Lopez,davidlopez0230@gmail.com,+1 232 942 0328,Owner,3199 Washington Drive,Atlanta,GA,30325,erp,2023-11-05,david,lopez,,davidlopez0230@gmail.com,+12329420328,3199 washington dr,davidlopez0230@gmail.com,+12329420328,dL120,lD130,,dL120|3199|washington|303,,,,
C00097,A00148,Grace,Wilson,grace.wilson@oakmontconsulting.com,291-775-9806,Office Manager,,,,,billing,2024-10-18,grace,wilson,,grace.wilson@oakmontconsulting.com,+12917759806,,grace.wilson@oakmontconsulting.com,+12917759806,gW425,wG620,gW425|oakmontconsulting.com,,gW425wG620|oakmontconsulting.com,A00138,gW425wG620|A00138,gW425|A00138
C00098,A00008,Margaret,Smith,margaret.smith@keystonedesign.com,4764173497,Owner,,,,,trade_show,2022-11-04,margaret,smith,,margaret.smith@keystonedesign.com,+14764173497,,margaret.smith@keystonedesign.com,+14764173497,mS530,sM626,mS530|keystonedesign.com,,mS530sM626|keystonedesign.com,A00008,mS530sM626|A00008,mS530|A00008
C00099,A00156,William,Lewis Jr,william.lewis.jr@keystoneelectric.com,603.914.3524,Office Manager,8321 Church Road,Phoenix,AZ,85075,trade_show,2024-07-17,william,lewis,jr,william.lewis.jr@keystoneelectric.com,+16039143524,8321 church rd,william.lewis.jr@keystoneelectric.com,+16039143524,wL200,lW450,wL200|keystoneelectric.com,wL200|8321|church|850,lW450wL200|keystoneelectric.com,A00156,lW450wL200|A00156,wL200|A00156
C00100,A00021,Linda,Rodriguez,lindarodriguez0030@gmail.com,853-507-9962,VP Sales,,,,,trade_show,2023-05-19,linda,rodriguez,,lindarodriguez0030@gmail.com,+18535079962,,lindarodriguez0030@gmail.com,+18535079962,lR362,rL530,,,,A00021,lR362rL530|A00021,lR362|A00021
C00101,A00027,Hannah,Moore Jr,hannah.moore@atlasdesign.com,+1 265 218 3990,Owner,,,,,billing,2025-07-02,hannah,moore,jr,hannah.moore@atlasdesign.com,+12652183990,,hannah.moore@atlasdesign.com,+12652183990,hM600,mH500,hM600|atlasdesign.com,,hM600mH500|atlasdesign.com,A00027,hM600mH500|A00027,hM600|A00027
C00102,A00135,Yuki,Jackson,yuki.jackson@harborpointplumbing.com,+1 610 796 0491,CFO,,,,,billing,2025-12-07,yuki,jackson,,yuki.jackson@harborpointplumbing.com,+16107960491,,yuki.jackson@harborpointplumbing.com,+16107960491,yJ250,jY200,yJ250|harborpointplumbing.com,,jY200yJ250|harborpointplumbing.com,A00135,jY200yJ250|A00135,yJ250|A00135
C00103,A00041,Aisha,Hall,aisha.hall@northgatelogistics.com,421.439.1025,Engineer,4231 Lake Boulevard,Chicago,IL,60618,erp,2022-02-20,aisha,hall,,aisha.hall@northgatelogistics.com,+14214391025,4231 lake blvd,aisha.hall@northgatelogistics.com,+14214391025,aH400,hA200,aH400|northgatelogistics.com,aH400|4231|lake|606,aH400hA200|northgatelogistics.com,A00023,aH400hA200|A00023,aH400|A00023
C00104,A00112,Richard,Clark,richard.clark@silvercreekstaffing.com,+1 228 775 9593,Engineer,,,,,web_form,2022-10-26,richard,clark,,richard.clark@silvercreekstaffing.com,+12287759593,,richard.clark@silvercreekstaffing.com,+12287759593,rC462,cR263,rC462|silvercreekstaffing.com,,cR263rC462|silvercreekstaffing.com,A00112,cR263rC462|A00112,rC462|A00112
C00105,A00008,James,Garcia Jr,james.garcia.jr@keystonedesign.com,850-549-3594,Owner,9217 Sunset Avenue,Phoenix,AZ,85003,web_form,2026-06-02,james,garcia,jr,james.garcia.jr@keystonedesign.com,+18505493594,9217 sunset ave,james.garcia.jr@keystonedesign.com,+18505493594,jG620,gJ520,jG620|keystonedesign.com,jG620|9217|sunset|850,gJ520jG620|keystonedesign.com,A00008,gJ520jG620|A00008,jG620|A00008
C00106,A00059,Elizabeth,Lewis,elizabeth.lewis@sterlinganalytics.com,(312) 848-5849,VP Sales,,,,,billing,2026-07-13,elizabeth,lewis,,elizabeth.lewis@sterlinganalytics.com,+13128485849,,elizabeth.lewis@sterlinganalytics.com,+13128485849,eL200,lE421,eL200|sterlinganalytics.com,,eL200lE421|sterlinganalytics.com,A00059,eL200lE421|A00059,eL200|A00059
C00107,A00134,James,Lee,sales@brightpathlandscaping.com,,Owner,,,,,crm,2024-04-04,james,lee,,sales@brightpathlandscaping.com,,,,,jL000,lJ520,jL000|brightpathlandscaping.com,,jL000lJ520|brightpathlandscaping.com,A00134,jL000lJ520|A00134,jL000|A00134
C00108,A00131,Yuki,Miller,yuki.miller.jr@oakmontdental.com,325-817-3267,CFO,6187 Lake Boulevard,Austin,TX,78774,erp,2023-07-27,yuki,miller,,yuki.miller.jr@oakmontdental.com,+13258173267,6187 lake blvd,yuki.miller.jr@oakmontdental.com,+13258173267,yM460,mY200,yM460|oakmontdental.com,yM460|6187|lake|787,mY200yM460|oakmontdental.com,A00131,mY200yM460|A00131,yM460|A00131
C00109,A00078,Marcus,Johnson,marcus.johnson@ironwooddental.com,853.623.6507,VP Sales,3698 Elm Drive,Atlanta,GA,30302,crm,2024-11-18,marcus,johnson,,marcus.johnson@ironwooddental.com,+18536236507,3698 elm dr,marcus.johnson@ironwooddental.com,+18536236507,mJ525,jM622,mJ525|ironwooddental.com,mJ525|3698|elm|303,jM622mJ525|ironwooddental.com,A00078,jM622mJ525|A00078,mJ525|A00078
C00110,A00051,Thompson,Danieel,,568.269.8164,CFO,1229 Cedar Street,Nashville,TN,37270,trade_show,2022-07-02,thompson,danieel,,,+15682698164,1229 cedar st,,+15682698164,tD540,dT512,,tD540|1229|cedar|372,,A00051,dT512tD540|A00051,tD540|A00051
C00111,A00113,Christopher,Lewis,christopher.lewis@falcondental.com,2562534553,CFO,,,,,crm,2026-01-26,christopher,lewis,,christopher.lewis@falcondental.com,+12562534553,,christopher.lewis@falcondental.com,+12562534553,cL200,lC623,cL200|falcondental.com,,cL200lC623|falcondental.com,A00113,cL200lC623|A00113,cL200|A00113
C00112,A00019,Kevin,Moore,sales@ironwoodsoftware.com,819-337-2910,Office Manager,,,,,billing,2024-12-17,kevin,moore,,sales@ironwoodsoftware.com,+18193372910,,,+18193372910,kM600,mK150,kM600|ironwoodsoftware.com,,kM600mK150|ironwoodsoftware.com,A00019,kM600mK150|A00019,kM600|A00019
C00113,A00008,James,Garcia Sr,james.garcia@keystonedesign.com,568-384-5249,Engineer,9217 Sunset Avenue,Phoenix,AZ,85003,web_form,2026-06-02,james,garcia,sr,james.garcia@keystonedesign.com,+15683845249,9217 sunset ave,james.garcia@keystonedesign.com,+15683845249,jG620,gJ520,jG620|keystonedesign.com,jG620|9217|sunset|850,gJ520jG620|keystonedesign.com,A00008,gJ520jG620|A00008,jG620|A00008
C00114,A00015,Elizabeth,Lopez,elizabeth.lopez@meridianinsurance.com,+1 573 243 5363,Purchasing Agent,1825 Oak Road,Phoenix,AZ,85064,trade_show,2022-01-20,elizabeth,lopez,,elizabeth.lopez@meridianinsurance.com,+15732435363,1825 oak rd,elizabeth.lopez@meridianinsurance.com,+15732435363,eL120,lE421,eL120|meridianinsurance.com,eL120|1825|oak|850,eL120lE421|meridianinsurance.com,A00015,eL120lE421|A00015,eL120|A00015
C00115,A00072,Luis,Anderson,luis.anderson.jr@copperhillelectric.com,812-225-4841,Office Manager,9103 Washington Street,Nashville,TN,37268,trade_show,2024-01-02,luis,anderson,,luis.anderson.jr@copperhillelectric.com,+18122254841,9103 washington st,luis.anderson.jr@copperhillelectric.com,+18122254841,lA536,aL200,lA536|copperhillelectric.com,lA536|9103|washington|372,aL200lA536|copperhillelectric.com,A00072,aL200lA536|A00072,lA536|A00072
C00116,,Grace,Moore,gracemoore0140@gmail.com,589.384.6828,Owner,,,,,web_form,2025-09-17,grace,moore,,gracemoore0140@gmail.com,+15893846828,,gracemoore0140@gmail.com,+15893846828,gM600,mG620,,,,,,
C00117,,David,Anderson,davidanderson0224@gmail.com,658-334-5996,CFO,,,,,crm,2025-10-13,david,anderson,,davidanderson0224@gmail.com,+16583345996,,davidanderson0224@gmail.com,+16583345996,dA536,aD130,,,,,,
C00118,,Daniel,Miller,weimiller0201@gmail.com,730-227-0327,Owner,,,,,billing,2026-08-27,daniel,miller,,weimiller0201@gmail.com,+17302270327,,weimiller0201@gmail.com,+17302270327,dM460,mD540,,,,,,
C00119,,Jennifer,Walker,,(466) 411-4213,Owner,,,,,web_form,2024-07-29,jennifer,walker,,,+14664114213,,,+14664114213,jW426,wJ516,,,,,,
C00120,A00027,Carlos,Harris,carlos.harris@atlasdesign.com,+1 781 238 9179,VP Sales,,,,,erp,2025-10-10,carlos,harris,,carlos.harris@atlasdesign.com,+17812389179,,carlos.harris@atlasdesign.com,+17812389179,cH620,hC642,cH620|atlasdesign.com,,cH620hC642|atlasdesign.com,A00027,cH620hC642|A00027,cH620|A00027
C00121,A00117,Luis,Kim,luiskim0028@gmail.com,285-256-1762,CFO,,,,,erp,2023-07-06,luis,kim,,luiskim0028@gmail.com,+12852561762,,luiskim0028@gmail.com,+12852561762,lK500,kL200,,,,A00117,kL200lK500|A00117,lK500|A00117
C00122,A00025,William,Johnson Jr,william.johnson.jr@evergreenlegalservices.com,+1 333 961 3833,VP Sales,4947 Main Road,Portland,OR,97219,trade_show,2022-05-16,william,johnson,jr,william.johnson.jr@evergreenlegalservices.com,+13339613833,4947 main rd,william.johnson.jr@evergreenlegalservices.com,+13339613833,wJ525,jW450,wJ525|evergreenlegalservices.com,wJ525|4947|main|972,jW450wJ525|evergreenlegalservices.com,A00142,jW450wJ525|A00142,wJ525|A00142
C00123,A00119,Wei,Harris,wei.harris@atlasstaffing.com,950-986-1722,VP Sales,,,,,billing,2024-07-28,wei,harris,,wei.harris@atlasstaffing.com,+19509861722,,wei.harris@atlasstaffing.com,+19509861722,wH620,hW000,wH620|atlasstaffing.com,,hW000wH620|atlasstaffing.com,A00119,hW000wH620|A00119,wH620|A00119
C00124,A00026,Mike,Lee,mike.lee@falconlogistics.com,(576) 298-1997,VP Sales,,,,,billing,2023-10-13,michael,lee,,mike.lee@falconlogistics.com,+15762981997,,mike.lee@falconlogistics.com,+15762981997,mL000,lM240,mL000|falconlogistics.com,,lM240mL000|falconlogistics.com,A00026,lM240mL000|A00026,mL000|A00026
C00125,,Carlos,Harris,,,VP Sales,,,,,erp,2026-06-13,carlos,harris,,,,,,,cH620,hC642,,,,,,
C00126,A00072,Jennifer,Thompson Jr,jennifer.thompson.jr@copperhillelectric.com,+1 804 320 8623,Office Manager,4977 Park Drive,Austin,TX,78772,billing,2025-05-20,jennifer,thompson,jr,jennifer.thompson.jr@copperhillelectric.com,+18043208623,4977 park dr,jennifer.thompson.jr@copperhillelectric.com,+18043208623,jT512,tJ516,jT512|copperhillelectric.com,jT512|4977|park|787,jT512tJ516|copperhillelectric.com,A00072,jT512tJ516|A00072,jT512|A00072
C00127,A00147,William,Lopez Jr,william.lopez@northgatedesign.com,(348) 807-2339,Purchasing Agent,,,,,erp,2024-01-14,william,lopez,jr,william.lopez@northgatedesign.com,+13488072339,,william.lopez@northgatedesign.com,+13488072339,wL120,lW450,wL120|northgatedesign.com,,lW450wL120|northgatedesign.com,A00086,lW450wL120|A00086,wL120|A00086
C00128,A00162,Sarah,Thomas,sarah.thomas@beacondesign.com,5269485414,Office Manager,,,,,erp,2026-06-21,sarah,thomas,,sarah.thomas@beacondesign.com,+15269485414,,sarah.thomas@beacondesign.com,+15269485414,sT520,tS600,sT520|beacondesign.com,,sT520tS600|beacondesign.com,A00162,sT520tS600|A00162,sT520|A00162
C00129,A00046,Sarah,Moore,sarah.moore@meridianlegalservices.com,3413943795,Owner,,,,,trade_show,2026-04-27,sarah,moore,,sarah.moore@meridianlegalservices.com,+13413943795,,sarah.moore@meridianlegalservices.com,+13413943795,sM600,mS600,sM600|meridianlegalservices.com,,mS600sM600|meridianlegalservices.com,A00046,mS600sM600|A00046,sM600|A00046
C00130,A00155,Olivia,Young,olivia.young@ironwoodstaffing.com,+1 233 945 9713,Purchasing Agent,654 Oak Road,Denver,CO,80285,crm,2026-01-10,olivia,young,,olivia.young@ironwoodstaffing.com,+12339459713,654 oak rd,olivia.young@ironwoodstaffing.com,+12339459713,oY520,yO410,oY520|ironwoodstaffing.com,oY520|654|oak|802,oY520yO410|ironwoodstaffing.com,A00155,oY520yO410|A00155,oY520|A00155
C00131,A00013,Omar,Moore,omar.moore@summitlogistics.com,+1 514 597 1166,Owner,400 Park Street,Phoenix,AZ,85020,erp,2022-11-14,omar,moore,,omar.moore@summitlogistics.com,+15145971166,400 park st,omar.moore@summitlogistics.com,+15145971166,oM600,mO560,oM600|summitlogistics.com,oM600|400|park|850,mO560oM600|summitlogistics.com,A00013,mO560oM600|A00013,oM600|A00013
C00132,A00030,Linda,Thomas Sr,linda.thomas@pioneeranalytics.com,944-530-8306,Director of Operations,4634 Oak Street,Seattle,WA,98166,erp,2023-11-09,linda,thomas,sr,linda.thomas@pioneeranalytics.com,+19445308306,4634 oak st,linda.thomas@pioneeranalytics.com,+19445308306,lT520,tL530,lT520|pioneeranalytics.com,lT520|4634|oak|981,lT520tL530|pioneeranalytics.com,A00030,lT520tL530|A00030,lT520|A00030
C00133,A00042,James,Young,james.young@ironwoodelectric.com,+1 611 249 9525,CFO,,,,,crm,2023-09-11,james,young,,james.young@ironwoodelectric.com,+16112499525,,james.young@ironwoodelectric.com,+16112499525,jY520,yJ520,jY520|ironwoodelectric.com,,jY520yJ520|ironwoodelectric.com,A00042,jY520yJ520|A00042,jY520|A00042
C00134,A00167,Richard,Thomas,richard.thomas@falconplumbing.com,6775700541,Purchasing Agent,5519 Sunset Street,Seattle,WA,98113,erp,2023-04-26,richard,thomas,,richard.thomas@falconplumbing.com,+16775700541,5519 sunset st,richard.thomas@falconplumbing.com,+16775700541,rT520,tR263,rT520|falconplumbing.com,rT520|5519|sunset|981,rT520tR263|falconplumbing.com,A00167,rT520tR263|A00167,rT520|A00167
C00135,A00107,Margaret,Allen,margaret.allen@falconelectric.com,(335) 259-1204,VP Sales,,,,,billing,2022-02-04,margaret,allen,,margaret.allen@falconelectric.com,+13352591204,,margaret.allen@falconelectric.com,+13352591204,mA450,aM626,mA450|falconelectric.com,,aM626mA450|falconelectric.com,A00107,aM626mA450|A00107,mA450|A00107
C00136,A00133,Carlos,Harris,support@atlassoftware.com,517-781-5839,Engineer,,,,,billing,2024-09-17,carlos,harris,,support@atlassoftware.com,+15177815839,,,+15177815839,cH620,hC642,cH620|atlassoftware.com,,cH620hC642|atlassoftware.com,A00133,cH620hC642|A00133,cH620|A00133
C00137,A00168,Luis,Clark,luis.clark@redwooddesign.com,7413501636,Director of Operations,,,,,billing,2026-08-24,luis,clark,,luis.clark@redwooddesign.com,+17413501636,,luis.clark@redwooddesign.com,+17413501636,lC462,cL200,lC462|redwooddesign.com,,cL200lC462|redwooddesign.com,A00168,cL200lC462|A00168,lC462|A00168
C00138,A00139,Robert,Williams,robert.williams@cedarbakery.com,582.578.8203,Owner,,,,,erp,2022-01-02,robert,williams,,robert.williams@cedarbakery.com,+15825788203,,robert.williams@cedarbakery.com,+15825788203,rW452,wR163,rW452|cedarbakery.com,,rW452wR163|cedarbakery.com,A00139,rW452wR163|A00139,rW452|A00139
C00139,,Michael,Thomas,,554-813-7847,Director of Operations,,,,,crm,2023-02-25,michael,thomas,,,+15548137847,,,+15548137847,mT520,tM240,,,,,,
C00140,,Thomas,Taylor,thomastaylor0207@gmail.com,4383908055,CFO,,,,,web_form,2024-03-04,thomas,taylor,,thomastaylor0207@gmail.com,+14383908055,,thomastaylor0207@gmail.com,+14383908055,tT460,tT520,,,,,,
C00141,A00015,Carlos,Smith,carlos.smith@meridianinsurance.com,828-888-5525,Office Manager,3926 Elm Boulevard,Columbus,OH,43273,billing,2022-08-17,carlos,smith,,carlos.smith@meridianinsurance.com,+18288885525,3926 elm blvd,carlos.smith@meridianinsurance.com,+18288885525,cS530,sC642,cS530|meridianinsurance.com,cS530|3926|elm|432,cS530sC642|meridianinsurance.com,A00015,cS530sC642|A00015,cS530|A00015
C00142,A00017,Kevin,Brown,kevin.brown@cedardesign.com,+1 994 402 5941,Purchasing Agent,,,,,erp,2023-01-20,kevin,brown,,kevin.brown@cedardesign.com,+19944025941,,kevin.brown@cedardesign.com,+19944025941,kB650,bK150,kB650|cedardesign.com,,bK150kB650|cedardesign.com,A00017,bK150kB650|A00017,kB650|A00017
C00143,A00021,Linda,Rodriguez,linda.rodriguez@beaconelectric.com,853-507-9962,VP Sales,,,,,web_form,2024-12-05,linda,rodriguez,,linda.rodriguez@beaconelectric.com,+18535079962,,linda.rodriguez@beaconelectric.com,+18535079962,lR362,rL530,lR362|beaconelectric.com,,lR362rL530|beaconelectric.com,A00021,lR362rL530|A00021,lR362|A00021
C00144,A00055,Daniel,Williams,daniel.williams@atlasstaffing.com,6095227327,CFO,,,,,web_form,2023-06-28,daniel,williams,,daniel.williams@atlasstaffing.com,+16095227327,,daniel.williams@atlasstaffing.com,+16095227327,dW452,wD540,dW452|atlasstaffing.com,,dW452wD540|atlasstaffing.com,A00119,dW452wD540|A00119,dW452|A00119
C00145,A00162,S.,Thomas,,,Office Manager,,,,,billing,2023-03-31,s,thomas,,,,,,,sT520,tS000,,,,A00162,sT520tS000|A00162,sT520|A00162
C00146,,Omar,Patel,omarpatel0184@gmail.com,+1 470 880 2721,Owner,5012 Park Road,Atlanta,GA,30345,billing,2023-02-17,omar,patel,,omarpatel0184@gmail.com,+14708802721,5012 park rd,omarpatel0184@gmail.com,+14708802721,oP340,pO560,,oP340|5012|park|303,,,,
C00147,A00042,Joseph,Johnson Sr,joseph.johnson@ironwoodelectric.com,617.319.0227,Engineer,2826 Cedar Road,Denver,CO,80203,trade_show,2022-08-31,joseph,johnson,sr,joseph.johnson@ironwoodelectric.com,+16173190227,2826 cedar rd,joseph.johnson@ironwoodelectric.com,+16173190227,jJ525,jJ210,jJ525|ironwoodelectric.com,jJ525|2826|cedar|802,jJ210jJ525|ironwoodelectric.com,A00042,jJ210jJ525|A00042,jJ525|A00042
C00148,A00046,Maria,White,support@meridianlegalservices.com,+1 414 629 3565,Director of Operations,,,,,crm,2025-07-22,maria,white,,support@meridianlegalservices.com,+14146293565,,,+14146293565,mW300,wM600,mW300|meridianlegalservices.com,,mW300wM600|meridianlegalservices.com,A00046,mW300wM600|A00046,mW300|A00046
C00149,A00091,Marcus,Miller,marcus.miller@blueridgelogistics.com,577.441.3123,VP Sales,12 Lake Boulevard,Phoenix,AZ,85019,erp,2022-01-12,marcus,miller,,marcus.miller@blueridgelogistics.com,+15774413123,12 lake blvd,marcus.miller@blueridgelogistics.com,+15774413123,mM460,mM622,mM460|blueridgelogistics.com,mM460|12|lake|850,mM460mM622|blueridgelogistics.com,A00091,mM460mM622|A00091,mM460|A00091
C00150,A00117,Katherine,Hall,katherine.hall@evergreenplumbing.com,+1 774 406 4123,CFO,,,,,erp,2024-10-27,katherine,hall,,katherine.hall@evergreenplumbing.com,+17744064123,,katherine.hall@evergreenplumbing.com,+17744064123,kH400,hK365,kH400|evergreenplumbing.com,,hK365kH400|evergreenplumbing.com,A00117,hK365kH400|A00117,kH400|A00117
C00151,A00013,Moore,Richaard,,516.317.3516,Purchasing Agent,,,,,trade_show,2024-06-05,moore,richaard,,,+15163173516,,,+15163173516,mR263,rM600,,,,A00013,mR263rM600|A00013,mR263|A00013
C00152,A00077,Michael,Martinez,michael.martinez@stonebridgelandscaping.com,(708) 968-5038,CFO,,,,,crm,2025-02-26,michael,martinez,,michael.martinez@stonebridgelandscaping.com,+17089685038,,michael.martinez@stonebridgelandscaping.com,+17089685038,mM635,mM240,mM635|stonebridgelandscaping.com,,mM240mM635|stonebridgelandscaping.com,A00077,mM240mM635|A00077,mM635|A00077
C00153,,Michael,Thomas,,,Director of Operations,,,,,trade_show,2024-05-26,michael,thomas,,,,,,,mT520,tM240,,,,,,
C00154,A00169,Priya,Lee,priya.lee@evergreendental.com,+1 319 600 8318,Owner,6931 Washington Drive,Boston,MA,02148,web_form,2025-11-22,priya,lee,,priya.lee@evergreendental.com,+13196008318,6931 washington dr,priya.lee@evergreendental.com,+13196008318,pL000,lP600,pL000|evergreendental.com,pL000|6931|washington|021,lP600pL000|evergreendental.com,A00169,lP600pL000|A00169,pL000|A00169
C00155,A00103,Grace,Lopez Jr,grace.lopez@harborpointconsulting.com,3558343787,Engineer,4995 Hill Boulevard,Seattle,WA,98123,billing,2022-12-22,grace,lopez,jr,grace.lopez@harborpointconsulting.com,+13558343787,4995 hill blvd,grace.lopez@harborpointconsulting.com,+13558343787,gL120,lG620,gL120|harborpointconsulting.com,gL120|4995|hill|981,gL120lG620|harborpointconsulting.com,A00103,gL120lG620|A00103,gL120|A00103
C00156,A00156,Richard,Lewis Sr,richard.lewis@keystoneelectric.com,(463) 949-5023,Owner,2250 Main Drive,Nashville,TN,37292,trade_show,2024-04-10,richard,lewis,sr,richard.lewis@keystoneelectric.com,+14639495023,2250 main dr,richard.lewis@keystoneelectric.com,+14639495023,rL200,lR263,rL200|keystoneelectric.com,rL200|2250|main|372,lR263rL200|keystoneelectric.com,A00156,lR263rL200|A00156,rL200|A00156
C00157,A00055,Margaret,Hall,margaret.hall@atlasstaffing.com,7095172666,VP Sales,,,,,crm,2022-12-11,margaret,hall,,margaret.hall@atlasstaffing.com,+17095172666,,margaret.hall@atlasstaffing.com,+17095172666,mH400,hM626,mH400|atlasstaffing.com,,hM626mH400|atlasstaffing.com,A00119,hM626mH400|A00119,mH400|A00119
C00158,A00125,Carlos,Thomas,,,Engineer,,,,,crm,2025-12-16,carlos,thomas,,,,,,,cT520,tC642,,,,A00168,cT520tC642|A00168,cT520|A00168
C00159,A00152,R.,Wilson,,268-792-3371,Office Manager,,,,,erp,2022-12-22,r,wilson,,,+12687923371,,,+12687923371,rW425,wR000,,,,A00127,rW425wR000|A00127,rW425|A00127
C00160,,Anthony,Lewis,anthonylewis0042@gmail.com,261-301-8609,VP Sales,,,,,trade_show,2026-08-03,anthony,lewis,,anthonylewis0042@gmail.com,+12613018609,,anthonylewis0042@gmail.com,+12613018609,aL200,lA535,,,,,,
C00161,A00111,Christopher,Walker Jr.,christopherwalker0263@gmail.com,+1 449 563 3513,VP Sales,,,,,crm,2025-11-16,christopher,walker,jr,christopherwalker0263@gmail.com,+14495633513,,christopherwalker0263@gmail.com,+14495633513,cW426,wC623,,,,A00111,cW426wC623|A00111,cW426|A00111
C00162,A00066,Marcus,Lewis,marcus.lewis@atlasconsulting.com,2162021269,Director of Operations,6564 Cedar Avenue,Phoenix,AZ,85011,trade_show,2023-01-06,marcus,lewis,,marcus.lewis@atlasconsulting.com,+12162021269,6564 cedar ave,marcus.lewis@atlasconsulting.com,+12162021269,mL200,lM622,mL200|atlasconsulting.com,mL200|6564|cedar|850,lM622mL200|atlasconsulting.com,A00066,lM622mL200|A00066,mL200|A00066
C00163,A00150,Omar,Kim,,,VP Sales,,,,,crm,2022-08-13,omar,kim,,,,,,,oK500,kO560,,,,A00150,kO560oK500|A00150,oK500|A00150
C00164,A00136,Richard,Moore,richard.moore@summitlogistics.com,516.317.3516,Purchasing Agent,,,,,web_form,2023-03-15,richard,moore,,richard.moore@summitlogistics.com,+15163173516,,richard.moore@summitlogistics.com,+15163173516,rM600,mR263,rM600|summitlogistics.com,,mR263rM600|summitlogistics.com,A00013,mR263rM600|A00013,rM600|A00013
C00165,A00133,Sarah,Lewis,support@atlassoftware.com,+1 265 929 6107,VP Sales,,,,,web_form,2025-08-18,sarah,lewis,,support@atlassoftware.com,+12659296107,,,+12659296107,sL200,lS600,sL200|atlassoftware.com,,lS600sL200|atlassoftware.com,A00133,lS600sL200|A00133,sL200|A00133
C00166,A00037,Omar,Kim,omar.kim@copperhilllandscaping.com,3982009013,VP Sales,,,,,trade_show,2022-01-11,omar,kim,,omar.kim@copperhilllandscaping.com,+13982009013,,omar.kim@copperhilllandscaping.com,+13982009013,oK500,kO560,oK500|copperhilllandscaping.com,,kO560oK500|copperhilllandscaping.com,A00150,kO560oK500|A00150,oK500|A00150
C00167,A00077,Carlos,Young,carlos.young@stonebridgelandscaping.com,+1 866 746 7024,Owner,,,,,erp,2025-10-17,carlos,young,,carlos.young@stonebridgelandscaping.com,+18667467024,,carlos.young@stonebridgelandscaping.com,+18667467024,cY520,yC642,cY520|stonebridgelandscaping.com,,cY520yC642|stonebridgelandscaping.com,A00077,cY520yC642|A00077,cY520|A00077
C00168,A00122,Robert,Hall,robert.hall@ironwoodlandscaping.com,978.357.1736,Purchasing Agent,,,,,web_form,2024-12-07,robert,hall,,robert.hall@ironwoodlandscaping.com,+19783571736,,robert.hall@ironwoodlandscaping.com,+19783571736,rH400,hR163,rH400|ironwoodlandscaping.com,,hR163rH400|ironwoodlandscaping.com,A00122,hR163rH400|A00122,rH400|A00122
C00169,,Marcus,Young,marcusyoung0130@gmail.com,(886) 421-3370,VP Sales,2145 Maple Drive,Austin,TX,78792,trade_show,2023-02-19,marcus,young,,marcusyoung0130@gmail.com,+18864213370,2145 maple dr,marcusyoung0130@gmail.com,+18864213370,mY520,yM622,,mY520|2145|maple|787,,,,
C00170,A00141,Pat,Lewis,pat.lewis@silvercreeklogistics.com,+1 226 683 0255,Owner,609 LAKE BLVD,Austin,TX,78719,crm,2022-09-19,patricia,lewis,,pat.lewis@silvercreeklogistics.com,+12266830255,609 lake blvd,pat.lewis@silvercreeklogistics.com,+12266830255,pL200,lP362,pL200|silvercreeklogistics.com,pL200|609|lake|787,lP362pL200|silvercreeklogistics.com,A00141,lP362pL200|A00141,pL200|A00141
C00171,A00138,Margaret,Rodriguez,margaret.rodriguez@oakmontconsulting.com,(295) 327-2230,Office Manager,,,,,billing,2022-01-12,margaret,rodriguez,,margaret.rodriguez@oakmontconsulting.com,+12953272230,,margaret.rodriguez@oakmontconsulting.com,+12953272230,mR362,rM626,mR362|oakmontconsulting.com,,mR362rM626|oakmontconsulting.com,A00138,mR362rM626|A00138,mR362|A00138
C00172,A00004,Richard,Harris,richard.harris@pioneerconsulting.com,680-940-1497,Office Manager,,,,,trade_show,2024-12-12,richard,harris,,richard.harris@pioneerconsulting.com,+16809401497,,richard.harris@pioneerconsulting.com,+16809401497,rH620,hR263,rH620|pioneerconsulting.com,,hR263rH620|pioneerconsulting.com,A00004,hR263rH620|A00004,rH620|A00004
C00173,,Anthony,White,anthonywhite0220@gmail.com,888.828.2532,Purchasing Agent,,,,,billing,2024-08-17,anthony,white,,anthonywhite0220@gmail.com,+18888282532,,anthonywhite0220@gmail.com,+18888282532,aW300,wA535,,,,,,
C00174,A00088,Patricia,Allen,patricia.allen@oakmontlandscaping.com,(519) 983-7365,Office Manager,9301 Church Drive,Austin,TX,78781,erp,2024-01-25,patricia,allen,,patricia.allen@oakmontlandscaping.com,+15199837365,9301 church dr,patricia.allen@oakmontlandscaping.com,+15199837365,pA450,aP362,pA450|oakmontlandscaping.com,pA450|9301|church|787,aP362pA450|oakmontlandscaping.com,A00088,aP362pA450|A00088,pA450|A00088
C00175,A00031,Patricia,Patel,ppatel@blueridgelandscaping.com,4939913794,VP Sales,,,,,trade_show,2025-04-02,patricia,patel,,ppatel@blueridgelandscaping.com,+14939913794,,ppatel@blueridgelandscaping.com,+14939913794,pP340,pP362,pP340|blueridgelandscaping.com,,pP340pP362|blueridgelandscaping.com,A00031,pP340pP362|A00031,pP340|A00031
C00176,A00046,Nathan,Thompson,nathan.thompson@meridianlegalservices.com,421-925-2009,Office Manager,,,,,crm,2025-11-27,nathan,thompson,,nathan.thompson@meridianlegalservices.com,+14219252009,,nathan.thompson@meridianlegalservices.com,+14219252009,nT512,tN350,nT512|meridianlegalservices.com,,nT512tN350|meridianlegalservices.com,A00046,nT512tN350|A00046,nT512|A00046
C00177,A00168,Jennifer,Young,office@redwooddesign.com,4114090267,VP Sales,5735 Maple Boulevard,Chicago,IL,60617,web_form,2023-03-03,jennifer,young,,office@redwooddesign.com,+14114090267,5735 maple blvd,,+14114090267,jY520,yJ516,jY520|redwooddesign.com,jY520|5735|maple|606,jY520yJ516|redwooddesign.com,A00168,jY520yJ516|A00168,jY520|A00168
C00178,,Omar,Williams,omarwilliams0134@gmail.com,(701) 625-3943,VP Sales,,,,,trade_show,2024-09-04,omar,williams,,omarwilliams0134@gmail.com,+17016253943,,omarwilliams0134@gmail.com,+17016253943,oW452,wO560,,,,,,
C00179,A00033,Wei,Thompson,wei.thompson@cedarconsulting.com,2893857615,Office Manager,,,,,erp,2022-06-27,wei,thompson,,wei.thompson@cedarconsulting.com,+12893857615,,wei.thompson@cedarconsulting.com,+12893857615,wT512,tW000,wT512|cedarconsulting.com,,tW000wT512|cedarconsulting.com,A00130,tW000wT512|A00130,wT512|A00130
C00180,A00152,William,Moore,william.moore@keystonelandscaping.com,2608764208,Owner,,,,,erp,2022-01-06,william,moore,,william.moore@keystonelandscaping.com,+12608764208,,william.moore@keystonelandscaping.com,+12608764208,wM600,mW450,wM600|keystonelandscaping.com,,mW450wM600|keystonelandscaping.com,A00127,mW450wM600|A00127,wM600|A00127
C00181,A00156,William,Lewis Sr,william.lewis@keystoneelectric.com,(270) 496-2938,Purchasing Agent,8321 Church Road,Phoenix,AZ,85075,trade_show,2024-07-17,william,lewis,sr,william.lewis@keystoneelectric.com,+12704962938,8321 church rd,william.lewis@keystoneelectric.com,+12704962938,wL200,lW450,wL200|keystoneelectric.com,wL200|8321|church|850,lW450wL200|keystoneelectric.com,A00156,lW450wL200|A00156,wL200|A00156
C00182,A00052,Elizabeth,Lewis,elizabeth.lewis@pioneerinsurance.com,+1 254 240 2002,VP Sales,,,,,crm,2024-02-10,elizabeth,lewis,,elizabeth.lewis@pioneerinsurance.com,+12542402002,,elizabeth.lewis@pioneerinsurance.com,+12542402002,eL200,lE421,eL200|pioneerinsurance.com,,eL200lE421|pioneerinsurance.com,A00052,eL200lE421|A00052,eL200|A00052
C00183,A00150,Christopher,Kim,christopher.kim@copperhilllandscaping.com,2783115625,CFO,,,,,web_form,2024-09-20,christopher,kim,,christopher.kim@copperhilllandscaping.com,+12783115625,,christopher.kim@copperhilllandscaping.com,+12783115625,cK500,kC623,cK500|copperhilllandscaping.com,,cK500kC623|copperhilllandscaping.com,A00150,cK500kC623|A00150,cK500|A00150
C00184,A00074,Hannah,Lewis,hannah.lewis@harborpointbakery.com,+1 522 716 0602,CFO,,,,,web_form,2023-04-06,hannah,lewis,,hannah.lewis@harborpointbakery.com,+15227160602,,hannah.lewis@harborpointbakery.com,+15227160602,hL200,lH500,hL200|harborpointbakery.com,,hL200lH500|harborpointbakery.com,A00074,hL200lH500|A00074,hL200|A00074
C00185,,Margaret,Smith,margaretsmith0229@gmail.com,4764173497,Owner,,,,,trade_show,2024-08-31,margaret,smith,,margaretsmith0229@gmail.com,+14764173497,,margaretsmith0229@gmail.com,+14764173497,mS530,sM626,,,,,,
C00186,A00004,Patricia,Davis,patricia.davis@pioneerconsulting.com,8004071993,Purchasing Agent,,,,,trade_show,2024-06-24,patricia,davis,,patricia.davis@pioneerconsulting.com,+18004071993,,patricia.davis@pioneerconsulting.com,+18004071993,pD120,dP362,pD120|pioneerconsulting.com,,dP362pD120|pioneerconsulting.com,A00004,dP362pD120|A00004,pD120|A00004
C00187,A00024,David,Kim,david.kim@silvercreekdesign.com,376-582-0736,Director of Operations,6344 Maple Street,Seattle,WA,98155,web_form,2023-09-14,david,kim,,david.kim@silvercreekdesign.com,+13765820736,6344 maple st,david.kim@silvercreekdesign.com,+13765820736,dK500,kD130,dK500|silvercreekdesign.com,dK500|6344|maple|981,dK500kD130|silvercreekdesign.com,A00024,dK500kD130|A00024,dK500|A00024
C00188,A00142,Maria,Anderson,maria.anderson@evergreenlegalservices.com,228-820-9676,Purchasing Agent,,,,,billing,2022-05-09,maria,anderson,,maria.anderson@evergreenlegalservices.com,+12288209676,,maria.anderson@evergreenlegalservices.com,+12288209676,mA536,aM600,mA536|evergreenlegalservices.com,,aM600mA536|evergreenlegalservices.com,A00142,aM600mA536|A00142,mA536|A00142
C00189,,Carlos,Harris,,+1 651 593 3215,VP Sales,,,,,trade_show,2023-06-14,carlos,harris,,,+16515933215,,,+16515933215,cH620,hC642,,,,,,
C00190,A00008,Aisha,Wilson Sr,aisha.wilson@keystonedesign.com,+1 295 946 3444,CFO,9685 Maple Road,Denver,CO,80238,erp,2024-05-12,aisha,wilson,sr,aisha.wilson@keystonedesign.com,+12959463444,9685 maple rd,aisha.wilson@keystonedesign.com,+12959463444,aW425,wA200,aW425|keystonedesign.com,aW425|9685|maple|802,aW425wA200|keystonedesign.com,A00008,aW425wA200|A00008,aW425|A00008
C00191,A00152,Katherine,Garcia Jr,katherine.garcia@keystonelandscaping.com,902.697.7317,Engineer,,,,,web_form,2025-08-12,katherine,garcia,jr,katherine.garcia@keystonelandscaping.com,+19026977317,,katherine.garcia@keystonelandscaping.com,+19026977317,kG620,gK365,kG620|keystonelandscaping.com,,gK365kG620|keystonelandscaping.com,A00127,gK365kG620|A00127,kG620|A00127
C00192,,Elizabeth,Taylor,thomastaylor0207@gmail.com,9642899341,Director of Operations,,,,,trade_show,2023-11-17,elizabeth,taylor,,thomastaylor0207@gmail.com,+19642899341,,thomastaylor0207@gmail.com,+19642899341,eT460,tE421,,,,,,
C00193,,Priya,Young,susanyoung0197@gmail.com,(284) 918-0425,CFO,,,,,crm,2023-03-26,priya,young,,susanyoung0197@gmail.com,+12849180425,,susanyoung0197@gmail.com,+12849180425,pY520,yP600,,,,,,
C00194,A00113,O.,Moore,,,Director of Operations,,,,,crm,2025-03-31,o,moore,,,,,,,oM600,mO000,,,,A00113,mO000oM600|A00113,oM600|A00113
C00195,A00122,Linda,Kim,linda.kim@ironwoodlandscaping.com,(932) 306-8233,Engineer,,,,,trade_show,2024-03-25,linda,kim,,linda.kim@ironwoodlandscaping.com,+19323068233,,linda.kim@ironwoodlandscaping.com,+19323068233,lK500,kL530,lK500|ironwoodlandscaping.com,,kL530lK500|ironwoodlandscaping.com,A00122,kL530lK500|A00122,lK500|A00122
C00196,A00026,Michael,Lee,michael.lee@falconlogistics.com,576-298-1997,VP Sales,,,,,crm,2025-01-13,michael,lee,,michael.lee@falconlogistics.com,+15762981997,,michael.lee@falconlogistics.com,+15762981997,mL000,lM240,mL000|falconlogistics.com,,lM240mL000|falconlogistics.com,A00026,lM240mL000|A00026,mL000|A00026
C00197,A00123,Hannah,Anderson,hannah.anderson@brightpathconsulting.com,2499476098,VP Sales,1435 Maple Drive,Denver,CO,80288,erp,2024-09-07,hannah,anderson,,hannah.anderson@brightpathconsulting.com,+12499476098,1435 maple dr,hannah.anderson@brightpathconsulting.com,+12499476098,hA536,aH500,hA536|brightpathconsulting.com,hA536|1435|maple|802,aH500hA536|brightpathconsulting.com,A00123,aH500hA536|A00123,hA536|A00123
C00198,,David,Nguyen,davidnguyen0132@gmail.com,(306) 263-0018,Office Manager,2016 Main Drive,Portland,OR,97286,billing,2026-01-03,david,nguyen,,davidnguyen0132@gmail.com,+13062630018,2016 main dr,davidnguyen0132@gmail.com,+13062630018,dN250,nD130,,dN250|2016|main|972,,,,
C00199,A00058,Deborah,Hall Jr.,deborahhall0261@gmail.com,(448) 545-1165,Director of Operations,,,,,crm,2023-01-17,deborah,hall,jr,deborahhall0261@gmail.com,+14485451165,,deborahhall0261@gmail.com,+14485451165,dH400,hD160,,,,A00036,dH400hD160|A00036,dH400|A00036
C00200,A00133,Katherine,Anderson,katherine.anderson@atlassoftware.com,813-637-9456,CFO,,,,,crm,2023-04-28,katherine,anderson,,katherine.anderson@atlassoftware.com,+18136379456,,katherine.anderson@atlassoftware.com,+18136379456,kA536,aK365,kA536|atlassoftware.com,,aK365kA536|atlassoftware.com,A00133,aK365kA536|A00133,kA536|A00133
C00201,A00064,Anthony,Kim,anthony.kim@falconlegalservices.com,354-891-3994,CFO,,,,,crm,2022-11-08,anthony,kim,,anthony.kim@falconlegalservices.com,+13548913994,,anthony.kim@falconlegalservices.com,+13548913994,aK500,kA535,aK500|falconlegalservices.com,,aK500kA535|falconlegalservices.com,A00011,aK500kA535|A00011,aK500|A00011
C00202,A00034,Margaret,Young,,,Engineer,,,,,erp,2026-02-15,margaret,young,,,,,,,mY520,yM626,,,,A00103,mY520yM626|A00103,mY520|A00103
C00203,A00138,Maria,Allen,maria.allen.jr@oakmontconsulting.com,715.270.1101,CFO,961 Washington Road,Boston,MA,02148,crm,2023-07-27,maria,allen,,maria.allen.jr@oakmontconsulting.com,+17152701101,961 washington rd,maria.allen.jr@oakmontconsulting.com,+17152701101,mA450,aM600,mA450|oakmontconsulting.com,mA450|961|washington|021,aM600mA450|oakmontconsulting.com,A00138,aM600mA450|A00138,mA450|A00138
C00204,A00089,James,Garcia,james.garcia@mapleleafsoftware.com,544-201-5241,VP Sales,,,,,crm,2022-09-11,james,garcia,,james.garcia@mapleleafsoftware.com,+15442015241,,james.garcia@mapleleafsoftware.com,+15442015241,jG620,gJ520,jG620|mapleleafsoftware.com,,gJ520jG620|mapleleafsoftware.com,A00089,gJ520jG620|A00089,jG620|A00089
C00205,,Christopher,Lee,christopherlee0044@gmail.com,483.772.8155,Office Manager,,,,,trade_show,2024-09-07,christopher,lee,,christopherlee0044@gmail.com,+14837728155,,christopherlee0044@gmail.com,+14837728155,cL000,lC623,,,,,,
C00206,A00151,Olivia,Johnson,olivia.johnson@evergreenelectric.com,(409) 684-7222,Engineer,6708 Hill Road,Columbus,OH,43271,trade_show,2026-06-16,olivia,johnson,,olivia.johnson@evergreenelectric.com,+14096847222,6708 hill rd,olivia.johnson@evergreenelectric.com,+14096847222,oJ525,jO410,oJ525|evergreenelectric.com,oJ525|6708|hill|432,jO410oJ525|evergreenelectric.com,A00151,jO410oJ525|A00151,oJ525|A00151
C00207,A00122,Hannah,Thomas,hannah.thomas@ironwoodlandscaping.com,4583097915,VP Sales,,,,,web_form,2026-08-14,hannah,thomas,,hannah.thomas@ironwoodlandscaping.com,+14583097915,,hannah.thomas@ironwoodlandscaping.com,+14583097915,hT520,tH500,hT520|ironwoodlandscaping.com,,hT520tH500|ironwoodlandscaping.com,A00122,hT520tH500|A00122,hT520|A00122
C00208,A00117,Luis,Kim,luis.kim@evergreenplumbing.com,+1 285 256 1762,CFO,,,,,billing,2022-07-25,luis,kim,,luis.kim@evergreenplumbing.com,+12852561762,,luis.kim@evergreenplumbing.com,+12852561762,lK500,kL200,lK500|evergreenplumbing.com,,kL200lK500|evergreenplumbing.com,A00117,kL200lK500|A00117,lK500|A00117
C00209,A00086,William,Lopez Jr.,williamlopez0264@gmail.com,348.807.2339,Purchasing Agent,,,,,billing,2023-12-26,william,lopez,jr,williamlopez0264@gmail.com,+13488072339,,williamlopez0264@gmail.com,+13488072339,wL120,lW450,,,,A00086,lW450wL120|A00086,wL120|A00086
C00210,A00130,Wei,Thompson,,,Office Manager,,,,,crm,2023-04-18,wei,thompson,,,,,,,wT512,tW000,,,,A00130,tW000wT512|A00130,wT512|A00130
C00211,A00001,Margaret,Young,margaret.young@harborpointconsulting.com,(336) 470-8760,Engineer,,,,,erp,2025-01-05,margaret,young,,margaret.young@harborpointconsulting.com,+13364708760,,margaret.young@harborpointconsulting.com,+13364708760,mY520,yM626,mY520|harborpointconsulting.com,,mY520yM626|harborpointconsulting.com,A00103,mY520yM626|A00103,mY520|A00103
C00212,A00063,Wei,Smith,wei.smith@northgateplumbing.com,(620) 439-3110,Office Manager,,,,,trade_show,2022-03-28,wei,smith,,wei.smith@northgateplumbing.com,+16204393110,,wei.smith@northgateplumbing.com,+16204393110,wS530,sW000,wS530|northgateplumbing.com,,sW000wS530|northgateplumbing.com,A00094,sW000wS530|A00094,wS530|A00094
C00213,A00147,James,Thompson,jthompson@northgatedesign.com,(293) 582-5254,VP Sales,,,,,billing,2022-01-31,james,thompson,,jthompson@northgatedesign.com,+12935825254,,jthompson@northgatedesign.com,+12935825254,jT512,tJ520,jT512|northgatedesign.com,,jT512tJ520|northgatedesign.com,A00086,jT512tJ520|A00086,jT512|A00086
C00214,A00090,Marcus,Rodriguez,marcus.rodriguez@harborpointplumbing.com,(646) 711-8166,CFO,4163 Park Avenue,Chicago,IL,60658,crm,2023-12-28,marcus,rodriguez,,marcus.rodriguez@harborpointplumbing.com,+16467118166,4163 park ave,marcus.rodriguez@harborpointplumbing.com,+16467118166,mR362,rM622,mR362|harborpointplumbing.com,mR362|4163|park|606,mR362rM622|harborpointplumbing.com,A00090,mR362rM622|A00090,mR362|A00090
C00215,A00008,Thomas,Young,tyoung@keystonedesign.com,6262483494,Owner,,,,,billing,2025-08-21,thomas,young,,tyoung@keystonedesign.com,+16262483494,,tyoung@keystonedesign.com,+16262483494,tY520,yT520,tY520|keystonedesign.com,,tY520yT520|keystonedesign.com,A00008,tY520yT520|A00008,tY520|A00008
C00216,,Anthony,Lewis,anthonylewis0042@gmail.com,,VP Sales,,,,,erp,2025-12-30,anthony,lewis,,anthonylewis0042@gmail.com,,,anthonylewis0042@gmail.com,,aL200,lA535,,,,,,
C00217,A00007,Deborah,Brown,office@oakmontdesign.com,,VP Sales,,,,,crm,2025-04-06,deborah,brown,,office@oakmontdesign.com,,,,,dB650,bD160,dB650|oakmontdesign.com,,bD160dB650|oakmontdesign.com,A00056,bD160dB650|A00056,dB650|A00056
C00218,A00096,Maria,Clark,maria.clark@silvercreeklogistics.com,276-450-6144,CFO,9396 Main Drive,Nashville,TN,37202,trade_show,2024-07-06,maria,clark,,maria.clark@silvercreeklogistics.com,+12764506144,9396 main dr,maria.clark@silvercreeklogistics.com,+12764506144,mC462,cM600,mC462|silvercreeklogistics.com,mC462|9396|main|372,cM600mC462|silvercreeklogistics.com,A00096,cM600mC462|A00096,mC462|A00096
C00219,A00042,Deborah,Anderson,deborah.anderson@ironwoodelectric.com,9223868237,Engineer,2605 Lake Road,Atlanta,GA,30325,trade_show,2023-03-14,deborah,anderson,,deborah.anderson@ironwoodelectric.com,+19223868237,2605 lake rd,deborah.anderson@ironwoodelectric.com,+19223868237,dA536,aD160,dA536|ironwoodelectric.com,dA536|2605|lake|303,aD160dA536|ironwoodelectric.com,A00042,aD160dA536|A00042,dA536|A00042
C00220,,Wei,Miller,weimiller0201@gmail.com,+1 849 757 0906,Engineer,,,,,trade_show,2026-01-07,wei,miller,,weimiller0201@gmail.com,+18497570906,,weimiller0201@gmail.com,+18497570906,wM460,mW000,,,,,,
C00221,A00140,Elizabeth,Rodriguez,elizabeth.rodriguez@harborpointautorepair.com,955.749.3148,Office Manager,,,,,crm,2026-02-08,elizabeth,rodriguez,,elizabeth.rodriguez@harborpointautorepair.com,+19557493148,,elizabeth.rodriguez@harborpointautorepair.com,+19557493148,eR362,rE421,eR362|harborpointautorepair.com,,eR362rE421|harborpointautorepair.com,A00140,eR362rE421|A00140,eR362|A00140
C00222,A00035,Yuki,Thomas,yuki.thomas@atlasinsurance.com,+1 582 616 1661,Purchasing Agent,1945 Sunset Road,Columbus,OH,43217,crm,2022-10-28,yuki,thomas,,yuki.thomas@atlasinsurance.com,+15826161661,1945 sunset rd,yuki.thomas@atlasinsurance.com,+15826161661,yT520,tY200,yT520|atlasinsurance.com,yT520|1945|sunset|432,tY200yT520|atlasinsurance.com,A00035,tY200yT520|A00035,yT520|A00035
C00223,A00037,Carlos,Garcia,carlos.garcia@copperhilllandscaping.com,781-201-0420,Engineer,4090 Elm Drive,Atlanta,GA,30355,trade_show,2024-10-22,carlos,garcia,,carlos.garcia@copperhilllandscaping.com,+17812010420,4090 elm dr,carlos.garcia@copperhilllandscaping.com,+17812010420,cG620,gC642,cG620|copperhilllandscaping.com,cG620|4090|elm|303,cG620gC642|copperhilllandscaping.com,A00150,cG620gC642|A00150,cG620|A00150
C00224,A00072,Jennifer,Thompson,jennifer.thompson@copperhillelectric.com,9949337067,Director of Operations,4977 Park Drive,Austin,TX,78772,billing,2025-05-20,jennifer,thompson,,jennifer.thompson@copperhillelectric.com,+19949337067,4977 park dr,jennifer.thompson@copperhillelectric.com,+19949337067,jT512,tJ516,jT512|copperhillelectric.com,jT512|4977|park|787,jT512tJ516|copperhillelectric.com,A00072,jT512tJ516|A00072,jT512|A00072
C00225,A00026,Christopher,Garcia,christopher.garcia@falconlogistics.com,9228846812,Owner,,,,,erp,2022-01-30,christopher,garcia,,christopher.garcia@falconlogistics.com,+19228846812,,christopher.garcia@falconlogistics.com,+19228846812,cG620,gC623,cG620|falconlogistics.com,,cG620gC623|falconlogistics.com,A00026,cG620gC623|A00026,cG620|A00026
C00226,,Patricia,Allen,patriciaallen0221@gmail.com,491-681-4392,Director of Operations,,,,,trade_show,2022-09-20,patricia,allen,,patriciaallen0221@gmail.com,+14916814392,,patriciaallen0221@gmail.com,+14916814392,pA450,aP362,,,,,,
C00227,A00135,Carlos,Young,carlos.young@harborpointplumbing.com,482-409-0244,VP Sales,,,,,crm,2024-03-11,carlos,young,,carlos.young@harborpointplumbing.com,+14824090244,,carlos.young@harborpointplumbing.com,+14824090244,cY520,yC642,cY520|harborpointplumbing.com,,cY520yC642|harborpointplumbing.com,A00135,cY520yC642|A00135,cY520|A00135
C00228,A00033,William,Smith,william.smith@cedarconsulting.com,+1 497 796 9896,Engineer,,,,,web_form,2025-04-07,william,smith,,william.smith@cedarconsulting.com,+14977969896,,william.smith@cedarconsulting.com,+14977969896,wS530,sW450,wS530|cedarconsulting.com,,sW450wS530|cedarconsulting.com,A00130,sW450wS530|A00130,wS530|A00130
C00229,A00067,Kevin,Johnson,kevin.johnson@mapleleafdental.com,(572) 425-5285,Office Manager,,,,,trade_show,2026-04-01,kevin,johnson,,kevin.johnson@mapleleafdental.com,+15724255285,,kevin.johnson@mapleleafdental.com,+15724255285,kJ525,jK150,kJ525|mapleleafdental.com,,jK150kJ525|mapleleafdental.com,A00067,jK150kJ525|A00067,kJ525|A00067
C00230,A00034,Grace,Lopez Sr,grace.lopez@harborpointconsulting.com,+1 355 834 3787,Director of Operations,4995 Hill Boulevard,Seattle,WA,98123,billing,2022-12-22,grace,lopez,sr,grace.lopez@harborpointconsulting.com,+13558343787,4995 hill blvd,grace.lopez@harborpointconsulting.com,+13558343787,gL120,lG620,gL120|harborpointconsulting.com,gL120|4995|hill|981,gL120lG620|harborpointconsulting.com,A00103,gL120lG620|A00103,gL120|A00103
C00231,A00033,Margaret,Allen,margaret.allen@cedarconsulting.com,2693794769,VP Sales,,,,,erp,2023-03-14,margaret,allen,,margaret.allen@cedarconsulting.com,+12693794769,,margaret.allen@cedarconsulting.com,+12693794769,mA450,aM626,mA450|cedarconsulting.com,,aM626mA450|cedarconsulting.com,A00130,aM626mA450|A00130,mA450|A00130
C00232,A00091,Pat,Patel,pat.patel@blueridgelogistics.com,+1 284 393 9158,Purchasing Agent,,,,,billing,2023-07-03,patricia,patel,,pat.patel@blueridgelogistics.com,+12843939158,,pat.patel@blueridgelogistics.com,+12843939158,pP340,pP362,pP340|blueridgelogistics.com,,pP340pP362|blueridgelogistics.com,A00091,pP340pP362|A00091,pP340|A00091
C00233,,Hannah,Martin,hannahmartin0225@gmail.com,773-959-6474,CFO,,,,,web_form,2025-08-02,hannah,martin,,hannahmartin0225@gmail.com,+17739596474,,hannahmartin0225@gmail.com,+17739596474,hM635,mH500,,,,,,
C00234,,Elizabeth,Rodriguez,elizabethrodriguez0234@gmail.com,955-749-3148,Office Manager,,,,,trade_show,2024-06-23,elizabeth,rodriguez,,elizabethrodriguez0234@gmail.com,+19557493148,,elizabethrodriguez0234@gmail.com,+19557493148,eR362,rE421,,,,,,
C00235,A00015,Hannah,Lopez,hannah.lopez@meridianinsurance.com,+1 269 711 9493,Purchasing Agent,1825 Oak Road,Phoenix,AZ,85064,trade_show,2022-01-20,hannah,lopez,,hannah.lopez@meridianinsurance.com,+12697119493,1825 oak rd,hannah.lopez@meridianinsurance.com,+12697119493,hL120,lH500,hL120|meridianinsurance.com,hL120|1825|oak|850,hL120lH500|meridianinsurance.com,A00015,hL120lH500|A00015,hL120|A00015
C00236,A00097,K.,Davis,,,Engineer,,,,,erp,2023-10-21,k,davis,,,,,,,kD120,dK000,,,,A00157,dK000kD120|A00157,kD120|A00157
C00237,A00119,Elizabeth,Lewis,elizabeth.lewis@atlasstaffing.com,431.703.9856,CFO,,,,,billing,2024-02-28,elizabeth,lewis,,elizabeth.lewis@atlasstaffing.com,+14317039856,,elizabeth.lewis@atlasstaffing.com,+14317039856,eL200,lE421,eL200|atlasstaffing.com,,eL200lE421|atlasstaffing.com,A00119,eL200lE421|A00119,eL200|A00119
C00238,A00041,Aisha,Hall,aishahall0027@gmail.com,421.439.1025,Engineer,4231 LAKE BLVD,Chicago,IL,60618,web_form,2024-08-19,aisha,hall,,aishahall0027@gmail.com,+14214391025,4231 lake blvd,aishahall0027@gmail.com,+14214391025,aH400,hA200,,aH400|4231|lake|606,,A00023,aH400hA200|A00023,aH400|A00023
C00239,A00025,David,Patel,david.patel@evergreenlegalservices.com,277-495-5530,Owner,551 Maple Drive,Portland,OR,97276,billing,2025-12-26,david,patel,,david.patel@evergreenlegalservices.com,+12774955530,551 maple dr,david.patel@evergreenlegalservices.com,+12774955530,dP340,pD130,dP340|evergreenlegalservices.com,dP340|551|maple|972,dP340pD130|evergreenlegalservices.com,A00142,dP340pD130|A00142,dP340|A00142
C00240,A00025,D.,Patel,,277.495.5530,Owner,551 Maple Drive,Portland,OR,97276,billing,2026-08-03,d,patel,,,+12774955530,551 maple dr,,+12774955530,dP340,pD000,,dP340|551|maple|972,,A00142,dP340pD000|A00142,dP340|A00142
C00241,A00066,Deborah,Anderson,deborah.anderson@atlasconsulting.com,(703) 332-5903,Engineer,,,,,crm,2026-07-17,deborah,anderson,,deborah.anderson@atlasconsulting.com,+17033325903,,deborah.anderson@atlasconsulting.com,+17033325903,dA536,aD160,dA536|atlasconsulting.com,,aD160dA536|atlasconsulting.com,A00066,aD160dA536|A00066,dA536|A00066
C00242,A00009,Kevin,Garcia,kevin.garcia@ironwoodconsulting.com,345.596.8707,Office Manager,1085 Church Boulevard,Atlanta,GA,30330,web_form,2022-03-30,kevin,garcia,,kevin.garcia@ironwoodconsulting.com,+13455968707,1085 church blvd,kevin.garcia@ironwoodconsulting.com,+13455968707,kG620,gK150,kG620|ironwoodconsulting.com,kG620|1085|church|303,gK150kG620|ironwoodconsulting.com,A00009,gK150kG620|A00009,kG620|A00009
C00243,A00019,Maria,Lee,sales@ironwoodsoftware.com,,Director of Operations,,,,,billing,2026-04-29,maria,lee,,sales@ironwoodsoftware.com,,,,,mL000,lM600,mL000|ironwoodsoftware.com,,lM600mL000|ironwoodsoftware.com,A00019,lM600mL000|A00019,mL000|A00019
C00244,A00052,Grace,Nguyen,grace.nguyen@pioneerinsurance.com,(257) 699-0528,Engineer,3737 Sunset Avenue,Columbus,OH,43251,trade_show,2022-07-17,grace,nguyen,,grace.nguyen@pioneerinsurance.com,+12576990528,3737 sunset ave,grace.nguyen@pioneerinsurance.com,+12576990528,gN250,nG620,gN250|pioneerinsurance.com,gN250|3737|sunset|432,gN250nG620|pioneerinsurance.com,A00052,gN250nG620|A00052,gN250|A00052
C00245,A00156,Priya,Nguyen,priya.nguyen.jr@keystoneelectric.com,6389031391,CFO,6537 Main Drive,Nashville,TN,37253,billing,2025-12-08,priya,nguyen,,priya.nguyen.jr@keystoneelectric.com,+16389031391,6537 main dr,priya.nguyen.jr@keystoneelectric.com,+16389031391,pN250,nP600,pN250|keystoneelectric.com,pN250|6537|main|372,nP600pN250|keystoneelectric.com,A00156,nP600pN250|A00156,pN250|A00156
C00246,A00015,Katherine,Garcia,katherine.garcia@meridianinsurance.com,+1 343 890 3897,Office Manager,6089 Hill Avenue,Boston,MA,02104,trade_show,2026-06-19,katherine,garcia,,katherine.garcia@meridianinsurance.com,+13438903897,6089 hill ave,katherine.garcia@meridianinsurance.com,+13438903897,kG620,gK365,kG620|meridianinsurance.com,kG620|6089|hill|021,gK365kG620|meridianinsurance.com,A00015,gK365kG620|A00015,kG620|A00015
C00247,A00016,James,Lewis,james.lewis@mapleleafanalytics.com,(882) 926-4013,Office Manager,2250 Church Avenue,Denver,CO,80239,web_form,2026-05-24,james,lewis,,james.lewis@mapleleafanalytics.com,+18829264013,2250 church ave,james.lewis@mapleleafanalytics.com,+18829264013,jL200,lJ520,jL200|mapleleafanalytics.com,jL200|2250|church|802,jL200lJ520|mapleleafanalytics.com,A00016,jL200lJ520|A00016,jL200|A00016
C00248,A00119,Margaret,Hall,,,VP Sales,,,,,erp,2025-07-21,margaret,hall,,,,,,,mH400,hM626,,,,A00119,hM626mH400|A00119,mH400|A00119
C00249,,Maria,Johnson,oliviajohnson0205@gmail.com,877-889-6063,CFO,,,,,billing,2024-07-11,maria,johnson,,oliviajohnson0205@gmail.com,+18778896063,,oliviajohnson0205@gmail.com,+18778896063,mJ525,jM600,,,,,,
C00250,,Jennifer,Walker,,,Owner,,,,,billing,2023-09-04,jennifer,walker,,,,,,,jW426,wJ516,,,,,,
C00251,,Robert,Young,robertyoung0127@gmail.com,8014270382,Owner,7622 Cedar Drive,Portland,OR,97286,trade_show,2022-07-29,robert,young,,robertyoung0127@gmail.com,+18014270382,7622 cedar dr,robertyoung0127@gmail.com,+18014270382,rY520,yR163,,rY520|7622|cedar|972,,,,
C00252,A00160,Christopher,Nguyen,christopher.nguyen@evergreenconsulting.com,943-336-6084,Owner,,,,,billing,2022-09-05,christopher,nguyen,,christopher.nguyen@evergreenconsulting.com,+19433366084,,christopher.nguyen@evergreenconsulting.com,+19433366084,cN250,nC623,cN250|evergreenconsulting.com,,cN250nC623|evergreenconsulting.com,A00160,cN250nC623|A00160,cN250|A00160
C00253,A00104,Thomas,Rodriguez,thomas.rodriguez@evergreenlandscaping.com,(969) 801-0060,CFO,,,,,erp,2026-01-05,thomas,rodriguez,,thomas.rodriguez@evergreenlandscaping.com,+19698010060,,thomas.rodriguez@evergreenlandscaping.com,+19698010060,tR362,rT520,tR362|evergreenlandscaping.com,,rT520tR362|evergreenlandscaping.com,A00104,rT520tR362|A00104,tR362|A00104
C00254,A00035,James,Taylor,james.taylor@atlasinsurance.com,6537103309,Engineer,,,,,erp,2022-09-14,james,taylor,,james.taylor@atlasinsurance.com,+16537103309,,james.taylor@atlasinsurance.com,+16537103309,jT460,tJ520,jT460|atlasinsurance.com,,jT460tJ520|atlasinsurance.com,A00035,jT460tJ520|A00035,jT460|A00035
C00255,A00130,William,Smith,,,Engineer,,,,,billing,2022-10-17,william,smith,,,,,,,wS530,sW450,,,,A00130,sW450wS530|A00130,wS530|A00130
C00256,A00054,Katherine,Nguyen Jr,katherine.nguyen.jr@falcondesign.com,369-459-0056,Office Manager,9136 Park Boulevard,Chicago,IL,60685,trade_show,2022-07-12,katherine,nguyen,jr,katherine.nguyen.jr@falcondesign.com,+13694590056,9136 park blvd,katherine.nguyen.jr@falcondesign.com,+13694590056,kN250,nK365,kN250|falcondesign.com,kN250|9136|park|606,kN250nK365|falcondesign.com,A00054,kN250nK365|A00054,kN250|A00054
C00257,A00021,Carlos,Clark,carlos.clark@beaconelectric.com,8889803002,VP Sales,2351 Cedar Boulevard,Seattle,WA,98156,web_form,2024-04-11,carlos,clark,,carlos.clark@beaconelectric.com,+18889803002,2351 cedar blvd,carlos.clark@beaconelectric.com,+18889803002,cC462,cC642,cC462|beaconelectric.com,cC462|2351|cedar|981,cC462cC642|beaconelectric.com,A00021,cC462cC642|A00021,cC462|A00021
C00258,A00106,Susan,Nguyen,susan.nguyen@redwooddesign.com,+1 415 650 1653,Office Manager,,,,,billing,2023-03-15,susan,nguyen,,susan.nguyen@redwooddesign.com,+14156501653,,susan.nguyen@redwooddesign.com,+14156501653,sN250,nS250,sN250|redwooddesign.com,,nS250sN250|redwooddesign.com,A00168,nS250sN250|A00168,sN250|A00168
C00259,A00046,Sarah,Moore,sarah.moore@meridianlegalservices.com,(854) 481-2906,Director of Operations,,,,,erp,2025-04-24,sarah,moore,,sarah.moore@meridianlegalservices.com,+18544812906,,sarah.moore@meridianlegalservices.com,+18544812906,sM600,mS600,sM600|meridianlegalservices.com,,mS600sM600|meridianlegalservices.com,A00046,mS600sM600|A00046,sM600|A00046
C00260,A00026,Elizabeth,Nguyen,elizabeth.nguyen@falconlogistics.com,(973) 679-1851,Purchasing Agent,,,,,erp,2023-05-01,elizabeth,nguyen,,elizabeth.nguyen@falconlogistics.com,+19736791851,,elizabeth.nguyen@falconlogistics.com,+19736791851,eN250,nE421,eN250|falconlogistics.com,,eN250nE421|falconlogistics.com,A00026,eN250nE421|A00026,eN250|A00026
C00261,A00083,Katherine,Brown,katherine.brown@falcondesign.com,(583) 333-8057,Owner,2587 Hill Boulevard,Columbus,OH,43272,billing,2022-06-11,katherine,brown,,katherine.brown@falcondesign.com,+15833338057,2587 hill blvd,katherine.brown@falcondesign.com,+15833338057,kB650,bK365,kB650|falcondesign.com,kB650|2587|hill|432,bK365kB650|falcondesign.com,A00083,bK365kB650|A00083,kB650|A00083
C00262,,James,Martin,jamesmartin0233@gmail.com,(400) 659-0435,Owner,7826 SUNSET BLVD,Austin,TX,78747,erp,2022-02-03,james,martin,,jamesmartin0233@gmail.com,+14006590435,7826 sunset blvd,jamesmartin0233@gmail.com,+14006590435,jM635,mJ520,,jM635|7826|sunset|787,,,,
C00263,,Carlos,Johnson,carlosjohnson0041@gmail.com,,Owner,,,,,trade_show,2023-01-30,carlos,johnson,,carlosjohnson0041@gmail.com,,,carlosjohnson0041@gmail.com,,cJ525,jC642,,,,,,
C00264,,Margaret,Martinez,margaretmartinez0203@gmail.com,(275) 376-8674,Director of Operations,,,,,erp,2023-02-20,margaret,martinez,,margaretmartinez0203@gmail.com,+12753768674,,margaretmartinez0203@gmail.com,+12753768674,mM635,mM626,,,,,,
C00265,A00126,Yuki,Moore,yuki.moore@riverbendanalytics.com,+1 971 308 3429,Office Manager,,,,,web_form,2024-11-08,yuki,moore,,yuki.moore@riverbendanalytics.com,+19713083429,,yuki.moore@riverbendanalytics.com,+19713083429,yM600,mY200,yM600|riverbendanalytics.com,,mY200yM600|riverbendanalytics.com,A00126,mY200yM600|A00126,yM600|A00126
C00266,,Olivia,Lee,,,CFO,,,,,trade_show,2022-03-25,olivia,lee,,,,,,,oL000,lO410,,,,,,
C00267,A00060,William,Lopez,william.lopez@copperhillsoftware.com,486.495.3036,CFO,,,,,web_form,2026-07-10,william,lopez,,william.lopez@copperhillsoftware.com,+14864953036,,william.lopez@copperhillsoftware.com,+14864953036,wL120,lW450,wL120|copperhillsoftware.com,,lW450wL120|copperhillsoftware.com,A00095,lW450wL120|A00095,wL120|A00095
C00268,A00053,Sarah,Martinez,sarah.martinez@silvercreekplumbing.com,439-415-2546,CFO,6401 Park Boulevard,Portland,OR,97298,trade_show,2024-10-27,sarah,martinez,,sarah.martinez@silvercreekplumbing.com,+14394152546,6401 park blvd,sarah.martinez@silvercreekplumbing.com,+14394152546,sM635,mS600,sM635|silvercreekplumbing.com,sM635|6401|park|972,mS600sM635|silvercreekplumbing.com,A00053,mS600sM635|A00053,sM635|A00053
C00269,A00067,Luis,Moore,luis.moore@mapleleafdental.com,3078415179,Office Manager,,,,,trade_show,2023-10-14,luis,moore,,luis.moore@mapleleafdental.com,+13078415179,,luis.moore@mapleleafdental.com,+13078415179,lM600,mL200,lM600|mapleleafdental.com,,lM600mL200|mapleleafdental.com,A00067,lM600mL200|A00067,lM600|A00067
C00270,A00008,Anthony,Rodriguez,anthony.rodriguez@keystonedesign.com,+1 427 333 6304,Office Manager,2751 Maple Street,Seattle,WA,98110,billing,2022-01-01,anthony,rodriguez,,anthony.rodriguez@keystonedesign.com,+14273336304,2751 maple st,anthony.rodriguez@keystonedesign.com,+14273336304,aR362,rA535,aR362|keystonedesign.com,aR362|2751|maple|981,aR362rA535|keystonedesign.com,A00008,aR362rA535|A00008,aR362|A00008
C00271,A00092,Kim,Antony,,354-891-3994,CFO,,,,,erp,2024-07-30,kim,antony,,,+13548913994,,,+13548913994,kA535,aK500,,,,A00011,aK500kA535|A00011,kA535|A00011
C00272,,Christopher,Taylor,christophertaylor0043@gmail.com,(545) 426-7586,Purchasing Agent,,,,,trade_show,2026-05-22,christopher,taylor,,christophertaylor0043@gmail.com,+15454267586,,christophertaylor0043@gmail.com,+15454267586,cT460,tC623,,,,,,
C00273,A00013,Jennifer,Lopez,jennifer.lopez@summitlogistics.com,584.815.4713,Purchasing Agent,2097 Oak Street,Nashville,TN,37243,crm,2022-09-24,jennifer,lopez,,jennifer.lopez@summitlogistics.com,+15848154713,2097 oak st,jennifer.lopez@summitlogistics.com,+15848154713,jL120,lJ516,jL120|summitlogistics.com,jL120|2097|oak|372,jL120lJ516|summitlogistics.com,A00013,jL120lJ516|A00013,jL120|A00013
C00274,A00117,Patricia,Johnson,patricia.johnson@evergreenplumbing.com,(541) 405-0241,Office Manager,6870 Elm Road,Austin,TX,78723,web_form,2023-06-24,patricia,johnson,,patricia.johnson@evergreenplumbing.com,+15414050241,6870 elm rd,patricia.johnson@evergreenplumbing.com,+15414050241,pJ525,jP362,pJ525|evergreenplumbing.com,pJ525|6870|elm|787,jP362pJ525|evergreenplumbing.com,A00117,jP362pJ525|A00117,pJ525|A00117
C00275,A00141,Kevin,Allen,kevin.allen@silvercreeklogistics.com,(367) 377-7634,Director of Operations,,,,,trade_show,2024-12-31,kevin,allen,,kevin.allen@silvercreeklogistics.com,+13673777634,,kevin.allen@silvercreeklogistics.com,+13673777634,kA450,aK150,kA450|silvercreeklogistics.com,,aK150kA450|silvercreeklogistics.com,A00141,aK150kA450|A00141,kA450|A00141
C00276,A00141,Priya,Miller,priya.miller@silvercreeklogistics.com,542-310-1263,VP Sales,922 Elm Boulevard,Phoenix,AZ,85008,trade_show,2024-05-18,priya,miller,,priya.miller@silvercreeklogistics.com,+15423101263,922 elm blvd,priya.miller@silvercreeklogistics.com,+15423101263,pM460,mP600,pM460|silvercreeklogistics.com,pM460|922|elm|850,mP600pM460|silvercreeklogistics.com,A00141,mP600pM460|A00141,pM460|A00141
C00277,A00008,Robert,Lewis,robert.lewis@keystonedesign.com,921-417-8410,Purchasing Agent,,,,,crm,2024-11-08,robert,lewis,,robert.lewis@keystonedesign.com,+19214178410,,robert.lewis@keystonedesign.com,+19214178410,rL200,lR163,rL200|keystonedesign.com,,lR163rL200|keystonedesign.com,A00008,lR163rL200|A00008,rL200|A00008
C00278,A00117,Hall,Kattherine,,774-406-4123,CFO,,,,,trade_show,2023-01-17,hall,kattherine,,,+17744064123,,,+17744064123,hK365,kH400,,,,A00117,hK365kH400|A00117,hK365|A00117
C00279,A00031,Luis,Martin,luis.martin@blueridgelandscaping.com,416-619-6179,Office Manager,1818 Maple Drive,Columbus,OH,43269,trade_show,2023-02-03,luis,martin,,luis.martin@blueridgelandscaping.com,+14166196179,1818 maple dr,luis.martin@blueridgelandscaping.com,+14166196179,lM635,mL200,lM635|blueridgelandscaping.com,lM635|1818|maple|432,lM635mL200|blueridgelandscaping.com,A00031,lM635mL200|A00031,lM635|A00031
C00280,A00051,Omar,Nguyen,omarnguyen0029@gmail.com,6637582768,Owner,,,,,crm,2023-07-29,omar,nguyen,,omarnguyen0029@gmail.com,+16637582768,,omarnguyen0029@gmail.com,+16637582768,oN250,nO560,,,,A00051,nO560oN250|A00051,oN250|A00051
C00281,A00027,Margaret,Harris,margaret.harris@atlasdesign.com,(257) 323-6359,Purchasing Agent,,,,,trade_show,2022-08-22,margaret,harris,,margaret.harris@atlasdesign.com,+12573236359,,margaret.harris@atlasdesign.com,+12573236359,mH620,hM626,mH620|atlasdesign.com,,hM626mH620|atlasdesign.com,A00027,hM626mH620|A00027,mH620|A00027
C00282,A00010,Daniel,Lewis,daniel.lewis@keystonelogistics.com,(471) 258-5126,VP Sales,7137 Church Avenue,Austin,TX,78772,erp,2024-06-01,daniel,lewis,,daniel.lewis@keystonelogistics.com,+14712585126,7137 church ave,daniel.lewis@keystonelogistics.com,+14712585126,dL200,lD540,dL200|keystonelogistics.com,dL200|7137|church|787,dL200lD540|keystonelogistics.com,A00010,dL200lD540|A00010,dL200|A00010
C00283,A00169,Patricia,Lee,patricia.lee@evergreendental.com,839-240-6276,Owner,6931 Washington Drive,Boston,MA,02148,web_form,2025-11-22,patricia,lee,,patricia.lee@evergreendental.com,+18392406276,6931 washington dr,patricia.lee@evergreendental.com,+18392406276,pL000,lP362,pL000|evergreendental.com,pL000|6931|washington|021,lP362pL000|evergreendental.com,A00169,lP362pL000|A00169,pL000|A00169
C00284,A00117,Richard,Martin,richard.martin@evergreenplumbing.com,(914) 821-4434,Director of Operations,,,,,crm,2022-06-24,richard,martin,,richard.martin@evergreenplumbing.com,+19148214434,,richard.martin@evergreenplumbing.com,+19148214434,rM635,mR263,rM635|evergreenplumbing.com,,mR263rM635|evergreenplumbing.com,A00117,mR263rM635|A00117,rM635|A00117
C00285,A00162,Richard,Thompson,richard.thompson@beacondesign.com,2239243562,Owner,5969 Maple Street,Seattle,WA,98159,web_form,2022-09-01,richard,thompson,,richard.thompson@beacondesign.com,+12239243562,5969 maple st,richard.thompson@beacondesign.com,+12239243562,rT512,tR263,rT512|beacondesign.com,rT512|5969|maple|981,rT512tR263|beacondesign.com,A00162,rT512tR263|A00162,rT512|A00162
C00286,A00113,Elizabeth,Kim,elizabeth.kim@falcondental.com,6779866327,VP Sales,9232 Washington Avenue,Atlanta,GA,30337,billing,2022-05-17,elizabeth,kim,,elizabeth.kim@falcondental.com,+16779866327,9232 washington ave,elizabeth.kim@falcondental.com,+16779866327,eK500,kE421,eK500|falcondental.com,eK500|9232|washington|303,eK500kE421|falcondental.com,A00113,eK500kE421|A00113,eK500|A00113
C00287,A00017,Kevin,Brown,kevin.brown@cedardesign.com,(968) 497-0232,Director of Operations,,,,,crm,2023-01-11,kevin,brown,,kevin.brown@cedardesign.com,+19684970232,,kevin.brown@cedardesign.com,+19684970232,kB650,bK150,kB650|cedardesign.com,,bK150kB650|cedardesign.com,A00017,bK150kB650|A00017,kB650|A00017
C00288,A00069,Daniel,Clark,danielclark0025@gmail.com,(539) 847-7428,Owner,,,,,trade_show,2022-03-06,daniel,clark,,danielclark0025@gmail.com,+15398477428,,danielclark0025@gmail.com,+15398477428,dC462,cD540,,,,A00069,cD540dC462|A00069,dC462|A00069
C00289,A00048,Christopher,Lewis,christopher.lewis@brightpathconsulting.com,699.531.8686,VP Sales,1236 Elm Street,Boston,MA,02169,billing,2025-12-21,christopher,lewis,,christopher.lewis@brightpathconsulting.com,+16995318686,1236 elm st,christopher.lewis@brightpathconsulting.com,+16995318686,cL200,lC623,cL200|brightpathconsulting.com,cL200|1236|elm|021,cL200lC623|brightpathconsulting.com,A00048,cL200lC623|A00048,cL200|A00048
C00290,A00052,D.,Davis,,,Engineer,,,,,erp,2023-01-03,d,davis,,,,,,,dD120,dD000,,,,A00052,dD000dD120|A00052,dD120|A00052
C00291,A00054,Aisha,Lopez,aisha.lopez@falcondesign.com,+1 704 828 5828,Office Manager,,,,,billing,2023-07-19,aisha,lopez,,aisha.lopez@falcondesign.com,+17048285828,,aisha.lopez@falcondesign.com,+17048285828,aL120,lA200,aL120|falcondesign.com,,aL120lA200|falcondesign.com,A00054,aL120lA200|A00054,aL120|A00054
C00292,A00046,Linda,Moore,support@meridianlegalservices.com,(631) 497-5496,Director of Operations,,,,,billing,2024-03-11,linda,moore,,support@meridianlegalservices.com,+16314975496,,,+16314975496,lM600,mL530,lM600|meridianlegalservices.com,,lM600mL530|meridianlegalservices.com,A00046,lM600mL530|A00046,lM600|A00046
C00293,A00128,Susan,Young,susan.young@brightpathinsurance.com,980-715-4094,CFO,,,,,trade_show,2022-03-07,susan,young,,susan.young@brightpathinsurance.com,+19807154094,,susan.young@brightpathinsurance.com,+19807154094,sY520,yS250,sY520|brightpathinsurance.com,,sY520yS250|brightpathinsurance.com,A00128,sY520yS250|A00128,sY520|A00128
C00294,A00048,Hannah,Anderson Jr,hannah.anderson.jr@brightpathconsulting.com,6942564810,CFO,1435 Maple Drive,Denver,CO,80288,erp,2024-09-07,hannah,anderson,jr,hannah.anderson.jr@brightpathconsulting.com,+16942564810,1435 maple dr,hannah.anderson.jr@brightpathconsulting.com,+16942564810,hA536,aH500,hA536|brightpathconsulting.com,hA536|1435|maple|802,aH500hA536|brightpathconsulting.com,A00048,aH500hA536|A00048,hA536|A00048
C00295,A00053,Priya,Walker,priya.walker@silvercreekplumbing.com,+1 520 446 5614,Office Manager,1957 Church Road,Seattle,WA,98147,trade_show,2023-12-21,priya,walker,,priya.walker@silvercreekplumbing.com,+15204465614,1957 church rd,priya.walker@silvercreekplumbing.com,+15204465614,pW426,wP600,pW426|silvercreekplumbing.com,pW426|1957|church|981,pW426wP600|silvercreekplumbing.com,A00053,pW426wP600|A00053,pW426|A00053
C00296,A00156,Priya,Nguyen,priya.nguyen@keystoneelectric.com,+1 444 408 5205,CFO,6537 Main Drive,Nashville,TN,37253,billing,2025-12-08,priya,nguyen,,priya.nguyen@keystoneelectric.com,+14444085205,6537 main dr,priya.nguyen@keystoneelectric.com,+14444085205,pN250,nP600,pN250|keystoneelectric.com,pN250|6537|main|372,nP600pN250|keystoneelectric.com,A00156,nP600pN250|A00156,pN250|A00156
C00297,A00069,Susan,Patel,susan.patel@summitanalytics.com,255-639-8666,Engineer,4968 Lake Drive,Atlanta,GA,30377,billing,2023-10-09,susan,patel,,susan.patel@summitanalytics.com,+12556398666,4968 lake dr,susan.patel@summitanalytics.com,+12556398666,sP340,pS250,sP340|summitanalytics.com,sP340|4968|lake|303,pS250sP340|summitanalytics.com,A00069,pS250sP340|A00069,sP340|A00069
C00298,,Carlos,Johnson,carlosjohnson0041@gmail.com,4282635779,Owner,,,,,crm,2026-07-30,carlos,johnson,,carlosjohnson0041@gmail.com,+14282635779,,carlosjohnson0041@gmail.com,+14282635779,cJ525,jC642,,,,,,
C00299,A00160,Chris,Nguyen,chris.nguyen@evergreenconsulting.com,(943) 336-6084,Owner,,,,,erp,2023-08-26,christopher,nguyen,,chris.nguyen@evergreenconsulting.com,+19433366084,,chris.nguyen@evergreenconsulting.com,+19433366084,cN250,nC623,cN250|evergreenconsulting.com,,cN250nC623|evergreenconsulting.com,A00160,cN250nC623|A00160,cN250|A00160
C00300,A00059,Elizabeth,Lewis,elewis@sterlinganalytics.com,219-663-5269,CFO,,,,,billing,2022-07-09,elizabeth,lewis,,elewis@sterlinganalytics.com,+12196635269,,elewis@sterlinganalytics.com,+12196635269,eL200,lE421,eL200|sterlinganalytics.com,,eL200lE421|sterlinganalytics.com,A00059,eL200lE421|A00059,eL200|A00059
C00301,A00072,Luis,Lewis,luis.lewis@copperhillelectric.com,(333) 946-4104,Purchasing Agent,,,,,web_form,2022-02-27,luis,lewis,,luis.lewis@copperhillelectric.com,+13339464104,,luis.lewis@copperhillelectric.com,+13339464104,lL200,lL200,lL200|copperhillelectric.com,,lL200lL200|copperhillelectric.com,A00072,lL200lL200|A00072,lL200|A00072
C00302,A00115,Priya,Allen,priya.allen@ironwoodlogistics.com,(388) 359-8048,Office Manager,,,,,web_form,2026-03-25,priya,allen,,priya.allen@ironwoodlogistics.com,+13883598048,,priya.allen@ironwoodlogistics.com,+13883598048,pA450,aP600,pA450|ironwoodlogistics.com,,aP600pA450|ironwoodlogistics.com,A00115,aP600pA450|A00115,pA450|A00115
C00303,A00075,Deborah,Moore,deborah.moore@harborpointelectric.com,+1 830 320 6217,Director of Operations,,,,,erp,2025-10-23,deborah,moore,,deborah.moore@harborpointelectric.com,+18303206217,,deborah.moore@harborpointelectric.com,+18303206217,dM600,mD160,dM600|harborpointelectric.com,,dM600mD160|harborpointelectric.com,A00075,dM600mD160|A00075,dM600|A00075
C00304,A00166,Omar,Martin,omar.martin@keystonesoftware.com,(786) 819-7023,Office Manager,242 Oak Street,Denver,CO,80235,erp,2023-11-21,omar,martin,,omar.martin@keystonesoftware.com,+17868197023,242 oak st,omar.martin@keystonesoftware.com,+17868197023,oM635,mO560,oM635|keystonesoftware.com,oM635|242|oak|802,mO560oM635|keystonesoftware.com,A00166,mO560oM635|A00166,oM635|A00166
C00305,A00056,William,Thomas,office@oakmontdesign.com,(340) 243-6952,CFO,6290 Washington Avenue,Portland,OR,97297,crm,2024-02-20,william,thomas,,office@oakmontdesign.com,+13402436952,6290 washington ave,,+13402436952,wT520,tW450,wT520|oakmontdesign.com,wT520|6290|washington|972,tW450wT520|oakmontdesign.com,A00056,tW450wT520|A00056,wT520|A00056
C00306,A00048,Daniel,Rodriguez,daniel.rodriguez@brightpathconsulting.com,488.634.9987,Director of Operations,,,,,web_form,2025-10-24,daniel,rodriguez,,daniel.rodriguez@brightpathconsulting.com,+14886349987,,daniel.rodriguez@brightpathconsulting.com,+14886349987,dR362,rD540,dR362|brightpathconsulting.com,,dR362rD540|brightpathconsulting.com,A00048,dR362rD540|A00048,dR362|A00048
C00307,A00042,Joseph,Johnson Jr,joseph.johnson.jr@ironwoodelectric.com,7099595738,VP Sales,2826 Cedar Road,Denver,CO,80203,trade_show,2022-08-31,joseph,johnson,jr,joseph.johnson.jr@ironwoodelectric.com,+17099595738,2826 cedar rd,joseph.johnson.jr@ironwoodelectric.com,+17099595738,jJ525,jJ210,jJ525|ironwoodelectric.com,jJ525|2826|cedar|802,jJ210jJ525|ironwoodelectric.com,A00042,jJ210jJ525|A00042,jJ525|A00042
C00308,A00091,Patricia,Patel,patricia.patel@blueridgelogistics.com,284-393-9158,Purchasing Agent,,,,,erp,2025-02-03,patricia,patel,,patricia.patel@blueridgelogistics.com,+12843939158,,patricia.patel@blueridgelogistics.com,+12843939158,pP340,pP362,pP340|blueridgelogistics.com,,pP340pP362|blueridgelogistics.com,A00091,pP340pP362|A00091,pP340|A00091
C00309,A00084,Yuki,Williams,yuki.williams@evergreeninsurance.com,379.283.7084,Office Manager,4592 Cedar Avenue,Denver,CO,80294,web_form,2024-06-25,yuki,williams,,yuki.williams@evergreeninsurance.com,+13792837084,4592 cedar ave,yuki.williams@evergreeninsurance.com,+13792837084,yW452,wY200,yW452|evergreeninsurance.com,yW452|4592|cedar|802,wY200yW452|evergreeninsurance.com,A00084,wY200yW452|A00084,yW452|A00084
C00310,A00063,Sarah,Thomas,sarah.thomas@northgateplumbing.com,942-783-0975,Engineer,5324 Park Boulevard,Chicago,IL,60656,crm,2023-03-26,sarah,thomas,,sarah.thomas@northgateplumbing.com,+19427830975,5324 park blvd,sarah.thomas@northgateplumbing.com,+19427830975,sT520,tS600,sT520|northgateplumbing.com,sT520|5324|park|606,sT520tS600|northgateplumbing.com,A00094,sT520tS600|A00094,sT520|A00094
C00311,A00048,Dan,Rodriguez,dan.rodriguez@brightpathconsulting.com,488.634.9987,Director of Operations,,,,,crm,2024-09-28,daniel,rodriguez,,dan.rodriguez@brightpathconsulting.com,+14886349987,,dan.rodriguez@brightpathconsulting.com,+14886349987,dR362,rD540,dR362|brightpathconsulting.com,,dR362rD540|brightpathconsulting.com,A00048,dR362rD540|A00048,dR362|A00048
C00312,A00150,Carlos,Garcia,,,Engineer,4090 ELM DR,Atlanta,GA,30355,web_form,2026-03-22,carlos,garcia,,,,4090 elm dr,,,cG620,gC642,,cG620|4090|elm|303,,A00150,cG620gC642|A00150,cG620|A00150
C00313,A00116,Olivia,Brown,olivia.brown@northgateinsurance.com,3393613615,Purchasing Agent,,,,,trade_show,2024-04-14,olivia,brown,,olivia.brown@northgateinsurance.com,+13393613615,,olivia.brown@northgateinsurance.com,+13393613615,oB650,bO410,oB650|northgateinsurance.com,,bO410oB650|northgateinsurance.com,A00116,bO410oB650|A00116,oB650|A00116
C00314,A00162,Jenny,Clark,jenny.clark@beacondesign.com,394.690.7564,Director of Operations,,,,,erp,2025-12-09,jennifer,clark,,jenny.clark@beacondesign.com,+13946907564,,jenny.clark@beacondesign.com,+13946907564,jC462,cJ516,jC462|beacondesign.com,,cJ516jC462|beacondesign.com,A00162,cJ516jC462|A00162,jC462|A00162
C00315,,Michael,Brown,michaelbrown0231@gmail.com,347-612-4144,Engineer,,,,,crm,2023-02-10,michael,brown,,michaelbrown0231@gmail.com,+13476124144,,michaelbrown0231@gmail.com,+13476124144,mB650,bM240,,,,,,
C00316,,Christopher,Taylor,christophertaylor0043@gmail.com,,Purchasing Agent,,,,,web_form,2024-12-11,christopher,taylor,,christophertaylor0043@gmail.com,,,christophertaylor0043@gmail.com,,cT460,tC623,,,,,,
C00317,A00135,Jackson,Yuik,,610.796.0491,CFO,,,,,web_form,2026-02-09,jackson,yuik,,,+16107960491,,,+16107960491,jY200,yJ250,,,,A00135,jY200yJ250|A00135,jY200|A00135
C00318,A00027,Hannah,Moore Jr.,hannahmoore0260@gmail.com,2652183990,Owner,,,,,billing,2026-07-11,hannah,moore,jr,hannahmoore0260@gmail.com,+12652183990,,hannahmoore0260@gmail.com,+12652183990,hM600,mH500,,,,A00027,hM600mH500|A00027,hM600|A00027
C00319,,Elizabeth,Jackson,elizabethjackson0199@gmail.com,431.241.4629,Office Manager,,,,,erp,2022-05-25,elizabeth,jackson,,elizabethjackson0199@gmail.com,+14312414629,,elizabethjackson0199@gmail.com,+14312414629,eJ250,jE421,,,,,,
C00320,A00131,Jennifer,Martinez,jennifer.martinez@oakmontdental.com,367.951.8174,CFO,5305 Church Avenue,Denver,CO,80278,erp,2022-09-08,jennifer,martinez,,jennifer.martinez@oakmontdental.com,+13679518174,5305 church ave,jennifer.martinez@oakmontdental.com,+13679518174,jM635,mJ516,jM635|oakmontdental.com,jM635|5305|church|802,jM635mJ516|oakmontdental.com,A00131,jM635mJ516|A00131,jM635|A00131
C00321,A00047,Daniel,Miller Jr.,danielmiller0259@gmail.com,+1 873 238 8036,CFO,5658 Elm Street,Columbus,OH,43242,erp,2025-06-10,daniel,miller,jr,danielmiller0259@gmail.com,+18732388036,5658 elm st,danielmiller0259@gmail.com,+18732388036,dM460,mD540,,dM460|5658|elm|432,,A00115,dM460mD540|A00115,dM460|A00115
C00322,A00037,Michael,Williams,michael.williams@copperhilllandscaping.com,946-255-5931,Owner,,,,,trade_show,2024-01-26,michael,williams,,michael.williams@copperhilllandscaping.com,+19462555931,,michael.williams@copperhilllandscaping.com,+19462555931,mW452,wM240,mW452|copperhilllandscaping.com,,mW452wM240|copperhilllandscaping.com,A00150,mW452wM240|A00150,mW452|A00150
C00323,A00138,Maria,Allen,maria.allen@oakmontconsulting.com,7142269729,VP Sales,961 Washington Road,Boston,MA,02148,crm,2023-07-27,maria,allen,,maria.allen@oakmontconsulting.com,+17142269729,961 washington rd,maria.allen@oakmontconsulting.com,+17142269729,mA450,aM600,mA450|oakmontconsulting.com,mA450|961|washington|021,aM600mA450|oakmontconsulting.com,A00138,aM600mA450|A00138,mA450|A00138
C00324,A00127,Katherine,Garcia Jr.,katherinegarcia0262@gmail.com,902-697-7317,Engineer,,,,,billing,2025-09-28,katherine,garcia,jr,katherinegarcia0262@gmail.com,+19026977317,,katherinegarcia0262@gmail.com,+19026977317,kG620,gK365,,,,A00127,gK365kG620|A00127,kG620|A00127
C00325,A00007,Daniel,Brown,daniel.brown@oakmontdesign.com,(426) 962-7225,Owner,,,,,erp,2022-09-26,daniel,brown,,daniel.brown@oakmontdesign.com,+14269627225,,daniel.brown@oakmontdesign.com,+14269627225,dB650,bD540,dB650|oakmontdesign.com,,bD540dB650|oakmontdesign.com,A00056,bD540dB650|A00056,dB650|A00056
C00326,A00025,William,Johnson Sr,william.johnson@evergreenlegalservices.com,(237) 547-8072,VP Sales,4947 Main Road,Portland,OR,97219,trade_show,2022-05-16,william,johnson,sr,william.johnson@evergreenlegalservices.com,+12375478072,4947 main rd,william.johnson@evergreenlegalservices.com,+12375478072,wJ525,jW450,wJ525|evergreenlegalservices.com,wJ525|4947|main|972,jW450wJ525|evergreenlegalservices.com,A00142,jW450wJ525|A00142,wJ525|A00142
C00327,A00059,Robert,Lee,robert.lee@sterlinganalytics.com,852.448.2757,Engineer,,,,,billing,2026-04-06,robert,lee,,robert.lee@sterlinganalytics.com,+18524482757,,robert.lee@sterlinganalytics.com,+18524482757,rL000,lR163,rL000|sterlinganalytics.com,,lR163rL000|sterlinganalytics.com,A00059,lR163rL000|A00059,rL000|A00059
C00328,A00153,Katherine,Harris,,,Director of Operations,9006 WASHINGTON BLVD,Phoenix,AZ,85064,crm,2026-02-08,katherine,harris,,,,9006 washington blvd,,,kH620,hK365,,kH620|9006|washington|850,,A00010,hK365kH620|A00010,kH620|A00010
C00329,A00107,Maggie,Allen,maggie.allen@falconelectric.com,3352591204,VP Sales,,,,,erp,2022-12-30,margaret,allen,,maggie.allen@falconelectric.com,+13352591204,,maggie.allen@falconelectric.com,+13352591204,mA450,aM626,mA450|falconelectric.com,,aM626mA450|falconelectric.com,A00107,aM626mA450|A00107,mA450|A00107
C00330,A00113,Omar,Moore,omar.moore@falcondental.com,451-414-2451,Director of Operations,,,,,crm,2024-01-26,omar,moore,,omar.moore@falcondental.com,+14514142451,,omar.moore@falcondental.com,+14514142451,oM600,mO560,oM600|falcondental.com,,mO560oM600|falcondental.com,A00113,mO560oM600|A00113,oM600|A00113
C00331,A00101,Daniel,Clark,daniel.clark@summitanalytics.com,539-847-7428,Owner,,,,,billing,2023-09-24,daniel,clark,,daniel.clark@summitanalytics.com,+15398477428,,daniel.clark@summitanalytics.com,+15398477428,dC462,cD540,dC462|summitanalytics.com,,cD540dC462|summitanalytics.com,A00069,cD540dC462|A00069,dC462|A00069
C00332,A00013,Olivia,Moore,olivia.moore@summitlogistics.com,6004330063,Owner,400 Park Street,Phoenix,AZ,85020,erp,2022-11-14,olivia,moore,,olivia.moore@summitlogistics.com,+16004330063,400 park st,olivia.moore@summitlogistics.com,+16004330063,oM600,mO410,oM600|summitlogistics.com,oM600|400|park|850,mO410oM600|summitlogistics.com,A00013,mO410oM600|A00013,oM600|A00013
C00333,A00031,Patricia,Patel,patricia.patel@blueridgelandscaping.com,(297) 359-7860,VP Sales,,,,,erp,2024-05-26,patricia,patel,,patricia.patel@blueridgelandscaping.com,+12973597860,,patricia.patel@blueridgelandscaping.com,+12973597860,pP340,pP362,pP340|blueridgelandscaping.com,,pP340pP362|blueridgelandscaping.com,A00031,pP340pP362|A00031,pP340|A00031
C00334,,David,Martinez,davidmartinez0216@gmail.com,+1 991 656 7978,Office Manager,,,,,crm,2025-05-09,david,martinez,,davidmartinez0216@gmail.com,+19916567978,,davidmartinez0216@gmail.com,+19916567978,dM635,mD130,,,,,,
C00335,A00122,Linda,Kim,lindakim0026@gmail.com,+1 932 306 8233,Engineer,,,,,trade_show,2023-06-13,linda,kim,,lindakim0026@gmail.com,+19323068233,,lindakim0026@gmail.com,+19323068233,lK500,kL530,,,,A00122,kL530lK500|A00122,lK500|A00122
C00336,A00082,Grace,Nguyen Jr,grace.nguyen.jr@pioneerinsurance.com,882-732-1987,Purchasing Agent,3737 Sunset Avenue,Columbus,OH,43251,trade_show,2022-07-17,grace,nguyen,jr,grace.nguyen.jr@pioneerinsurance.com,+18827321987,3737 sunset ave,grace.nguyen.jr@pioneerinsurance.com,+18827321987,gN250,nG620,gN250|pioneerinsurance.com,gN250|3737|sunset|432,gN250nG620|pioneerinsurance.com,A00052,gN250nG620|A00052,gN250|A00052
C00337,A00014,Michael,Brown,michael.brown@evergreendesign.com,(347) 612-4144,Engineer,,,,,billing,2025-10-29,michael,brown,,michael.brown@evergreendesign.com,+13476124144,,michael.brown@evergreendesign.com,+13476124144,mB650,bM240,mB650|evergreendesign.com,,bM240mB650|evergreendesign.com,A00105,bM240mB650|A00105,mB650|A00105
C00338,A00133,Deborah,Thompson,deborah.thompson@atlassoftware.com,458-209-1322,Director of Operations,,,,,crm,2023-04-19,deborah,thompson,,deborah.thompson@atlassoftware.com,+14582091322,,deborah.thompson@atlassoftware.com,+14582091322,dT512,tD160,dT512|atlassoftware.com,,dT512tD160|atlassoftware.com,A00133,dT512tD160|A00133,dT512|A00133
C00339,A00117,Katherine,Garcia,katherine.garcia@evergreenplumbing.com,2597783608,VP Sales,,,,,trade_show,2026-05-17,katherine,garcia,,katherine.garcia@evergreenplumbing.com,+12597783608,,katherine.garcia@evergreenplumbing.com,+12597783608,kG620,gK365,kG620|evergreenplumbing.com,,gK365kG620|evergreenplumbing.com,A00117,gK365kG620|A00117,kG620|A00117
C00340,A00018,David,Lopez,david.lopez@ironwoodbakery.com,+1 232 942 0328,Owner,3199 Washington Drive,Atlanta,GA,30325,erp,2026-05-11,david,lopez,,david.lopez@ironwoodbakery.com,+12329420328,3199 washington dr,david.lopez@ironwoodbakery.com,+12329420328,dL120,lD130,dL120|ironwoodbakery.com,dL120|3199|washington|303,dL120lD130|ironwoodbakery.com,A00018,dL120lD130|A00018,dL120|A00018
C00341,A00116,Luis,Taylor,luis.taylor@northgateinsurance.com,(466) 700-8815,Engineer,,,,,web_form,2026-07-06,luis,taylor,,luis.taylor@northgateinsurance.com,+14667008815,,luis.taylor@northgateinsurance.com,+14667008815,lT460,tL200,lT460|northgateinsurance.com,,lT460tL200|northgateinsurance.com,A00116,lT460tL200|A00116,lT460|A00116
C00342,A00098,Maria,Young,maria.young@silvercreekplumbing.com,+1 871 992 2724,Owner,,,,,erp,2022-05-22,maria,young,,maria.young@silvercreekplumbing.com,+18719922724,,maria.young@silvercreekplumbing.com,+18719922724,mY520,yM600,mY520|silvercreekplumbing.com,,mY520yM600|silvercreekplumbing.com,A00098,mY520yM600|A00098,mY520|A00098
C00343,A00131,James,Martinez,james.martinez@oakmontdental.com,(816) 418-3494,CFO,5305 Church Avenue,Denver,CO,80278,erp,2022-09-08,james,martinez,,james.martinez@oakmontdental.com,+18164183494,5305 church ave,james.martinez@oakmontdental.com,+18164183494,jM635,mJ520,jM635|oakmontdental.com,jM635|5305|church|802,jM635mJ520|oakmontdental.com,A00131,jM635mJ520|A00131,jM635|A00131
C00344,A00031,Luis,Martin,luis.martin.jr@blueridgelandscaping.com,3638468828,Office Manager,1818 Maple Drive,Columbus,OH,43269,trade_show,2023-02-03,luis,martin,,luis.martin.jr@blueridgelandscaping.com,+13638468828,1818 maple dr,luis.martin.jr@blueridgelandscaping.com,+13638468828,lM635,mL200,lM635|blueridgelandscaping.com,lM635|1818|maple|432,lM635mL200|blueridgelandscaping.com,A00031,lM635mL200|A00031,lM635|A00031
