contact_id,account_id,first_name,last_name,email,phone,title,address,city,state,zip,source_system,updated_at,first_norm,last_norm,name_suffix,email_norm,phone_norm,address_norm,k_email,k_phone,name_a,name_b,k_name_domain,k_name_street,k_name_swap,master_account_id,k_name_acct,k_initial_acct
C00001,A00146,Katherine,Hall,,,CFO,,,,,web_form,2024-12-20,katherine,hall,,,,,,,kH400,hK365,,,,A00128,hK365kH400|A00128,kH400|A00128
C00002,,Carlos,Young,,7977836758,CFO,,,,,billing,2025-06-21,carlos,young,,,+17977836758,,,+17977836758,cY520,yC642,,,,,,
C00003,A00043,Wei,Young,wei.young@summitconsulting.com,(326) 734-7799,Owner,4189 Washington Avenue,Boston,MA,02125,billing,2024-02-02,wei,young,,wei.young@summitconsulting.com,+13267347799,4189 washington ave,wei.young@summitconsulting.com,+13267347799,wY520,yW000,wY520|summitconsulting.com,wY520|4189|washington|021,wY520yW000|summitconsulting.com,A00028,wY520yW000|A00028,wY520|A00028
C00004,A00070,Linda,Lopez,linda.lopez@evergreenconsulting.com,(255) 872-9210,Engineer,,,,,erp,2023-07-11,linda,lopez,,linda.lopez@evergreenconsulting.com,+12558729210,,linda.lopez@evergreenconsulting.com,+12558729210,lL120,lL530,lL120|evergreenconsulting.com,,lL120lL530|evergreenconsulting.com,A00101,lL120lL530|A00101,lL120|A00101
C00005,A00139,Patricia,Smith,patricia.smith@evergreensoftware.com,+1 244 970 3104,VP Sales,,,,,trade_show,2025-02-01,patricia,smith,,patricia.smith@evergreensoftware.com,+12449703104,,patricia.smith@evergreensoftware.com,+12449703104,pS530,sP362,pS530|evergreensoftware.com,,pS530sP362|evergreensoftware.com,A00139,pS530sP362|A00139,pS530|A00139
C00006,A00120,Kevin,Johnson,kevin.johnson@sterlinginsurance.com,930-913-0414,Office Manager,7729 Elm Street,Atlanta,GA,30386,crm,2025-05-01,kevin,johnson,,kevin.johnson@sterlinginsurance.com,+19309130414,7729 elm st,kevin.johnson@sterlinginsurance.com,+19309130414,kJ525,jK150,kJ525|sterlinginsurance.com,kJ525|7729|elm|303,jK150kJ525|sterlinginsurance.com,A00120,jK150kJ525|A00120,kJ525|A00120
C00007,A00136,P.,Brown,,4337886953,Office Manager,5229 LAKE RD,Chicago,IL,60648,trade_show,2024-12-16,p,brown,,,+14337886953,5229 lake rd,,+14337886953,pB650,bP000,,pB650|5229|lake|606,,A00136,bP000pB650|A00136,pB650|A00136
C00008,A00116,Michael,Harris,michael.harris.jr@oakmontconsulting.com,(850) 587-1550,Owner,6126 Oak Street,Portland,OR,97294,trade_show,2023-03-16,michael,harris,,michael.harris.jr@oakmontconsulting.com,+18505871550,6126 oak st,michael.harris.jr@oakmontconsulting.com,+18505871550,mH620,hM240,mH620|oakmontconsulting.com,mH620|6126|oak|972,hM240mH620|oakmontconsulting.com,A00116,hM240mH620|A00116,mH620|A00116
C00009,A00028,Aisha,Miller,aisha.miller@summitconsulting.com,+1 713 536 4872,Owner,,,,,web_form,2022-12-04,aisha,miller,,aisha.miller@summitconsulting.com,+17135364872,,aisha.miller@summitconsulting.com,+17135364872,aM460,mA200,aM460|summitconsulting.com,,aM460mA200|summitconsulting.com,A00028,aM460mA200|A00028,aM460|A00028
C00010,,Joseph,Williams,josephwilliams0042@gmail.com,,Engineer,,,,,crm,2022-02-01,joseph,williams,,josephwilliams0042@gmail.com,,,josephwilliams0042@gmail.com,,jW452,wJ210,,,,,,
C00011,A00076,Priya,Lewis,priya.lewis@brightpathautorepair.com,(295) 871-1622,CFO,8669 Main Road,Columbus,OH,43293,erp,2023-07-25,priya,lewis,,priya.lewis@brightpathautorepair.com,+12958711622,8669 main rd,priya.lewis@brightpathautorepair.com,+12958711622,pL200,lP600,pL200|brightpathautorepair.com,pL200|8669|main|432,lP600pL200|brightpathautorepair.com,A00076,lP600pL200|A00076,pL200|A00076
C00012,A00025,Yuki,Rodriguez,yuki.rodriguez@lakesideconsulting.com,+1 978 252 5922,Engineer,,,,,web_form,2026-05-09,yuki,rodriguez,,yuki.rodriguez@lakesideconsulting.com,+19782525922,,yuki.rodriguez@lakesideconsulting.com,+19782525922,yR362,rY200,yR362|lakesideconsulting.com,,rY200yR362|lakesideconsulting.com,A00025,rY200yR362|A00025,yR362|A00025
C00013,A00004,Margaret,Walker,margaret.walker.jr@ironwoodelectric.com,8834263800,Engineer,9067 Oak Street,Boston,MA,02170,web_form,2024-05-21,margaret,walker,,margaret.walker.jr@ironwoodelectric.com,+18834263800,9067 oak st,margaret.walker.jr@ironwoodelectric.com,+18834263800,mW426,wM626,mW426|ironwoodelectric.com,mW426|9067|oak|021,mW426wM626|ironwoodelectric.com,A00004,mW426wM626|A00004,mW426|A00004
C00014,A00151,Robert,Martinez,robert.martinez@cedardental.com,965-567-0216,Owner,,,,,trade_show,2024-06-19,robert,martinez,,robert.martinez@cedardental.com,+19655670216,,robert.martinez@cedardental.com,+19655670216,rM635,mR163,rM635|cedardental.com,,mR163rM635|cedardental.com,A00151,mR163rM635|A00151,rM635|A00151
C00015,,Marcus,Williams,,,Engineer,,,,,web_form,2026-05-23,marcus,williams,,,,,,,mW452,wM622,,,,,,
C00016,A00130,Richard,Jackson,richard.jackson@northgatelogistics.com,437-547-5999,Owner,7301 Lake Avenue,Nashville,TN,37280,erp,2023-07-13,richard,jackson,,richard.jackson@northgatelogistics.com,+14375475999,7301 lake ave,richard.jackson@northgatelogistics.com,+14375475999,rJ250,jR263,rJ250|northgatelogistics.com,rJ250|7301|lake|372,jR263rJ250|northgatelogistics.com,A00130,jR263rJ250|A00130,rJ250|A00130
C00017,A00046,Christopher,Anderson,christopher.anderson@oakmontdesign.com,4773263915,Purchasing Agent,5713 Park Drive,Columbus,OH,43285,web_form,2025-09-24,christopher,anderson,,christopher.anderson@oakmontdesign.com,+14773263915,5713 park dr,christopher.anderson@oakmontdesign.com,+14773263915,cA536,aC623,cA536|oakmontdesign.com,cA536|5713|park|432,aC623cA536|oakmontdesign.com,A00046,aC623cA536|A00046,cA536|A00046
C00018,A00142,Luis,Hall,sales@falconlogistics.com,,Owner,1167 Park Road,Nashville,TN,37244,billing,2024-08-31,luis,hall,,sales@falconlogistics.com,,1167 park rd,,,lH400,hL200,lH400|falconlogistics.com,lH400|1167|park|372,hL200lH400|falconlogistics.com,A00100,hL200lH400|A00100,lH400|A00100
C00019,A00126,A.,Smith,,618.956.6979,Engineer,,,,,trade_show,2025-04-12,a,smith,,,+16189566979,,,+16189566979,aS530,sA000,,,,A00126,aS530sA000|A00126,aS530|A00126
C00020,A00076,David,Anderson,david.anderson@brightpathautorepair.com,442.319.0099,Engineer,1557 Main Boulevard,Denver,CO,80278,erp,2023-06-04,david,anderson,,david.anderson@brightpathautorepair.com,+14423190099,1557 main blvd,david.anderson@brightpathautorepair.com,+14423190099,dA536,aD130,dA536|brightpathautorepair.com,dA536|1557|main|802,aD130dA536|brightpathautorepair.com,A00076,aD130dA536|A00076,dA536|A00076
C00021,A00165,Richard,Lewis,richard.lewis@mapleleaflogistics.com,2148440853,Director of Operations,,,,,erp,2022-07-25,richard,lewis,,richard.lewis@mapleleaflogistics.com,+12148440853,,richard.lewis@mapleleaflogistics.com,+12148440853,rL200,lR263,rL200|mapleleaflogistics.com,,lR263rL200|mapleleaflogistics.com,A00165,lR263rL200|A00165,rL200|A00165
C00022,A00025,Wei,Nguyen,wei.nguyen@lakesideconsulting.com,6529727979,Director of Operations,3400 Maple Avenue,Chicago,IL,60616,trade_show,2023-05-02,wei,nguyen,,wei.nguyen@lakesideconsulting.com,+16529727979,3400 maple ave,wei.nguyen@lakesideconsulting.com,+16529727979,wN250,nW000,wN250|lakesideconsulting.com,wN250|3400|maple|606,nW000wN250|lakesideconsulting.com,A00025,nW000wN250|A00025,wN250|A00025
C00023,A00092,Olivia,Hall,olivia.hall@silvercreekelectric.com,954-326-7554,Purchasing Agent,,,,,web_form,2026-04-07,olivia,hall,,olivia.hall@silvercreekelectric.com,+19543267554,,olivia.hall@silvercreekelectric.com,+19543267554,oH400,hO410,oH400|silvercreekelectric.com,,hO410oH400|silvercreekelectric.com,A00092,hO410oH400|A00092,oH400|A00092
C00024,A00071,Carlos,Lopez,carloslopez0029@gmail.com,+1 716 488 5896,VP Sales,,,,,web_form,2023-12-26,carlos,lopez,,carloslopez0029@gmail.com,+17164885896,,carloslopez0029@gmail.com,+17164885896,cL120,lC642,,,,A00071,cL120lC642|A00071,cL120|A00071
C00025,A00160,Michael,Harris,michael.harris.jr@ironwoodautorepair.com,537.498.1997,CFO,4753 Park Road,Phoenix,AZ,85053,trade_show,2026-04-28,michael,harris,,michael.harris.jr@ironwoodautorepair.com,+15374981997,4753 park rd,michael.harris.jr@ironwoodautorepair.com,+15374981997,mH620,hM240,mH620|ironwoodautorepair.com,mH620|4753|park|850,hM240mH620|ironwoodautorepair.com,A00160,hM240mH620|A00160,mH620|A00160
C00026,A00078,Brown,Lusi,,4724597256,Owner,,,,,erp,2023-08-09,brown,lusi,,,+14724597256,,,+14724597256,bL200,lB650,,,,A00078,bL200lB650|A00078,bL200|A00078
C00027,A00128,Katherine,Hall,katherine.hall@summitautorepair.com,633-423-7873,CFO,,,,,crm,2025-02-14,katherine,hall,,katherine.hall@summitautorepair.com,+16334237873,,katherine.hall@summitautorepair.com,+16334237873,kH400,hK365,kH400|summitautorepair.com,,hK365kH400|summitautorepair.com,A00128,hK365kH400|A00128,kH400|A00128
C00028,A00120,David,Taylor,david.taylor@sterlinginsurance.com,602-839-3137,CFO,1866 Cedar Drive,Portland,OR,97292,erp,2023-07-07,david,taylor,,david.taylor@sterlinginsurance.com,+16028393137,1866 cedar dr,david.taylor@sterlinginsurance.com,+16028393137,dT460,tD130,dT460|sterlinginsurance.com,dT460|1866|cedar|972,dT460tD130|sterlinginsurance.com,A00120,dT460tD130|A00120,dT460|A00120
C00029,A00089,Linda,Hall,linda.hall@copperhillplumbing.com,653-354-3276,Engineer,,,,,web_form,2023-10-30,linda,hall,,linda.hall@copperhillplumbing.com,+16533543276,,linda.hall@copperhillplumbing.com,+16533543276,lH400,hL530,lH400|copperhillplumbing.com,,hL530lH400|copperhillplumbing.com,A00089,hL530lH400|A00089,lH400|A00089
C00030,A00142,Daniel,Thompson Jr,daniel.thompson.jr@falconlogistics.com,871-626-5804,Owner,9793 Hill Drive,Chicago,IL,60617,trade_show,2022-04-24,daniel,thompson,jr,daniel.thompson.jr@falconlogistics.com,+18716265804,9793 hill dr,daniel.thompson.jr@falconlogistics.com,+18716265804,dT512,tD540,dT512|falconlogistics.com,dT512|9793|hill|606,dT512tD540|falconlogistics.com,A00100,dT512tD540|A00100,dT512|A00100
C00031,,Susan,Patel,patriciapatel0207@gmail.com,698-796-1321,Director of Operations,,,,,trade_show,2023-04-18,susan,patel,,patriciapatel0207@gmail.com,+16987961321,,patriciapatel0207@gmail.com,+16987961321,sP340,pS250,,,,,,
C00032,A00103,William,Rodriguez,william.rodriguez@silvercreekautorepair.com,413-491-2289,Engineer,6794 Maple Boulevard,Austin,TX,78790,crm,2026-02-19,william,rodriguez,,william.rodriguez@silvercreekautorepair.com,+14134912289,6794 maple blvd,william.rodriguez@silvercreekautorepair.com,+14134912289,wR362,rW450,wR362|silvercreekautorepair.com,wR362|6794|maple|787,rW450wR362|silvercreekautorepair.com,A00037,rW450wR362|A00037,wR362|A00037
C00033,A00028,Aisha,Miller,aishamiller0030@gmail.com,7135364872,Owner,,,,,web_form,2023-03-07,aisha,miller,,aishamiller0030@gmail.com,+17135364872,,aishamiller0030@gmail.com,+17135364872,aM460,mA200,,,,A00028,aM460mA200|A00028,aM460|A00028
C00034,A00094,Richard,Williams,richard.williams@meridianlegalservices.com,215-779-4047,Purchasing Agent,6312 Lake Drive,Nashville,TN,37296,crm,2023-10-07,richard,williams,,richard.williams@meridianlegalservices.com,+12157794047,6312 lake dr,richard.williams@meridianlegalservices.com,+12157794047,rW452,wR263,rW452|meridianlegalservices.com,rW452|6312|lake|372,rW452wR263|meridianlegalservices.com,A00094,rW452wR263|A00094,rW452|A00094
C00035,A00067,Martin,Patriica,,+1 815 854 6934,VP Sales,,,,,crm,2022-03-01,martin,patriica,,,+18158546934,,,+18158546934,mP362,pM635,,,,A00067,mP362pM635|A00067,mP362|A00067
C00036,A00145,Joseph,Lopez,joseph.lopez@cedarconsulting.com,(287) 317-1167,CFO,,,,,web_form,2024-12-30,joseph,lopez,,joseph.lopez@cedarconsulting.com,+12873171167,,joseph.lopez@cedarconsulting.com,+12873171167,jL120,lJ210,jL120|cedarconsulting.com,,jL120lJ210|cedarconsulting.com,A00145,jL120lJ210|A00145,jL120|A00145
C00037,A00085,Maria,Thompson,maria.thompson@brightpathsoftware.com,682-553-9569,Purchasing Agent,,,,,billing,2023-07-03,maria,thompson,,maria.thompson@brightpathsoftware.com,+16825539569,,maria.thompson@brightpathsoftware.com,+16825539569,mT512,tM600,mT512|brightpathsoftware.com,,mT512tM600|brightpathsoftware.com,A00085,mT512tM600|A00085,mT512|A00085
C00038,A00066,Joseph,Johnson Jr,joseph.johnson.jr@graniteinsurance.com,+1 890 352 5883,CFO,3300 Maple Avenue,Phoenix,AZ,85066,erp,2025-03-08,joseph,johnson,jr,joseph.johnson.jr@graniteinsurance.com,+18903525883,3300 maple ave,joseph.johnson.jr@graniteinsurance.com,+18903525883,jJ525,jJ210,jJ525|graniteinsurance.com,jJ525|3300|maple|850,jJ210jJ525|graniteinsurance.com,A00066,jJ210jJ525|A00066,jJ525|A00066
C00039,A00021,Marcus,Anderson,marcus.anderson@mapleleaflegalservices.com,+1 330 435 8405,VP Sales,,,,,billing,2025-07-26,marcus,anderson,,marcus.anderson@mapleleaflegalservices.com,+13304358405,,marcus.anderson@mapleleaflegalservices.com,+13304358405,mA536,aM622,mA536|mapleleaflegalservices.com,,aM622mA536|mapleleaflegalservices.com,A00021,aM622mA536|A00021,mA536|A00021
C00040,A00067,James,Martinez Jr,james.martinez.jr@sterlingsoftware.com,9687264269,CFO,8161 Cedar Drive,Seattle,WA,98195,trade_show,2026-05-28,james,martinez,jr,james.martinez.jr@sterlingsoftware.com,+19687264269,8161 cedar dr,james.martinez.jr@sterlingsoftware.com,+19687264269,jM635,mJ520,jM635|sterlingsoftware.com,jM635|8161|cedar|981,jM635mJ520|sterlingsoftware.com,A00067,jM635mJ520|A00067,jM635|A00067
C00041,A00133,Richard,Taylor,richard.taylor@blueridgelegalservices.com,(989) 723-5932,VP Sales,8307 Washington Drive,Seattle,WA,98152,erp,2024-05-30,richard,taylor,,richard.taylor@blueridgelegalservices.com,+19897235932,8307 washington dr,richard.taylor@blueridgelegalservices.com,+19897235932,rT460,tR263,rT460|blueridgelegalservices.com,rT460|8307|washington|981,rT460tR263|blueridgelegalservices.com,A00133,rT460tR263|A00133,rT460|A00133
C00042,,Susan,Walker,susanwalker0221@gmail.com,4292611672,Director of Operations,,,,,crm,2023-09-30,susan,walker,,susanwalker0221@gmail.com,+14292611672,,susanwalker0221@gmail.com,+14292611672,sW426,wS250,,,,,,
C00043,A00098,William,Wilson,admin@summitdental.com,+1 216 598 6677,CFO,5674 Oak Avenue,Atlanta,GA,30328,trade_show,2024-12-16,william,wilson,,admin@summitdental.com,+12165986677,5674 oak ave,,+12165986677,wW425,wW450,wW425|summitdental.com,wW425|5674|oak|303,wW425wW450|summitdental.com,A00098,wW425wW450|A00098,wW425|A00098
C00044,A00094,Michael,Patel,michael.patel@meridianlegalservices.com,(963) 752-3118,Office Manager,,,,,web_form,2022-08-12,michael,patel,,michael.patel@meridianlegalservices.com,+19637523118,,michael.patel@meridianlegalservices.com,+19637523118,mP340,pM240,mP340|meridianlegalservices.com,,mP340pM240|meridianlegalservices.com,A00094,mP340pM240|A00094,mP340|A00094
C00045,A00096,Sarah,Moore,sarah.moore@evergreenroofing.com,237.965.6869,CFO,,,,,billing,2024-08-27,sarah,moore,,sarah.moore@evergreenroofing.com,+12379656869,,sarah.moore@evergreenroofing.com,+12379656869,sM600,mS600,sM600|evergreenroofing.com,,mS600sM600|evergreenroofing.com,A00096,mS600sM600|A00096,sM600|A00096
C00046,A00118,Y.,Thompson,,+1 339 770 2294,Engineer,1514 CEDAR AVE,Seattle,WA,98182,trade_show,2023-02-12,y,thompson,,,+13397702294,1514 cedar ave,,+13397702294,yT512,tY000,,yT512|1514|cedar|981,,A00151,tY000yT512|A00151,yT512|A00151
C00047,A00060,Daniel,Lopez,daniel.lopez@ironwoodlegalservices.com,684.444.8746,CFO,5093 Lake Avenue,Nashville,TN,37230,web_form,2024-03-12,daniel,lopez,,daniel.lopez@ironwoodlegalservices.com,+16844448746,5093 lake ave,daniel.lopez@ironwoodlegalservices.com,+16844448746,dL120,lD540,dL120|ironwoodlegalservices.com,dL120|5093|lake|372,dL120lD540|ironwoodlegalservices.com,A00060,dL120lD540|A00060,dL120|A00060
C00048,A00135,Sarah,Martinez,sarah.martinez@northgatedental.com,(855) 612-3469,Purchasing Agent,4719 Park Avenue,Portland,OR,97276,trade_show,2024-05-12,sarah,martinez,,sarah.martinez@northgatedental.com,+18556123469,4719 park ave,sarah.martinez@northgatedental.com,+18556123469,sM635,mS600,sM635|northgatedental.com,sM635|4719|park|972,mS600sM635|northgatedental.com,A00135,mS600sM635|A00135,sM635|A00135
C00049,A00067,James,Martinez Sr,james.martinez@sterlingsoftware.com,(831) 415-0074,VP Sales,8161 Cedar Drive,Seattle,WA,98195,trade_show,2026-05-28,james,martinez,sr,james.martinez@sterlingsoftware.com,+18314150074,8161 cedar dr,james.martinez@sterlingsoftware.com,+18314150074,jM635,mJ520,jM635|sterlingsoftware.com,jM635|8161|cedar|981,jM635mJ520|sterlingsoftware.com,A00067,jM635mJ520|A00067,jM635|A00067
C00050,A00083,William,Davis,williamdavis0026@gmail.com,334-760-2249,Purchasing Agent,,,,,erp,2024-04-08,william,davis,,williamdavis0026@gmail.com,+13347602249,,williamdavis0026@gmail.com,+13347602249,wD120,dW450,,,,A00083,dW450wD120|A00083,wD120|A00083
C00051,A00158,Priya,Martin,priya.martin@meridianelectric.com,805-635-7425,Owner,6490 Cedar Drive,Denver,CO,80294,crm,2025-10-30,priya,martin,,priya.martin@meridianelectric.com,+18056357425,6490 cedar dr,priya.martin@meridianelectric.com,+18056357425,pM635,mP600,pM635|meridianelectric.com,pM635|6490|cedar|802,mP600pM635|meridianelectric.com,A00158,mP600pM635|A00158,pM635|A00158
C00052,A00088,Omar,Martinez,,,Engineer,3299 Elm Boulevard,Columbus,OH,43230,web_form,2022-05-07,omar,martinez,,,,3299 elm blvd,,,oM635,mO560,,oM635|3299|elm|432,,A00069,mO560oM635|A00069,oM635|A00069
C00053,A00112,Richard,Rodriguez,richard.rodriguez@redwoodanalytics.com,(708) 929-0151,VP Sales,,,,,web_form,2024-05-23,richard,rodriguez,,richard.rodriguez@redwoodanalytics.com,+17089290151,,richard.rodriguez@redwoodanalytics.com,+17089290151,rR362,rR263,rR362|redwoodanalytics.com,,rR263rR362|redwoodanalytics.com,A00042,rR263rR362|A00042,rR362|A00042
C00054,A00160,Michael,Harris,michael.harris@ironwoodautorepair.com,430-391-9237,Director of Operations,4753 Park Road,Phoenix,AZ,85053,trade_show,2026-04-28,michael,harris,,michael.harris@ironwoodautorepair.com,+14303919237,4753 park rd,michael.harris@ironwoodautorepair.com,+14303919237,mH620,hM240,mH620|ironwoodautorepair.com,mH620|4753|park|850,hM240mH620|ironwoodautorepair.com,A00160,hM240mH620|A00160,mH620|A00160
C00055,A00098,Luis,Lee,llee@summitdental.com,(550) 302-6374,Director of Operations,3391 Washington Boulevard,Columbus,OH,43265,trade_show,2026-02-24,luis,lee,,llee@summitdental.com,+15503026374,3391 washington blvd,llee@summitdental.com,+15503026374,lL000,lL200,lL000|summitdental.com,lL000|3391|washington|432,lL000lL200|summitdental.com,A00098,lL000lL200|A00098,lL000|A00098
C00056,A00163,Elizabeth,Thompson,elizabeth.thompson@cedarconsulting.com,(714) 732-3689,Owner,9180 Sunset Drive,Nashville,TN,37252,web_form,2022-09-22,elizabeth,thompson,,elizabeth.thompson@cedarconsulting.com,+17147323689,9180 sunset dr,elizabeth.thompson@cedarconsulting.com,+17147323689,eT512,tE421,eT512|cedarconsulting.com,eT512|9180|sunset|372,eT512tE421|cedarconsulting.com,A00163,eT512tE421|A00163,eT512|A00163
C00057,A00126,James,Williams,james.williams@falconstaffing.com,2905116515,Office Manager,,,,,web_form,2022-06-28,james,williams,,james.williams@falconstaffing.com,+12905116515,,james.williams@falconstaffing.com,+12905116515,jW452,wJ520,jW452|falconstaffing.com,,jW452wJ520|falconstaffing.com,A00126,jW452wJ520|A00126,jW452|A00126
C00058,,David,Moore,davidmoore0232@gmail.com,+1 630 852 9389,Director of Operations,6976 MAIN RD,Chicago,IL,60693,erp,2024-12-31,david,moore,,davidmoore0232@gmail.com,+16308529389,6976 main rd,davidmoore0232@gmail.com,+16308529389,dM600,mD130,,dM600|6976|main|606,,,,
C00059,A00143,Priya,Walker,support@sterlinglandscaping.com,548-804-7006,VP Sales,7690 Park Street,Nashville,TN,37242,trade_show,2022-10-06,priya,walker,,support@sterlinglandscaping.com,+15488047006,7690 park st,,+15488047006,pW426,wP600,pW426|sterlinglandscaping.com,pW426|7690|park|372,pW426wP600|sterlinglandscaping.com,A00143,pW426wP600|A00143,pW426|A00143
C00060,A00062,Jennifer,Garcia,jennifer.garcia@ironwoodautorepair.com,427.379.0272,CFO,6036 Sunset Road,Austin,TX,78756,billing,2023-06-19,jennifer,garcia,,jennifer.garcia@ironwoodautorepair.com,+14273790272,6036 sunset rd,jennifer.garcia@ironwoodautorepair.com,+14273790272,jG620,gJ516,jG620|ironwoodautorepair.com,jG620|6036|sunset|787,gJ516jG620|ironwoodautorepair.com,A00062,gJ516jG620|A00062,jG620|A00062
C00061,A00065,Margaret,White,margaret.white@ironwoodinsurance.com,(355) 315-9373,VP Sales,5256 Sunset Boulevard,Phoenix,AZ,85048,trade_show,2023-02-21,margaret,white,,margaret.white@ironwoodinsurance.com,+13553159373,5256 sunset blvd,margaret.white@ironwoodinsurance.com,+13553159373,mW300,wM626,mW300|ironwoodinsurance.com,mW300|5256|sunset|850,mW300wM626|ironwoodinsurance.com,A00018,mW300wM626|A00018,mW300|A00018
C00062,A00027,Anthony,Kim,anthony.kim@oakmontdental.com,5062467940,Director of Operations,1341 Church Avenue,Austin,TX,78770,erp,2026-06-26,anthony,kim,,anthony.kim@oakmontdental.com,+15062467940,1341 church ave,anthony.kim@oakmontdental.com,+15062467940,aK500,kA535,aK500|oakmontdental.com,aK500|1341|church|787,aK500kA535|oakmontdental.com,A00027,aK500kA535|A00027,aK500|A00027
C00063,,Margaret,Williams,,,VP Sales,,,,,web_form,2025-10-13,margaret,williams,,,,,,,mW452,wM626,,,,,,
C00064,A00005,Grace,Moore,grace.moore@meridianplumbing.com,726-426-2577,Owner,3397 Main Avenue,Nashville,TN,37246,trade_show,2023-03-15,grace,moore,,grace.moore@meridianplumbing.com,+17264262577,3397 main ave,grace.moore@meridianplumbing.com,+17264262577,gM600,mG620,gM600|meridianplumbing.com,gM600|3397|main|372,gM600mG620|meridianplumbing.com,A00005,gM600mG620|A00005,gM600|A00005
C00065,A00071,Patricia,Smith,patricia.smith@copperhillroofing.com,6932190226,VP Sales,,,,,erp,2022-08-05,patricia,smith,,patricia.smith@copperhillroofing.com,+16932190226,,patricia.smith@copperhillroofing.com,+16932190226,pS530,sP362,pS530|copperhillroofing.com,,pS530sP362|copperhillroofing.com,A00071,pS530sP362|A00071,pS530|A00071
C00066,A00027,Aisha,Jackson,aisha.jackson@oakmontdental.com,+1 516 851 7234,Director of Operations,,,,,web_form,2025-04-22,aisha,jackson,,aisha.jackson@oakmontdental.com,+15168517234,,aisha.jackson@oakmontdental.com,+15168517234,aJ250,jA200,aJ250|oakmontdental.com,,aJ250jA200|oakmontdental.com,A00027,aJ250jA200|A00027,aJ250|A00027
C00067,A00063,Margaret,Miller,margaret.miller@lakesidesoftware.com,452.382.8199,Office Manager,,,,,billing,2023-08-12,margaret,miller,,margaret.miller@lakesidesoftware.com,+14523828199,,margaret.miller@lakesidesoftware.com,+14523828199,mM460,mM626,mM460|lakesidesoftware.com,,mM460mM626|lakesidesoftware.com,A00036,mM460mM626|A00036,mM460|A00036
C00068,A00067,Patricia,Martin,patricia.martin@sterlingsoftware.com,(815) 854-6934,VP Sales,,,,,web_form,2025-11-01,patricia,martin,,patricia.martin@sterlingsoftware.com,+18158546934,,patricia.martin@sterlingsoftware.com,+18158546934,pM635,mP362,pM635|sterlingsoftware.com,,mP362pM635|sterlingsoftware.com,A00067,mP362pM635|A00067,pM635|A00067
C00069,A00039,Maria,Allen,maria.allen@keystoneelectric.com,(503) 626-7712,Owner,,,,,trade_show,2024-04-29,maria,allen,,maria.allen@keystoneelectric.com,+15036267712,,maria.allen@keystoneelectric.com,+15036267712,mA450,aM600,mA450|keystoneelectric.com,,aM600mA450|keystoneelectric.com,A00039,aM600mA450|A00039,mA450|A00039
C00070,A00113,Kevin,Johnson,kevin.johnson@silvercreekanalytics.com,(617) 641-9996,Director of Operations,2578 Cedar Road,Portland,OR,97268,erp,2024-01-07,kevin,johnson,,kevin.johnson@silvercreekanalytics.com,+16176419996,2578 cedar rd,kevin.johnson@silvercreekanalytics.com,+16176419996,kJ525,jK150,kJ525|silvercreekanalytics.com,kJ525|2578|cedar|972,jK150kJ525|silvercreekanalytics.com,A00113,jK150kJ525|A00113,kJ525|A00113
C00071,A00141,Yuki,Miller,yuki.miller@lakesideelectric.com,+1 864 678 3598,Owner,4856 Cedar Road,Portland,OR,97224,erp,2023-07-06,yuki,miller,,yuki.miller@lakesideelectric.com,+18646783598,4856 cedar rd,yuki.miller@lakesideelectric.com,+18646783598,yM460,mY200,yM460|lakesideelectric.com,yM460|4856|cedar|972,mY200yM460|lakesideelectric.com,A00141,mY200yM460|A00141,yM460|A00141
C00072,A00091,Michael,Patel Jr,michael.patel@northgatesoftware.com,(635) 987-6270,CFO,7671 Park Road,Austin,TX,78732,crm,2022-02-12,michael,patel,jr,michael.patel@northgatesoftware.com,+16359876270,7671 park rd,michael.patel@northgatesoftware.com,+16359876270,mP340,pM240,mP340|northgatesoftware.com,mP340|7671|park|787,mP340pM240|northgatesoftware.com,A00091,mP340pM240|A00091,mP340|A00091
C00073,A00085,Priya,Thomas,priya.thomas@brightpathsoftware.com,5367964511,CFO,4723 Hill Street,Chicago,IL,60651,billing,2026-03-20,priya,thomas,,priya.thomas@brightpathsoftware.com,+15367964511,4723 hill st,priya.thomas@brightpathsoftware.com,+15367964511,pT520,tP600,pT520|brightpathsoftware.com,pT520|4723|hill|606,pT520tP600|brightpathsoftware.com,A00085,pT520tP600|A00085,pT520|A00085
C00074,A00113,Katherine,Lewis,sales@silvercreekanalytics.com,,Office Manager,,,,,trade_show,2023-12-28,katherine,lewis,,sales@silvercreekanalytics.com,,,,,kL200,lK365,kL200|silvercreekanalytics.com,,kL200lK365|silvercreekanalytics.com,A00113,kL200lK365|A00113,kL200|A00113
C00075,A00008,Linda,Kim,linda.kim@silvercreeksoftware.com,3456795522,VP Sales,873 Church Road,Boston,MA,02169,web_form,2025-06-01,linda,kim,,linda.kim@silvercreeksoftware.com,+13456795522,873 church rd,linda.kim@silvercreeksoftware.com,+13456795522,lK500,kL530,lK500|silvercreeksoftware.com,lK500|873|church|021,kL530lK500|silvercreeksoftware.com,A00008,kL530lK500|A00008,lK500|A00008
C00076,A00141,Maria,Garcia,maria.garcia@lakesideelectric.com,+1 823 953 7456,Engineer,6568 Oak Road,Phoenix,AZ,85057,trade_show,2022-09-11,maria,garcia,,maria.garcia@lakesideelectric.com,+18239537456,6568 oak rd,maria.garcia@lakesideelectric.com,+18239537456,mG620,gM600,mG620|lakesideelectric.com,mG620|6568|oak|850,gM600mG620|lakesideelectric.com,A00141,gM600mG620|A00141,mG620|A00141
C00077,,Omar,Young,danielyoung0205@gmail.com,+1 958 292 8929,Director of Operations,,,,,crm,2023-02-26,omar,young,,danielyoung0205@gmail.com,+19582928929,,danielyoung0205@gmail.com,+19582928929,oY520,yO560,,,,,,
C00078,A00124,Christopher,Walker,christopher.walker@beaconelectric.com,928.821.8996,Office Manager,,,,,crm,2025-08-16,christopher,walker,,christopher.walker@beaconelectric.com,+19288218996,,christopher.walker@beaconelectric.com,+19288218996,cW426,wC623,cW426|beaconelectric.com,,cW426wC623|beaconelectric.com,A00148,cW426wC623|A00148,cW426|A00148
C00079,A00109,Marcus,Moore,marcus.moore@falconsoftware.com,831-482-8135,Purchasing Agent,8150 Sunset Road,Boston,MA,02152,web_form,2024-05-05,marcus,moore,,marcus.moore@falconsoftware.com,+18314828135,8150 sunset rd,marcus.moore@falconsoftware.com,+18314828135,mM600,mM622,mM600|falconsoftware.com,mM600|8150|sunset|021,mM600mM622|falconsoftware.com,A00019,mM600mM622|A00019,mM600|A00019
C00080,A00088,Susan,Nguyen,admin@redwoodstaffing.com,628-776-5170,Director of Operations,8287 Sunset Street,Chicago,IL,60633,billing,2024-09-03,susan,nguyen,,admin@redwoodstaffing.com,+16287765170,8287 sunset st,,+16287765170,sN250,nS250,sN250|redwoodstaffing.com,sN250|8287|sunset|606,nS250sN250|redwoodstaffing.com,A00069,nS250sN250|A00069,sN250|A00069
C00081,A00166,Wei,Nguyen,wei.nguyen@ironwoodroofing.com,8496159434,Engineer,,,,,erp,2023-02-13,wei,nguyen,,wei.nguyen@ironwoodroofing.com,+18496159434,,wei.nguyen@ironwoodroofing.com,+18496159434,wN250,nW000,wN250|ironwoodroofing.com,,nW000wN250|ironwoodroofing.com,A00166,nW000wN250|A00166,wN250|A00166
C00082,A00056,Maria,Taylor,maria.taylor@brightpathconsulting.com,3939966693,Office Manager,,,,,erp,2025-09-29,maria,taylor,,maria.taylor@brightpathconsulting.com,+13939966693,,maria.taylor@brightpathconsulting.com,+13939966693,mT460,tM600,mT460|brightpathconsulting.com,,mT460tM600|brightpathconsulting.com,A00017,mT460tM600|A00017,mT460|A00017
C00083,A00116,Michael,White,michael.white@oakmontconsulting.com,+1 560 449 6066,VP Sales,6501 Lake Drive,Seattle,WA,98114,trade_show,2022-02-03,michael,white,,michael.white@oakmontconsulting.com,+15604496066,6501 lake dr,michael.white@oakmontconsulting.com,+15604496066,mW300,wM240,mW300|oakmontconsulting.com,mW300|6501|lake|981,mW300wM240|oakmontconsulting.com,A00116,mW300wM240|A00116,mW300|A00116
C00084,A00126,Aisha,Smith,aisha.smith@falconstaffing.com,6189566979,Engineer,,,,,billing,2025-01-13,aisha,smith,,aisha.smith@falconstaffing.com,+16189566979,,aisha.smith@falconstaffing.com,+16189566979,aS530,sA200,aS530|falconstaffing.com,,aS530sA200|falconstaffing.com,A00126,aS530sA200|A00126,aS530|A00126
C00085,A00159,Michael,Garcia,michael.garcia@sterlingelectric.com,291.832.1182,Owner,880 Lake Avenue,Phoenix,AZ,85019,web_form,2023-04-08,michael,garcia,,michael.garcia@sterlingelectric.com,+12918321182,880 lake ave,michael.garcia@sterlingelectric.com,+12918321182,mG620,gM240,mG620|sterlingelectric.com,mG620|880|lake|850,gM240mG620|sterlingelectric.com,A00159,gM240mG620|A00159,mG620|A00159
C00086,A00049,Carlos,Patel,carlos.patel@blueridgelandscaping.com,562.724.2503,Owner,,,,,trade_show,2022-12-16,carlos,patel,,carlos.patel@blueridgelandscaping.com,+15627242503,,carlos.patel@blueridgelandscaping.com,+15627242503,cP340,pC642,cP340|blueridgelandscaping.com,,cP340pC642|blueridgelandscaping.com,A00049,cP340pC642|A00049,cP340|A00049
C00087,A00055,W.,Jackson,,,Purchasing Agent,,,,,billing,2023-08-29,w,jackson,,,,,,,wJ250,jW000,,,,A00101,jW000wJ250|A00101,wJ250|A00101
C00088,A00103,Yuki,Hall,,,VP Sales,,,,,web_form,2022-04-23,yuki,hall,,,,,,,yH400,hY200,,,,A00037,hY200yH400|A00037,yH400|A00037
C00089,A00133,Taylor,Rihard,,989.723.5932,VP Sales,8307 Washington Drive,Seattle,WA,98152,billing,2024-07-13,taylor,rihard,,,+19897235932,8307 washington dr,,+19897235932,tR630,rT460,,tR630|8307|washington|981,,A00133,rT460tR630|A00133,tR630|A00133
C00090,A00108,Yuki,Martinez,yuki.martinez@meridianplumbing.com,795-918-5861,Office Manager,,,,,erp,2024-03-31,yuki,martinez,,yuki.martinez@meridianplumbing.com,+17959185861,,yuki.martinez@meridianplumbing.com,+17959185861,yM635,mY200,yM635|meridianplumbing.com,,mY200yM635|meridianplumbing.com,A00005,mY200yM635|A00005,yM635|A00005
C00091,A00053,Linda,Wilson,linda.wilson@keystoneconsulting.com,9903863272,Office Manager,,,,,crm,2024-04-22,linda,wilson,,linda.wilson@keystoneconsulting.com,+19903863272,,linda.wilson@keystoneconsulting.com,+19903863272,lW425,wL530,lW425|keystoneconsulting.com,,lW425wL530|keystoneconsulting.com,A00053,lW425wL530|A00053,lW425|A00053
C00092,A00048,Marcus,Garcia,marcus.garcia.jr@sterlingsoftware.com,8142863182,VP Sales,769 Park Avenue,Chicago,IL,60631,erp,2022-02-08,marcus,garcia,,marcus.garcia.jr@sterlingsoftware.com,+18142863182,769 park ave,marcus.garcia.jr@sterlingsoftware.com,+18142863182,mG620,gM622,mG620|sterlingsoftware.com,mG620|769|park|606,gM622mG620|sterlingsoftware.com,A00067,gM622mG620|A00067,mG620|A00067
C00093,A00070,Luis,Garcia,luis.garcia@evergreenconsulting.com,881-495-7480,CFO,7190 Oak Avenue,Chicago,IL,60622,trade_show,2025-05-01,luis,garcia,,luis.garcia@evergreenconsulting.com,+18814957480,7190 oak ave,luis.garcia@evergreenconsulting.com,+18814957480,lG620,gL200,lG620|evergreenconsulting.com,lG620|7190|oak|606,gL200lG620|evergreenconsulting.com,A00101,gL200lG620|A00101,lG620|A00101
C00094,A00116,Michael,Harris,michael.harris@oakmontconsulting.com,5804258945,CFO,6126 Oak Street,Portland,OR,97294,trade_show,2023-03-16,michael,harris,,michael.harris@oakmontconsulting.com,+15804258945,6126 oak st,michael.harris@oakmontconsulting.com,+15804258945,mH620,hM240,mH620|oakmontconsulting.com,mH620|6126|oak|972,hM240mH620|oakmontconsulting.com,A00116,hM240mH620|A00116,mH620|A00116
C00095,A00021,James,Lopez Jr,james.lopez.jr@mapleleaflegalservices.com,273.372.9829,Owner,375 Maple Avenue,Chicago,IL,60674,erp,2023-12-15,james,lopez,jr,james.lopez.jr@mapleleaflegalservices.com,+12733729829,375 maple ave,james.lopez.jr@mapleleaflegalservices.com,+12733729829,jL120,lJ520,jL120|mapleleaflegalservices.com,jL120|375|maple|606,jL120lJ520|mapleleaflegalservices.com,A00021,jL120lJ520|A00021,jL120|A00021
C00096,A00136,Omar,Allen,omar.allen@evergreendental.com,6448261430,CFO,4149 Oak Drive,Chicago,IL,60612,web_form,2024-11-08,omar,allen,,omar.allen@evergreendental.com,+16448261430,4149 oak dr,omar.allen@evergreendental.com,+16448261430,oA450,aO560,oA450|evergreendental.com,oA450|4149|oak|606,aO560oA450|evergreendental.com,A00136,aO560oA450|A00136,oA450|A00136
C00097,A00144,Sue,Kim,sue.kim@beaconroofing.com,398.937.4129,VP Sales,,,,,trade_show,2026-06-13,susan,kim,,sue.kim@beaconroofing.com,+13989374129,,sue.kim@beaconroofing.com,+13989374129,sK500,kS250,sK500|beaconroofing.com,,kS250sK500|beaconroofing.com,A00144,kS250sK500|A00144,sK500|A00144
C00098,,Marcus,Johnson,,,Engineer,,,,,trade_show,2025-07-31,marcus,johnson,,,,,,,mJ525,jM622,,,,,,
C00099,A00057,Jen,Jackson,jen.jackson@lakesideanalytics.com,245-828-1894,VP Sales,,,,,trade_show,2022-09-12,jennifer,jackson,,jen.jackson@lakesideanalytics.com,+12458281894,,jen.jackson@lakesideanalytics.com,+12458281894,jJ250,jJ516,jJ250|lakesideanalytics.com,,jJ250jJ516|lakesideanalytics.com,A00057,jJ250jJ516|A00057,jJ250|A00057
C00100,,Linda,Hall,lindahall0229@gmail.com,(773) 708-2524,VP Sales,,,,,erp,2025-04-22,linda,hall,,lindahall0229@gmail.com,+17737082524,,lindahall0229@gmail.com,+17737082524,lH400,hL530,,,,,,
C00101,,David,Clark,davidclark0216@gmail.com,5893651185,Owner,,,,,erp,2022-08-22,david,clark,,davidclark0216@gmail.com,+15893651185,,davidclark0216@gmail.com,+15893651185,dC462,cD130,,,,,,
C00102,,Carlos,Young,,,CFO,,,,,crm,2023-11-26,carlos,young,,,,,,,cY520,yC642,,,,,,
C00103,,Christopher,Kim,christopherkim0215@gmail.com,589.365.1185,Engineer,,,,,erp,2025-03-10,christopher,kim,,christopherkim0215@gmail.com,+15893651185,,christopherkim0215@gmail.com,+15893651185,cK500,kC623,,,,,,
C00104,A00119,David,Clark,david.clark@ironwoodstaffing.com,+1 652 404 4134,Engineer,,,,,billing,2023-11-15,david,clark,,david.clark@ironwoodstaffing.com,+16524044134,,david.clark@ironwoodstaffing.com,+16524044134,dC462,cD130,dC462|ironwoodstaffing.com,,cD130dC462|ironwoodstaffing.com,A00119,cD130dC462|A00119,dC462|A00119
C00105,A00049,Anthony,Lee,anthony.lee@blueridgelandscaping.com,+1 750 658 4331,Purchasing Agent,9285 Park Street,Nashville,TN,37271,trade_show,2022-10-25,anthony,lee,,anthony.lee@blueridgelandscaping.com,+17506584331,9285 park st,anthony.lee@blueridgelandscaping.com,+17506584331,aL000,lA535,aL000|blueridgelandscaping.com,aL000|9285|park|372,aL000lA535|blueridgelandscaping.com,A00049,aL000lA535|A00049,aL000|A00049
C00106,A00161,Nathan,Johnson,nathan.johnson@graniteautorepair.com,700-698-6754,Owner,7031 Hill Road,Austin,TX,78780,trade_show,2022-11-01,nathan,johnson,,nathan.johnson@graniteautorepair.com,+17006986754,7031 hill rd,nathan.johnson@graniteautorepair.com,+17006986754,nJ525,jN350,nJ525|graniteautorepair.com,nJ525|7031|hill|787,jN350nJ525|graniteautorepair.com,A00161,jN350nJ525|A00161,nJ525|A00161
C00107,A00069,Anthony,Moore,anthony.moore@redwoodstaffing.com,(348) 289-6920,Director of Operations,1061 Cedar Boulevard,Boston,MA,02102,erp,2023-08-08,anthony,moore,,anthony.moore@redwoodstaffing.com,+13482896920,1061 cedar blvd,anthony.moore@redwoodstaffing.com,+13482896920,aM600,mA535,aM600|redwoodstaffing.com,aM600|1061|cedar|021,aM600mA535|redwoodstaffing.com,A00069,aM600mA535|A00069,aM600|A00069
C00108,,Yuki,Patel,yukipatel0044@gmail.com,,Owner,,,,,billing,2024-12-24,yuki,patel,,yukipatel0044@gmail.com,,,yukipatel0044@gmail.com,,yP340,pY200,,,,,,
C00109,A00047,Michael,Anderson,michael.anderson@evergreensoftware.com,(778) 338-8676,CFO,,,,,erp,2022-10-04,michael,anderson,,michael.anderson@evergreensoftware.com,+17783388676,,michael.anderson@evergreensoftware.com,+17783388676,mA536,aM240,mA536|evergreensoftware.com,,aM240mA536|evergreensoftware.com,A00047,aM240mA536|A00047,mA536|A00047
C00110,A00039,William,Harris,william.harris@keystoneelectric.com,+1 825 576 2579,VP Sales,,,,,trade_show,2023-06-07,william,harris,,william.harris@keystoneelectric.com,+18255762579,,william.harris@keystoneelectric.com,+18255762579,wH620,hW450,wH620|keystoneelectric.com,,hW450wH620|keystoneelectric.com,A00039,hW450wH620|A00039,wH620|A00039
C00111,A00011,Nathan,Nguyen Jr.,nathannguyen0260@gmail.com,(308) 319-5053,CFO,,,,,billing,2025-03-04,nathan,nguyen,jr,nathannguyen0260@gmail.com,+13083195053,,nathannguyen0260@gmail.com,+13083195053,nN250,nN350,,,,A00011,nN250nN350|A00011,nN250|A00011
C00112,,Joseph,Martin,josephmartin0217@gmail.com,878-254-6228,VP Sales,,,,,billing,2023-06-18,joseph,martin,,josephmartin0217@gmail.com,+18782546228,,josephmartin0217@gmail.com,+18782546228,jM635,mJ210,,,,,,
C00113,A00086,Bill,Smith,bill.smith@ironwoodlegalservices.com,(536) 508-9949,Office Manager,,,,,web_form,2022-02-26,william,smith,,bill.smith@ironwoodlegalservices.com,+15365089949,,bill.smith@ironwoodlegalservices.com,+15365089949,wS530,sW450,wS530|ironwoodlegalservices.com,,sW450wS530|ironwoodlegalservices.com,A00060,sW450wS530|A00060,wS530|A00060
C00114,A00121,Priya,Young,priyayoung0028@gmail.com,(200) 773-4850,VP Sales,874 LAKE ST,Austin,TX,78781,web_form,2024-07-30,priya,young,,priyayoung0028@gmail.com,+12007734850,874 lake st,priyayoung0028@gmail.com,+12007734850,pY520,yP600,,pY520|874|lake|787,,A00121,pY520yP600|A00121,pY520|A00121
C00115,A00012,Michael,Johnson Jr,michael.johnson@copperhilllandscaping.com,892-963-5790,Owner,,,,,crm,2023-03-12,michael,johnson,jr,michael.johnson@copperhilllandscaping.com,+18929635790,,michael.johnson@copperhilllandscaping.com,+18929635790,mJ525,jM240,mJ525|copperhilllandscaping.com,,jM240mJ525|copperhilllandscaping.com,A00012,jM240mJ525|A00012,mJ525|A00012
C00116,A00096,Deborah,Jackson,deborah.jackson@evergreenroofing.com,+1 371 436 3138,Director of Operations,,,,,trade_show,2025-01-02,deborah,jackson,,deborah.jackson@evergreenroofing.com,+13714363138,,deborah.jackson@evergreenroofing.com,+13714363138,dJ250,jD160,dJ250|evergreenroofing.com,,dJ250jD160|evergreenroofing.com,A00096,dJ250jD160|A00096,dJ250|A00096
C00117,A00122,Marcus,Anderson,marcus.anderson@evergreensoftware.com,735-371-5700,Owner,9510 Park Avenue,Columbus,OH,43285,billing,2026-06-30,marcus,anderson,,marcus.anderson@evergreensoftware.com,+17353715700,9510 park ave,marcus.anderson@evergreensoftware.com,+17353715700,mA536,aM622,mA536|evergreensoftware.com,mA536|9510|park|432,aM622mA536|evergreensoftware.com,A00122,aM622mA536|A00122,mA536|A00122
C00118,A00112,Michael,Harris,michael.harris@redwoodanalytics.com,(577) 898-5735,Engineer,6536 Lake Avenue,Austin,TX,78718,trade_show,2025-06-16,michael,harris,,michael.harris@redwoodanalytics.com,+15778985735,6536 lake ave,michael.harris@redwoodanalytics.com,+15778985735,mH620,hM240,mH620|redwoodanalytics.com,mH620|6536|lake|787,hM240mH620|redwoodanalytics.com,A00042,hM240mH620|A00042,mH620|A00042
C00119,A00077,Olivia,Miller,olivia.miller@lakesidelogistics.com,6417007062,Director of Operations,4073 Cedar Avenue,Nashville,TN,37263,web_form,2025-04-30,olivia,miller,,olivia.miller@lakesidelogistics.com,+16417007062,4073 cedar ave,olivia.miller@lakesidelogistics.com,+16417007062,oM460,mO410,oM460|lakesidelogistics.com,oM460|4073|cedar|372,mO410oM460|lakesidelogistics.com,A00077,mO410oM460|A00077,oM460|A00077
C00120,A00080,Daniel,Miller,daniel.miller@northgatestaffing.com,(435) 918-8799,Purchasing Agent,,,,,erp,2025-12-19,daniel,miller,,daniel.miller@northgatestaffing.com,+14359188799,,daniel.miller@northgatestaffing.com,+14359188799,dM460,mD540,dM460|northgatestaffing.com,,dM460mD540|northgatestaffing.com,A00080,dM460mD540|A00080,dM460|A00080
C00121,A00107,Robert,Brown,robert.brown@summitlandscaping.com,+1 407 420 1614,VP Sales,,,,,web_form,2022-01-21,robert,brown,,robert.brown@summitlandscaping.com,+14074201614,,robert.brown@summitlandscaping.com,+14074201614,rB650,bR163,rB650|summitlandscaping.com,,bR163rB650|summitlandscaping.com,A00152,bR163rB650|A00152,rB650|A00152
C00122,,Anthony,Young,anthonyyoung0173@gmail.com,7107877416,Director of Operations,,,,,crm,2022-09-27,anthony,young,,anthonyyoung0173@gmail.com,+17107877416,,anthonyyoung0173@gmail.com,+17107877416,aY520,yA535,,,,,,
C00123,A00119,Richard,Smith,richard.smith@ironwoodstaffing.com,(860) 522-2137,VP Sales,,,,,web_form,2025-09-03,richard,smith,,richard.smith@ironwoodstaffing.com,+18605222137,,richard.smith@ironwoodstaffing.com,+18605222137,rS530,sR263,rS530|ironwoodstaffing.com,,rS530sR263|ironwoodstaffing.com,A00119,rS530sR263|A00119,rS530|A00119
C00124,A00082,Luis,Martinez,luis.martinez@oakmontanalytics.com,(897) 546-7666,Purchasing Agent,3794 Maple Avenue,Columbus,OH,43268,crm,2025-02-14,luis,martinez,,luis.martinez@oakmontanalytics.com,+18975467666,3794 maple ave,luis.martinez@oakmontanalytics.com,+18975467666,lM635,mL200,lM635|oakmontanalytics.com,lM635|3794|maple|432,lM635mL200|oakmontanalytics.com,A00082,lM635mL200|A00082,lM635|A00082
C00125,A00085,Thomas,Allen,thomas.allen@brightpathsoftware.com,(336) 383-5896,Engineer,,,,,web_form,2024-08-12,thomas,allen,,thomas.allen@brightpathsoftware.com,+13363835896,,thomas.allen@brightpathsoftware.com,+13363835896,tA450,aT520,tA450|brightpathsoftware.com,,aT520tA450|brightpathsoftware.com,A00085,aT520tA450|A00085,tA450|A00085
C00126,A00021,Maria,Thomas Jr.,mariathomas0261@gmail.com,(910) 716-9878,VP Sales,,,,,web_form,2025-06-25,maria,thomas,jr,mariathomas0261@gmail.com,+19107169878,,mariathomas0261@gmail.com,+19107169878,mT520,tM600,,,,A00021,mT520tM600|A00021,mT520|A00021
C00127,A00085,Tom,Allen,tom.allen@brightpathsoftware.com,3363835896,Engineer,,,,,billing,2022-03-16,thomas,allen,,tom.allen@brightpathsoftware.com,+13363835896,,tom.allen@brightpathsoftware.com,+13363835896,tA450,aT520,tA450|brightpathsoftware.com,,aT520tA450|brightpathsoftware.com,A00085,aT520tA450|A00085,tA450|A00085
C00128,A00048,David,Young,david.young@sterlingsoftware.com,2005535527,Director of Operations,,,,,billing,2025-08-04,david,young,,david.young@sterlingsoftware.com,+12005535527,,david.young@sterlingsoftware.com,+12005535527,dY520,yD130,dY520|sterlingsoftware.com,,dY520yD130|sterlingsoftware.com,A00067,dY520yD130|A00067,dY520|A00067
C00129,A00165,Yuki,Moore Jr,yuki.moore.jr@mapleleaflogistics.com,(331) 272-1423,Purchasing Agent,605 Maple Street,Columbus,OH,43263,billing,2026-08-08,yuki,moore,jr,yuki.moore.jr@mapleleaflogistics.com,+13312721423,605 maple st,yuki.moore.jr@mapleleaflogistics.com,+13312721423,yM600,mY200,yM600|mapleleaflogistics.com,yM600|605|maple|432,mY200yM600|mapleleaflogistics.com,A00165,mY200yM600|A00165,yM600|A00165
C00130,A00057,Margaret,Kim,margaret.kim@lakesideanalytics.com,243-480-9207,Purchasing Agent,,,,,billing,2025-11-24,margaret,kim,,margaret.kim@lakesideanalytics.com,+12434809207,,margaret.kim@lakesideanalytics.com,+12434809207,mK500,kM626,mK500|lakesideanalytics.com,,kM626mK500|lakesideanalytics.com,A00057,kM626mK500|A00057,mK500|A00057
C00131,A00026,Richard,Hall,richard.hall@sterlinganalytics.com,2456272180,Director of Operations,,,,,trade_show,2022-06-09,richard,hall,,richard.hall@sterlinganalytics.com,+12456272180,,richard.hall@sterlinganalytics.com,+12456272180,rH400,hR263,rH400|sterlinganalytics.com,,hR263rH400|sterlinganalytics.com,A00026,hR263rH400|A00026,rH400|A00026
C00132,A00060,Daniel,Lopez Jr,daniel.lopez.jr@ironwoodlegalservices.com,507-407-0534,Owner,5093 Lake Avenue,Nashville,TN,37230,web_form,2024-03-12,daniel,lopez,jr,daniel.lopez.jr@ironwoodlegalservices.com,+15074070534,5093 lake ave,daniel.lopez.jr@ironwoodlegalservices.com,+15074070534,dL120,lD540,dL120|ironwoodlegalservices.com,dL120|5093|lake|372,dL120lD540|ironwoodlegalservices.com,A00060,dL120lD540|A00060,dL120|A00060
C00133,A00079,Katherine,Wilson,katherine.wilson@oakmontconsulting.com,(396) 947-5158,Office Manager,,,,,trade_show,2023-07-19,katherine,wilson,,katherine.wilson@oakmontconsulting.com,+13969475158,,katherine.wilson@oakmontconsulting.com,+13969475158,kW425,wK365,kW425|oakmontconsulting.com,,kW425wK365|oakmontconsulting.com,A00079,kW425wK365|A00079,kW425|A00079
C00134,A00099,Wei,Nguyen,wei.nguyen@pioneerlandscaping.com,965.605.6844,CFO,,,,,crm,2024-11-05,wei,nguyen,,wei.nguyen@pioneerlandscaping.com,+19656056844,,wei.nguyen@pioneerlandscaping.com,+19656056844,wN250,nW000,wN250|pioneerlandscaping.com,,nW000wN250|pioneerlandscaping.com,A00099,nW000wN250|A00099,wN250|A00099
C00135,A00151,Yuki,Thompson,yuki.thompson@cedardental.com,(339) 770-2294,Engineer,1514 Cedar Avenue,Seattle,WA,98182,trade_show,2022-06-29,yuki,thompson,,yuki.thompson@cedardental.com,+13397702294,1514 cedar ave,yuki.thompson@cedardental.com,+13397702294,yT512,tY200,yT512|cedardental.com,yT512|1514|cedar|981,tY200yT512|cedardental.com,A00151,tY200yT512|A00151,yT512|A00151
C00136,A00060,Grace,Thompson,grace.thompson@ironwoodlegalservices.com,207-856-6040,Purchasing Agent,5302 Main Boulevard,Boston,MA,02158,erp,2025-01-02,grace,thompson,,grace.thompson@ironwoodlegalservices.com,+12078566040,5302 main blvd,grace.thompson@ironwoodlegalservices.com,+12078566040,gT512,tG620,gT512|ironwoodlegalservices.com,gT512|5302|main|021,gT512tG620|ironwoodlegalservices.com,A00060,gT512tG620|A00060,gT512|A00060
C00137,A00021,Joseph,Wilson Jr,joseph.wilson.jr@mapleleaflegalservices.com,350.751.9027,Office Manager,6486 Elm Street,Nashville,TN,37268,crm,2025-02-05,joseph,wilson,jr,joseph.wilson.jr@mapleleaflegalservices.com,+13507519027,6486 elm st,joseph.wilson.jr@mapleleaflegalservices.com,+13507519027,jW425,wJ210,jW425|mapleleaflegalservices.com,jW425|6486|elm|372,jW425wJ210|mapleleaflegalservices.com,A00021,jW425wJ210|A00021,jW425|A00021
C00138,,Marcus,Williams,,347-562-6136,Engineer,,,,,web_form,2025-09-21,marcus,williams,,,+13475626136,,,+13475626136,mW452,wM622,,,,,,
C00139,A00045,Patricia,White Jr,patricia.white.jr@evergreeninsurance.com,(209) 886-7142,Owner,5692 Elm Avenue,Portland,OR,97294,billing,2025-01-04,patricia,white,jr,patricia.white.jr@evergreeninsurance.com,+12098867142,5692 elm ave,patricia.white.jr@evergreeninsurance.com,+12098867142,pW300,wP362,pW300|evergreeninsurance.com,pW300|5692|elm|972,pW300wP362|evergreeninsurance.com,A00045,pW300wP362|A00045,pW300|A00045
C00140,A00062,Marcus,Anderson,marcus.anderson@ironwoodautorepair.com,724.418.0599,Director of Operations,,,,,erp,2023-10-19,marcus,anderson,,marcus.anderson@ironwoodautorepair.com,+17244180599,,marcus.anderson@ironwoodautorepair.com,+17244180599,mA536,aM622,mA536|ironwoodautorepair.com,,aM622mA536|ironwoodautorepair.com,A00062,aM622mA536|A00062,mA536|A00062
C00141,A00004,Margaret,Walker,margaret.walker@ironwoodelectric.com,9165235376,Director of Operations,9067 Oak Street,Boston,MA,02170,web_form,2024-05-21,margaret,walker,,margaret.walker@ironwoodelectric.com,+19165235376,9067 oak st,margaret.walker@ironwoodelectric.com,+19165235376,mW426,wM626,mW426|ironwoodelectric.com,mW426|9067|oak|021,mW426wM626|ironwoodelectric.com,A00004,mW426wM626|A00004,mW426|A00004
C00142,A00098,William,Davis,admin@summitdental.com,,Director of Operations,,,,,billing,2024-03-28,william,davis,,admin@summitdental.com,,,,,wD120,dW450,wD120|summitdental.com,,dW450wD120|summitdental.com,A00098,dW450wD120|A00098,wD120|A00098
C00143,A00074,Grace,Taylor,grace.taylor@sterlingdental.com,391.612.1601,VP Sales,,,,,web_form,2023-05-19,grace,taylor,,grace.taylor@sterlingdental.com,+13916121601,,grace.taylor@sterlingdental.com,+13916121601,gT460,tG620,gT460|sterlingdental.com,,gT460tG620|sterlingdental.com,A00074,gT460tG620|A00074,gT460|A00074
C00144,A00126,Omar,Hall,omar.hall@falconstaffing.com,+1 565 439 9315,Engineer,4382 Oak Avenue,Atlanta,GA,30380,web_form,2025-07-12,omar,hall,,omar.hall@falconstaffing.com,+15654399315,4382 oak ave,omar.hall@falconstaffing.com,+15654399315,oH400,hO560,oH400|falconstaffing.com,oH400|4382|oak|303,hO560oH400|falconstaffing.com,A00126,hO560oH400|A00126,oH400|A00126
C00145,A00002,James,Clark,james.clark@keystoneroofing.com,(338) 883-2765,Office Manager,459 Park Avenue,Portland,OR,97286,billing,2026-02-12,james,clark,,james.clark@keystoneroofing.com,+13388832765,459 park ave,james.clark@keystoneroofing.com,+13388832765,jC462,cJ520,jC462|keystoneroofing.com,jC462|459|park|972,cJ520jC462|keystoneroofing.com,A00002,cJ520jC462|A00002,jC462|A00002
C00146,,Jennifer,White,jenniferwhite0219@gmail.com,6845209247,Owner,,,,,trade_show,2026-01-27,jennifer,white,,jenniferwhite0219@gmail.com,+16845209247,,jenniferwhite0219@gmail.com,+16845209247,jW300,wJ516,,,,,,
C00147,A00130,Robert,Jackson,robert.jackson@northgatelogistics.com,+1 561 720 4553,Owner,7301 Lake Avenue,Nashville,TN,37280,erp,2023-07-13,robert,jackson,,robert.jackson@northgatelogistics.com,+15617204553,7301 lake ave,robert.jackson@northgatelogistics.com,+15617204553,rJ250,jR163,rJ250|northgatelogistics.com,rJ250|7301|lake|372,jR163rJ250|northgatelogistics.com,A00130,jR163rJ250|A00130,rJ250|A00130
C00148,,Robert,Anderson,robertanderson0227@gmail.com,+1 700 911 7972,Director of Operations,,,,,erp,2024-01-03,robert,anderson,,robertanderson0227@gmail.com,+17009117972,,robertanderson0227@gmail.com,+17009117972,rA536,aR163,,,,,,
C00149,A00012,William,Rodriguez,william.rodriguez@copperhilllandscaping.com,(613) 678-4026,Office Manager,,,,,billing,2025-02-01,william,rodriguez,,william.rodriguez@copperhilllandscaping.com,+16136784026,,william.rodriguez@copperhilllandscaping.com,+16136784026,wR362,rW450,wR362|copperhilllandscaping.com,,rW450wR362|copperhilllandscaping.com,A00012,rW450wR362|A00012,wR362|A00012
C00150,A00163,Christopher,Allen,christopher.allen@cedarconsulting.com,+1 570 648 9251,Engineer,,,,,erp,2023-02-24,christopher,allen,,christopher.allen@cedarconsulting.com,+15706489251,,christopher.allen@cedarconsulting.com,+15706489251,cA450,aC623,cA450|cedarconsulting.com,,aC623cA450|cedarconsulting.com,A00163,aC623cA450|A00163,cA450|A00163
C00151,A00136,Priya,Clark,priya.clark@evergreendental.com,(714) 670-1708,Purchasing Agent,,,,,trade_show,2025-11-21,priya,clark,,priya.clark@evergreendental.com,+17146701708,,priya.clark@evergreendental.com,+17146701708,pC462,cP600,pC462|evergreendental.com,,cP600pC462|evergreendental.com,A00136,cP600pC462|A00136,pC462|A00136
C00152,A00103,Richard,Thomas,rthomas@silvercreekautorepair.com,802-302-9667,VP Sales,,,,,billing,2024-02-13,richard,thomas,,rthomas@silvercreekautorepair.com,+18023029667,,rthomas@silvercreekautorepair.com,+18023029667,rT520,tR263,rT520|silvercreekautorepair.com,,rT520tR263|silvercreekautorepair.com,A00037,rT520tR263|A00037,rT520|A00037
C00153,A00027,Aisha,Kim,aisha.kim@oakmontdental.com,9167756622,Director of Operations,1341 Church Avenue,Austin,TX,78770,erp,2026-06-26,aisha,kim,,aisha.kim@oakmontdental.com,+19167756622,1341 church ave,aisha.kim@oakmontdental.com,+19167756622,aK500,kA200,aK500|oakmontdental.com,aK500|1341|church|787,aK500kA200|oakmontdental.com,A00027,aK500kA200|A00027,aK500|A00027
C00154,A00124,Susan,Walker,susan.walker@beaconelectric.com,715.261.8080,Purchasing Agent,688 Elm Street,Portland,OR,97236,crm,2024-10-27,susan,walker,,susan.walker@beaconelectric.com,+17152618080,688 elm st,susan.walker@beaconelectric.com,+17152618080,sW426,wS250,sW426|beaconelectric.com,sW426|688|elm|972,sW426wS250|beaconelectric.com,A00148,sW426wS250|A00148,sW426|A00148
C00155,A00135,David,Moore,david.moore@northgatedental.com,630-852-9389,Director of Operations,6976 Main Road,Chicago,IL,60693,billing,2022-11-02,david,moore,,david.moore@northgatedental.com,+16308529389,6976 main rd,david.moore@northgatedental.com,+16308529389,dM600,mD130,dM600|northgatedental.com,dM600|6976|main|606,dM600mD130|northgatedental.com,A00135,dM600mD130|A00135,dM600|A00135
C00156,A00160,Wei,Young,weiyoung0025@gmail.com,265.312.8916,VP Sales,,,,,billing,2024-05-06,wei,young,,weiyoung0025@gmail.com,+12653128916,,weiyoung0025@gmail.com,+12653128916,wY520,yW000,,,,A00160,wY520yW000|A00160,wY520|A00160
C00157,,Hannah,Miller,hannahmiller0233@gmail.com,(570) 276-9701,Office Manager,,,,,trade_show,2025-05-24,hannah,miller,,hannahmiller0233@gmail.com,+15702769701,,hannahmiller0233@gmail.com,+15702769701,hM460,mH500,,,,,,
C00158,A00113,David,Jackson Jr,david.jackson@silvercreekanalytics.com,+1 981 383 9057,CFO,,,,,erp,2024-01-03,david,jackson,jr,david.jackson@silvercreekanalytics.com,+19813839057,,david.jackson@silvercreekanalytics.com,+19813839057,dJ250,jD130,dJ250|silvercreekanalytics.com,,dJ250jD130|silvercreekanalytics.com,A00113,dJ250jD130|A00113,dJ250|A00113
C00159,A00002,Omar,Allen,omar.allen@keystoneroofing.com,803.265.3423,Office Manager,,,,,erp,2022-11-10,omar,allen,,omar.allen@keystoneroofing.com,+18032653423,,omar.allen@keystoneroofing.com,+18032653423,oA450,aO560,oA450|keystoneroofing.com,,aO560oA450|keystoneroofing.com,A00002,aO560oA450|A00002,oA450|A00002
C00160,A00001,Michael,Patel Jr.,michaelpatel0262@gmail.com,(635) 987-6270,CFO,7671 Park Road,Austin,TX,78732,trade_show,2022-03-28,michael,patel,jr,michaelpatel0262@gmail.com,+16359876270,7671 park rd,michaelpatel0262@gmail.com,+16359876270,mP340,pM240,,mP340|7671|park|787,,A00091,mP340pM240|A00091,mP340|A00091
C00161,A00060,William,Smith,william.smith@ironwoodlegalservices.com,5365089949,Office Manager,,,,,web_form,2026-02-15,william,smith,,william.smith@ironwoodlegalservices.com,+15365089949,,william.smith@ironwoodlegalservices.com,+15365089949,wS530,sW450,wS530|ironwoodlegalservices.com,,sW450wS530|ironwoodlegalservices.com,A00060,sW450wS530|A00060,wS530|A00060
C00162,A00116,Thomas,Brown Sr,thomas.brown@oakmontconsulting.com,7835146675,CFO,5360 Hill Drive,Portland,OR,97203,trade_show,2022-11-22,thomas,brown,sr,thomas.brown@oakmontconsulting.com,+17835146675,5360 hill dr,thomas.brown@oakmontconsulting.com,+17835146675,tB650,bT520,tB650|oakmontconsulting.com,tB650|5360|hill|972,bT520tB650|oakmontconsulting.com,A00116,bT520tB650|A00116,tB650|A00116
C00163,A00163,Grace,Lopez,grace.lopez@cedarconsulting.com,5176931879,CFO,3830 Hill Road,Columbus,OH,43276,web_form,2023-01-08,grace,lopez,,grace.lopez@cedarconsulting.com,+15176931879,3830 hill rd,grace.lopez@cedarconsulting.com,+15176931879,gL120,lG620,gL120|cedarconsulting.com,gL120|3830|hill|432,gL120lG620|cedarconsulting.com,A00163,gL120lG620|A00163,gL120|A00163
C00164,A00067,Richard,Williams,richard.williams@sterlingsoftware.com,768-802-4175,CFO,,,,,billing,2024-05-19,richard,williams,,richard.williams@sterlingsoftware.com,+17688024175,,richard.williams@sterlingsoftware.com,+17688024175,rW452,wR263,rW452|sterlingsoftware.com,,rW452wR263|sterlingsoftware.com,A00067,rW452wR263|A00067,rW452|A00067
C00165,A00027,Aisha,Jackson,ajackson@oakmontdental.com,6918391564,Engineer,,,,,billing,2026-08-16,aisha,jackson,,ajackson@oakmontdental.com,+16918391564,,ajackson@oakmontdental.com,+16918391564,aJ250,jA200,aJ250|oakmontdental.com,,aJ250jA200|oakmontdental.com,A00027,aJ250jA200|A00027,aJ250|A00027
C00166,,Richard,Lewis,richardlewis0230@gmail.com,+1 638 218 4067,Engineer,,,,,trade_show,2024-03-10,richard,lewis,,richardlewis0230@gmail.com,+16382184067,,richardlewis0230@gmail.com,+16382184067,rL200,lR263,,,,,,
C00167,A00076,Omar,Davis,omar.davis@brightpathautorepair.com,+1 665 789 7354,Owner,252 Oak Street,Boston,MA,02119,trade_show,2024-05-28,omar,davis,,omar.davis@brightpathautorepair.com,+16657897354,252 oak st,omar.davis@brightpathautorepair.com,+16657897354,oD120,dO560,oD120|brightpathautorepair.com,oD120|252|oak|021,dO560oD120|brightpathautorepair.com,A00076,dO560oD120|A00076,oD120|A00076
C00168,A00021,Joseph,Wilson,joseph.wilson@mapleleaflegalservices.com,+1 434 983 6993,Purchasing Agent,6486 Elm Street,Nashville,TN,37268,crm,2025-02-05,joseph,wilson,,joseph.wilson@mapleleaflegalservices.com,+14349836993,6486 elm st,joseph.wilson@mapleleaflegalservices.com,+14349836993,jW425,wJ210,jW425|mapleleaflegalservices.com,jW425|6486|elm|372,jW425wJ210|mapleleaflegalservices.com,A00021,jW425wJ210|A00021,jW425|A00021
C00169,A00078,Olivia,Patel,olivia.patel@copperhillroofing.com,707.744.7228,Owner,9321 Park Boulevard,Portland,OR,97248,crm,2026-08-19,olivia,patel,,olivia.patel@copperhillroofing.com,+17077447228,9321 park blvd,olivia.patel@copperhillroofing.com,+17077447228,oP340,pO410,oP340|copperhillroofing.com,oP340|9321|park|972,oP340pO410|copperhillroofing.com,A00078,oP340pO410|A00078,oP340|A00078
C00170,A00124,Chris,Walker,chris.walker@beaconelectric.com,9288218996,Office Manager,,,,,web_form,2026-08-01,christopher,walker,,chris.walker@beaconelectric.com,+19288218996,,chris.walker@beaconelectric.com,+19288218996,cW426,wC623,cW426|beaconelectric.com,,cW426wC623|beaconelectric.com,A00148,cW426wC623|A00148,cW426|A00148
C00171,A00039,Anthony,Nguyen,anthony.nguyen@keystoneelectric.com,607-742-1342,CFO,731 Main Avenue,Nashville,TN,37234,billing,2024-08-11,anthony,nguyen,,anthony.nguyen@keystoneelectric.com,+16077421342,731 main ave,anthony.nguyen@keystoneelectric.com,+16077421342,aN250,nA535,aN250|keystoneelectric.com,aN250|731|main|372,aN250nA535|keystoneelectric.com,A00039,aN250nA535|A00039,aN250|A00039
C00172,A00149,Deborah,Thompson,sales@oakmontautorepair.com,617-333-2970,Owner,,,,,web_form,2025-07-01,deborah,thompson,,sales@oakmontautorepair.com,+16173332970,,,+16173332970,dT512,tD160,dT512|oakmontautorepair.com,,dT512tD160|oakmontautorepair.com,A00149,dT512tD160|A00149,dT512|A00149
C00173,A00160,Wei,Young,wei.young@ironwoodautorepair.com,265-312-8916,VP Sales,,,,,billing,2025-01-28,wei,young,,wei.young@ironwoodautorepair.com,+12653128916,,wei.young@ironwoodautorepair.com,+12653128916,wY520,yW000,wY520|ironwoodautorepair.com,,wY520yW000|ironwoodautorepair.com,A00160,wY520yW000|A00160,wY520|A00160
C00174,A00161,Hannah,Davis,hannah.davis@graniteautorepair.com,562-318-8529,Purchasing Agent,2486 Cedar Boulevard,Portland,OR,97229,erp,2025-04-30,hannah,davis,,hannah.davis@graniteautorepair.com,+15623188529,2486 cedar blvd,hannah.davis@graniteautorepair.com,+15623188529,hD120,dH500,hD120|graniteautorepair.com,hD120|2486|cedar|972,dH500hD120|graniteautorepair.com,A00161,dH500hD120|A00161,hD120|A00161
C00175,A00068,Margaret,Lee,margaret.lee@northgateinsurance.com,+1 587 844 9733,CFO,,,,,crm,2024-09-23,margaret,lee,,margaret.lee@northgateinsurance.com,+15878449733,,margaret.lee@northgateinsurance.com,+15878449733,mL000,lM626,mL000|northgateinsurance.com,,lM626mL000|northgateinsurance.com,A00068,lM626mL000|A00068,mL000|A00068
C00176,A00057,Jennifer,Jackson,jennifer.jackson@lakesideanalytics.com,(245) 828-1894,VP Sales,,,,,trade_show,2023-04-18,jennifer,jackson,,jennifer.jackson@lakesideanalytics.com,+12458281894,,jennifer.jackson@lakesideanalytics.com,+12458281894,jJ250,jJ516,jJ250|lakesideanalytics.com,,jJ250jJ516|lakesideanalytics.com,A00057,jJ250jJ516|A00057,jJ250|A00057
C00177,A00169,William,Davis,william.davis@mapleleafautorepair.com,3347602249,Purchasing Agent,,,,,billing,2025-01-08,william,davis,,william.davis@mapleleafautorepair.com,+13347602249,,william.davis@mapleleafautorepair.com,+13347602249,wD120,dW450,wD120|mapleleafautorepair.com,,dW450wD120|mapleleafautorepair.com,A00083,dW450wD120|A00083,wD120|A00083
C00178,A00027,Daniel,Brown,daniel.brown@oakmontdental.com,+1 330 819 3301,Office Manager,,,,,crm,2026-03-15,daniel,brown,,daniel.brown@oakmontdental.com,+13308193301,,daniel.brown@oakmontdental.com,+13308193301,dB650,bD540,dB650|oakmontdental.com,,bD540dB650|oakmontdental.com,A00027,bD540dB650|A00027,dB650|A00027
C00179,A00108,Y.,Martinez,,795.918.5861,Office Manager,,,,,crm,2025-08-10,y,martinez,,,+17959185861,,,+17959185861,yM635,mY000,,,,A00005,mY000yM635|A00005,yM635|A00005
C00180,A00149,Michael,Lopez,sales@oakmontautorepair.com,+1 696 704 6771,CFO,7504 Park Drive,Seattle,WA,98169,billing,2022-07-16,michael,lopez,,sales@oakmontautorepair.com,+16967046771,7504 park dr,,+16967046771,mL120,lM240,mL120|oakmontautorepair.com,mL120|7504|park|981,lM240mL120|oakmontautorepair.com,A00149,lM240mL120|A00149,mL120|A00149
C00181,A00008,David,White Sr,david.white@silvercreeksoftware.com,(886) 958-8800,Director of Operations,5886 Park Street,Phoenix,AZ,85014,web_form,2025-03-26,david,white,sr,david.white@silvercreeksoftware.com,+18869588800,5886 park st,david.white@silvercreeksoftware.com,+18869588800,dW300,wD130,dW300|silvercreeksoftware.com,dW300|5886|park|850,dW300wD130|silvercreeksoftware.com,A00008,dW300wD130|A00008,dW300|A00008
C00182,A00027,Christopher,Brown,christopher.brown@oakmontdental.com,277-723-6772,VP Sales,6191 Oak Avenue,Boston,MA,02190,billing,2025-08-11,christopher,brown,,christopher.brown@oakmontdental.com,+12777236772,6191 oak ave,christopher.brown@oakmontdental.com,+12777236772,cB650,bC623,cB650|oakmontdental.com,cB650|6191|oak|021,bC623cB650|oakmontdental.com,A00027,bC623cB650|A00027,cB650|A00027
C00183,A00088,Elizabeth,Nguyen,admin@redwoodstaffing.com,,Owner,,,,,trade_show,2024-05-30,elizabeth,nguyen,,admin@redwoodstaffing.com,,,,,eN250,nE421,eN250|redwoodstaffing.com,,eN250nE421|redwoodstaffing.com,A00069,eN250nE421|A00069,eN250|A00069
C00184,A00066,Joseph,Johnson,joseph.johnson@graniteinsurance.com,949.674.0811,CFO,3300 Maple Avenue,Phoenix,AZ,85066,erp,2025-03-08,joseph,johnson,,joseph.johnson@graniteinsurance.com,+19496740811,3300 maple ave,joseph.johnson@graniteinsurance.com,+19496740811,jJ525,jJ210,jJ525|graniteinsurance.com,jJ525|3300|maple|850,jJ210jJ525|graniteinsurance.com,A00066,jJ210jJ525|A00066,jJ525|A00066
C00185,,Yuki,Patel,yukipatel0044@gmail.com,634.779.1409,Owner,,,,,trade_show,2025-08-20,yuki,patel,,yukipatel0044@gmail.com,+16347791409,,yukipatel0044@gmail.com,+16347791409,yP340,pY200,,,,,,
C00186,,Hannah,Garcia,hannahgarcia0224@gmail.com,540.334.1434,Office Manager,,,,,crm,2025-06-04,hannah,garcia,,hannahgarcia0224@gmail.com,+15403341434,,hannahgarcia0224@gmail.com,+15403341434,hG620,gH500,,,,,,
C00187,A00043,Nathan,Wilson,,,Director of Operations,,,,,trade_show,2026-07-14,nathan,wilson,,,,,,,nW425,wN350,,,,A00028,nW425wN350|A00028,nW425|A00028
C00188,A00008,Linda,Kim Jr,linda.kim.jr@silvercreeksoftware.com,996.882.7104,Office Manager,873 Church Road,Boston,MA,02169,web_form,2025-06-01,linda,kim,jr,linda.kim.jr@silvercreeksoftware.com,+19968827104,873 church rd,linda.kim.jr@silvercreeksoftware.com,+19968827104,lK500,kL530,lK500|silvercreeksoftware.com,lK500|873|church|021,kL530lK500|silvercreeksoftware.com,A00008,kL530lK500|A00008,lK500|A00008
C00189,A00163,Chris,Allen,chris.allen@cedarconsulting.com,570.648.9251,Engineer,,,,,crm,2026-06-02,christopher,allen,,chris.allen@cedarconsulting.com,+15706489251,,chris.allen@cedarconsulting.com,+15706489251,cA450,aC623,cA450|cedarconsulting.com,,aC623cA450|cedarconsulting.com,A00163,aC623cA450|A00163,cA450|A00163
C00190,A00045,Patricia,White,patricia.white@evergreeninsurance.com,6319694889,Owner,5692 Elm Avenue,Portland,OR,97294,billing,2025-01-04,patricia,white,,patricia.white@evergreeninsurance.com,+16319694889,5692 elm ave,patricia.white@evergreeninsurance.com,+16319694889,pW300,wP362,pW300|evergreeninsurance.com,pW300|5692|elm|972,pW300wP362|evergreeninsurance.com,A00045,pW300wP362|A00045,pW300|A00045
C00191,A00100,Daniel,Thompson Sr,daniel.thompson@falconlogistics.com,965-407-1840,CFO,9793 Hill Drive,Chicago,IL,60617,trade_show,2022-04-24,daniel,thompson,sr,daniel.thompson@falconlogistics.com,+19654071840,9793 hill dr,daniel.thompson@falconlogistics.com,+19654071840,dT512,tD540,dT512|falconlogistics.com,dT512|9793|hill|606,dT512tD540|falconlogistics.com,A00100,dT512tD540|A00100,dT512|A00100
C00192,A00073,Nathan,Nguyen Jr,nathan.nguyen@falconroofing.com,308-319-5053,CFO,,,,,trade_show,2026-04-23,nathan,nguyen,jr,nathan.nguyen@falconroofing.com,+13083195053,,nathan.nguyen@falconroofing.com,+13083195053,nN250,nN350,nN250|falconroofing.com,,nN250nN350|falconroofing.com,A00011,nN250nN350|A00011,nN250|A00011
C00193,A00088,Anthony,Moore,,,Director of Operations,1061 Cedar Boulevard,Boston,MA,02102,billing,2023-08-09,anthony,moore,,,,1061 cedar blvd,,,aM600,mA535,,aM600|1061|cedar|021,,A00069,aM600mA535|A00069,aM600|A00069
C00194,A00133,Hannah,Miller,hannah.miller@blueridgelegalservices.com,5702769701,Office Manager,,,,,billing,2022-12-18,hannah,miller,,hannah.miller@blueridgelegalservices.com,+15702769701,,hannah.miller@blueridgelegalservices.com,+15702769701,hM460,mH500,hM460|blueridgelegalservices.com,,hM460mH500|blueridgelegalservices.com,A00133,hM460mH500|A00133,hM460|A00133
C00195,A00049,Anthony,Lee,anthony.lee.jr@blueridgelandscaping.com,+1 821 497 5797,CFO,9285 Park Street,Nashville,TN,37271,trade_show,2022-10-25,anthony,lee,,anthony.lee.jr@blueridgelandscaping.com,+18214975797,9285 park st,anthony.lee.jr@blueridgelandscaping.com,+18214975797,aL000,lA535,aL000|blueridgelandscaping.com,aL000|9285|park|372,aL000lA535|blueridgelandscaping.com,A00049,aL000lA535|A00049,aL000|A00049
C00196,A00037,Richard,Thomas,richard.thomas@silvercreekautorepair.com,(848) 853-4781,VP Sales,,,,,trade_show,2023-06-13,richard,thomas,,richard.thomas@silvercreekautorepair.com,+18488534781,,richard.thomas@silvercreekautorepair.com,+18488534781,rT520,tR263,rT520|silvercreekautorepair.com,,rT520tR263|silvercreekautorepair.com,A00037,rT520tR263|A00037,rT520|A00037
C00197,,Thomas,Martin,margaretmartin0201@gmail.com,(286) 603-7057,Director of Operations,,,,,web_form,2026-07-29,thomas,martin,,margaretmartin0201@gmail.com,+12866037057,,margaretmartin0201@gmail.com,+12866037057,tM635,mT520,,,,,,
C00198,,William,Taylor,williamtaylor0218@gmail.com,(878) 254-6228,Office Manager,,,,,erp,2025-09-22,william,taylor,,williamtaylor0218@gmail.com,+18782546228,,williamtaylor0218@gmail.com,+18782546228,wT460,tW450,,,,,,
C00199,A00109,Linda,Hall,linda.hall@falconsoftware.com,773-708-2524,VP Sales,,,,,trade_show,2022-06-04,linda,hall,,linda.hall@falconsoftware.com,+17737082524,,linda.hall@falconsoftware.com,+17737082524,lH400,hL530,lH400|falconsoftware.com,,hL530lH400|falconsoftware.com,A00019,hL530lH400|A00019,lH400|A00019
C00200,A00163,Elizabeth,Thompson,elizabeth.thompson.jr@cedarconsulting.com,697.215.7165,CFO,9180 Sunset Drive,Nashville,TN,37252,web_form,2022-09-22,elizabeth,thompson,,elizabeth.thompson.jr@cedarconsulting.com,+16972157165,9180 sunset dr,elizabeth.thompson.jr@cedarconsulting.com,+16972157165,eT512,tE421,eT512|cedarconsulting.com,eT512|9180|sunset|372,eT512tE421|cedarconsulting.com,A00163,eT512tE421|A00163,eT512|A00163
C00201,,Joseph,Brown,josephbrown0192@gmail.com,206-850-2974,Office Manager,7941 Oak Drive,Seattle,WA,98138,trade_show,2026-07-18,joseph,brown,,josephbrown0192@gmail.com,+12068502974,7941 oak dr,josephbrown0192@gmail.com,+12068502974,jB650,bJ210,,jB650|7941|oak|981,,,,
C00202,A00059,Susan,Williams,susan.williams@silvercreekdental.com,+1 640 223 6906,CFO,,,,,erp,2023-02-22,susan,williams,,susan.williams@silvercreekdental.com,+16402236906,,susan.williams@silvercreekdental.com,+16402236906,sW452,wS250,sW452|silvercreekdental.com,,sW452wS250|silvercreekdental.com,A00059,sW452wS250|A00059,sW452|A00059
C00203,A00144,Susan,Kim,susan.kim@beaconroofing.com,398-937-4129,VP Sales,,,,,trade_show,2024-02-26,susan,kim,,susan.kim@beaconroofing.com,+13989374129,,susan.kim@beaconroofing.com,+13989374129,sK500,kS250,sK500|beaconroofing.com,,kS250sK500|beaconroofing.com,A00144,kS250sK500|A00144,sK500|A00144
C00204,A00064,Joseph,Lewis,joseph.lewis@falconbakery.com,+1 711 503 8200,Office Manager,,,,,crm,2026-03-22,joseph,lewis,,joseph.lewis@falconbakery.com,+17115038200,,joseph.lewis@falconbakery.com,+17115038200,jL200,lJ210,jL200|falconbakery.com,,jL200lJ210|falconbakery.com,A00064,jL200lJ210|A00064,jL200|A00064
C00205,A00125,Linda,Walker,linda.walker@summitdental.com,313-243-7752,Engineer,8721 Lake Avenue,Seattle,WA,98182,trade_show,2023-08-26,linda,walker,,linda.walker@summitdental.com,+13132437752,8721 lake ave,linda.walker@summitdental.com,+13132437752,lW426,wL530,lW426|summitdental.com,lW426|8721|lake|981,lW426wL530|summitdental.com,A00125,lW426wL530|A00125,lW426|A00125
C00206,,Linda,Rodriguez,lindarodriguez0041@gmail.com,,Office Manager,,,,,trade_show,2024-08-28,linda,rodriguez,,lindarodriguez0041@gmail.com,,,lindarodriguez0041@gmail.com,,lR362,rL530,,,,,,
C00207,A00137,Grace,Taylor,,,VP Sales,,,,,billing,2023-08-15,grace,taylor,,,,,,,gT460,tG620,,,,A00074,gT460tG620|A00074,gT460|A00074
C00208,A00142,David,Smith,sales@falconlogistics.com,4458577995,CFO,,,,,erp,2023-07-27,david,smith,,sales@falconlogistics.com,+14458577995,,,+14458577995,dS530,sD130,dS530|falconlogistics.com,,dS530sD130|falconlogistics.com,A00100,dS530sD130|A00100,dS530|A00100
C00209,A00094,David,Davis,david.davis@meridianlegalservices.com,+1 734 364 4925,Purchasing Agent,,,,,billing,2025-04-23,david,davis,,david.davis@meridianlegalservices.com,+17343644925,,david.davis@meridianlegalservices.com,+17343644925,dD120,dD130,dD120|meridianlegalservices.com,,dD120dD130|meridianlegalservices.com,A00094,dD120dD130|A00094,dD120|A00094
C00210,,Nathan,Kim,nathankim0226@gmail.com,687-562-5913,Engineer,,,,,crm,2022-12-05,nathan,kim,,nathankim0226@gmail.com,+16875625913,,nathankim0226@gmail.com,+16875625913,nK500,kN350,,,,,,
C00211,A00070,David,Davis,david.davis@evergreenconsulting.com,+1 473 448 8492,Director of Operations,1094 Elm Avenue,Columbus,OH,43205,erp,2026-02-18,david,davis,,david.davis@evergreenconsulting.com,+14734488492,1094 elm ave,david.davis@evergreenconsulting.com,+14734488492,dD120,dD130,dD120|evergreenconsulting.com,dD120|1094|elm|432,dD120dD130|evergreenconsulting.com,A00101,dD120dD130|A00101,dD120|A00101
C00212,A00047,Anderson,Mchael,,7783388676,CFO,,,,,billing,2026-01-23,anderson,mchael,,,+17783388676,,,+17783388676,aM240,mA536,,,,A00047,aM240mA536|A00047,aM240|A00047
C00213,A00086,Grace,Thompson,grace.thompson@ironwoodlegalservices.com,(756) 310-2722,Engineer,5302 Main Boulevard,Boston,MA,02158,billing,2025-05-26,grace,thompson,,grace.thompson@ironwoodlegalservices.com,+17563102722,5302 main blvd,grace.thompson@ironwoodlegalservices.com,+17563102722,gT512,tG620,gT512|ironwoodlegalservices.com,gT512|5302|main|021,gT512tG620|ironwoodlegalservices.com,A00060,gT512tG620|A00060,gT512|A00060
C00214,A00012,Maria,Rodriguez,maria.rodriguez@copperhilllandscaping.com,497-280-6732,Owner,,,,,trade_show,2026-07-01,maria,rodriguez,,maria.rodriguez@copperhilllandscaping.com,+14972806732,,maria.rodriguez@copperhilllandscaping.com,+14972806732,mR362,rM600,mR362|copperhilllandscaping.com,,mR362rM600|copperhilllandscaping.com,A00012,mR362rM600|A00012,mR362|A00012
C00215,,Susan,Martinez,danielmartinez0199@gmail.com,782-569-4228,Owner,,,,,crm,2024-01-14,susan,martinez,,danielmartinez0199@gmail.com,+17825694228,,danielmartinez0199@gmail.com,+17825694228,sM635,mS250,,,,,,
C00216,,Joseph,Williams,josephwilliams0042@gmail.com,878.359.1977,Engineer,,,,,erp,2022-12-11,joseph,williams,,josephwilliams0042@gmail.com,+18783591977,,josephwilliams0042@gmail.com,+18783591977,jW452,wJ210,,,,,,
C00217,A00149,Joseph,Davis,joseph.davis@oakmontautorepair.com,+1 229 405 5529,Engineer,,,,,web_form,2024-03-15,joseph,davis,,joseph.davis@oakmontautorepair.com,+12294055529,,joseph.davis@oakmontautorepair.com,+12294055529,jD120,dJ210,jD120|oakmontautorepair.com,,dJ210jD120|oakmontautorepair.com,A00149,dJ210jD120|A00149,jD120|A00149
C00218,A00101,William,Jackson,william.jackson@evergreenconsulting.com,550.632.0828,Purchasing Agent,,,,,crm,2023-12-30,william,jackson,,william.jackson@evergreenconsulting.com,+15506320828,,william.jackson@evergreenconsulting.com,+15506320828,wJ250,jW450,wJ250|evergreenconsulting.com,,jW450wJ250|evergreenconsulting.com,A00101,jW450wJ250|A00101,wJ250|A00101
C00219,A00166,Kevin,Lee,kevin.lee@ironwoodroofing.com,331.650.1012,Purchasing Agent,,,,,web_form,2023-11-22,kevin,lee,,kevin.lee@ironwoodroofing.com,+13316501012,,kevin.lee@ironwoodroofing.com,+13316501012,kL000,lK150,kL000|ironwoodroofing.com,,kL000lK150|ironwoodroofing.com,A00166,kL000lK150|A00166,kL000|A00166
C00220,A00015,Anthony,Thompson,anthony.thompson@pioneerdental.com,(382) 201-5382,Office Manager,,,,,trade_show,2023-03-06,anthony,thompson,,anthony.thompson@pioneerdental.com,+13822015382,,anthony.thompson@pioneerdental.com,+13822015382,aT512,tA535,aT512|pioneerdental.com,,aT512tA535|pioneerdental.com,A00015,aT512tA535|A00015,aT512|A00015
C00221,A00033,David,Clark,david.clark@oakmontplumbing.com,+1 696 349 0232,Purchasing Agent,,,,,web_form,2026-07-17,david,clark,,david.clark@oakmontplumbing.com,+16963490232,,david.clark@oakmontplumbing.com,+16963490232,dC462,cD130,dC462|oakmontplumbing.com,,cD130dC462|oakmontplumbing.com,A00040,cD130dC462|A00040,dC462|A00040
C00222,A00007,Richard,Williams,richard.williams@mapleleafautorepair.com,235.219.7363,CFO,,,,,billing,2024-10-26,richard,williams,,richard.williams@mapleleafautorepair.com,+12352197363,,richard.williams@mapleleafautorepair.com,+12352197363,rW452,wR263,rW452|mapleleafautorepair.com,,rW452wR263|mapleleafautorepair.com,A00083,rW452wR263|A00083,rW452|A00083
C00223,,Katherine,Clark,katherineclark0150@gmail.com,278-741-0525,Director of Operations,6154 Park Road,Atlanta,GA,30354,crm,2022-08-25,katherine,clark,,katherineclark0150@gmail.com,+12787410525,6154 park rd,katherineclark0150@gmail.com,+12787410525,kC462,cK365,,kC462|6154|park|303,,,,
C00224,A00144,Robert,Walker,,,Engineer,,,,,web_form,2024-04-02,robert,walker,,,,,,,rW426,wR163,,,,A00144,rW426wR163|A00144,rW426|A00144
C00225,A00065,Linda,Williams,linda.williams@ironwoodinsurance.com,4132840682,Office Manager,8786 Elm Drive,Nashville,TN,37220,web_form,2026-04-14,linda,williams,,linda.williams@ironwoodinsurance.com,+14132840682,8786 elm dr,linda.williams@ironwoodinsurance.com,+14132840682,lW452,wL530,lW452|ironwoodinsurance.com,lW452|8786|elm|372,lW452wL530|ironwoodinsurance.com,A00018,lW452wL530|A00018,lW452|A00018
C00226,A00113,Deborah,Patel,deborah.patel@silvercreekanalytics.com,771-397-7074,VP Sales,,,,,trade_show,2023-09-27,deborah,patel,,deborah.patel@silvercreekanalytics.com,+17713977074,,deborah.patel@silvercreekanalytics.com,+17713977074,dP340,pD160,dP340|silvercreekanalytics.com,,dP340pD160|silvercreekanalytics.com,A00113,dP340pD160|A00113,dP340|A00113
C00227,A00116,Patricia,Davis,patricia.davis@oakmontconsulting.com,(499) 686-2878,Office Manager,,,,,trade_show,2024-04-12,patricia,davis,,patricia.davis@oakmontconsulting.com,+14996862878,,patricia.davis@oakmontconsulting.com,+14996862878,pD120,dP362,pD120|oakmontconsulting.com,,dP362pD120|oakmontconsulting.com,A00116,dP362pD120|A00116,pD120|A00116
C00228,A00143,Maria,Garcia,support@sterlinglandscaping.com,,Director of Operations,,,,,erp,2024-02-09,maria,garcia,,support@sterlinglandscaping.com,,,,,mG620,gM600,mG620|sterlinglandscaping.com,,gM600mG620|sterlinglandscaping.com,A00143,gM600mG620|A00143,mG620|A00143
C00229,A00159,Michael,Garcia,michael.garcia@sterlingelectric.com,+1 417 374 5959,VP Sales,880 Lake Avenue,Phoenix,AZ,85019,erp,2022-07-28,michael,garcia,,michael.garcia@sterlingelectric.com,+14173745959,880 lake ave,michael.garcia@sterlingelectric.com,+14173745959,mG620,gM240,mG620|sterlingelectric.com,mG620|880|lake|850,gM240mG620|sterlingelectric.com,A00159,gM240mG620|A00159,mG620|A00159
C00230,A00064,Thomas,Miller,thomas.miller@falconbakery.com,(793) 847-9344,Owner,7965 Church Boulevard,Phoenix,AZ,85099,billing,2022-07-17,thomas,miller,,thomas.miller@falconbakery.com,+17938479344,7965 church blvd,thomas.miller@falconbakery.com,+17938479344,tM460,mT520,tM460|falconbakery.com,tM460|7965|church|850,mT520tM460|falconbakery.com,A00064,mT520tM460|A00064,tM460|A00064
C00231,,Patricia,Patel,patriciapatel0207@gmail.com,302.665.2216,Office Manager,,,,,erp,2024-11-09,patricia,patel,,patriciapatel0207@gmail.com,+13026652216,,patriciapatel0207@gmail.com,+13026652216,pP340,pP362,,,,,,
C00232,A00136,Priya,Brown,priya.brown@evergreendental.com,433.788.6953,Office Manager,5229 Lake Road,Chicago,IL,60648,web_form,2022-10-21,priya,brown,,priya.brown@evergreendental.com,+14337886953,5229 lake rd,priya.brown@evergreendental.com,+14337886953,pB650,bP600,pB650|evergreendental.com,pB650|5229|lake|606,bP600pB650|evergreendental.com,A00136,bP600pB650|A00136,pB650|A00136
C00233,,Susan,Rodriguez,priyarodriguez0203@gmail.com,764.575.8137,Office Manager,,,,,crm,2025-03-09,susan,rodriguez,,priyarodriguez0203@gmail.com,+17645758137,,priyarodriguez0203@gmail.com,+17645758137,sR362,rS250,,,,,,
C00234,,Richard,Williams,richardwilliams0228@gmail.com,768.802.4175,CFO,,,,,web_form,2023-06-09,richard,williams,,richardwilliams0228@gmail.com,+17688024175,,richardwilliams0228@gmail.com,+17688024175,rW452,wR263,,,,,,
C00235,A00161,Davis,Hannah,,562-318-8529,Purchasing Agent,2486 Cedar Boulevard,Portland,OR,97229,web_form,2025-05-21,davis,hannah,,,+15623188529,2486 cedar blvd,,+15623188529,dH500,hD120,,dH500|2486|cedar|972,,A00161,dH500hD120|A00161,dH500|A00161
C00236,A00021,James,Lopez Sr,james.lopez@mapleleaflegalservices.com,338.950.0185,Owner,375 Maple Avenue,Chicago,IL,60674,erp,2023-12-15,james,lopez,sr,james.lopez@mapleleaflegalservices.com,+13389500185,375 maple ave,james.lopez@mapleleaflegalservices.com,+13389500185,jL120,lJ520,jL120|mapleleaflegalservices.com,jL120|375|maple|606,jL120lJ520|mapleleaflegalservices.com,A00021,jL120lJ520|A00021,jL120|A00021
C00237,A00141,Luis,Moore,luis.moore@lakesideelectric.com,2888352548,CFO,3094 Park Road,Austin,TX,78794,trade_show,2024-11-25,luis,moore,,luis.moore@lakesideelectric.com,+12888352548,3094 park rd,luis.moore@lakesideelectric.com,+12888352548,lM600,mL200,lM600|lakesideelectric.com,lM600|3094|park|787,lM600mL200|lakesideelectric.com,A00141,lM600mL200|A00141,lM600|A00141
C00238,A00095,Priya,Thomas,,,CFO,4723 Hill Street,Chicago,IL,60651,trade_show,2025-10-22,priya,thomas,,,,4723 hill st,,,pT520,tP600,,pT520|4723|hill|606,,A00085,pT520tP600|A00085,pT520|A00085
C00239,A00071,Carlos,Lopez,carlos.lopez@copperhillroofing.com,716.488.5896,VP Sales,,,,,erp,2023-02-06,carlos,lopez,,carlos.lopez@copperhillroofing.com,+17164885896,,carlos.lopez@copperhillroofing.com,+17164885896,cL120,lC642,cL120|copperhillroofing.com,,cL120lC642|copperhillroofing.com,A00071,cL120lC642|A00071,cL120|A00071
C00240,A00122,Luis,Harris,luis.harris@evergreensoftware.com,723.343.0685,Director of Operations,,,,,billing,2023-05-24,luis,harris,,luis.harris@evergreensoftware.com,+17233430685,,luis.harris@evergreensoftware.com,+17233430685,lH620,hL200,lH620|evergreensoftware.com,,hL200lH620|evergreensoftware.com,A00122,hL200lH620|A00122,lH620|A00122
C00241,A00116,Susan,Taylor,susan.taylor@oakmontconsulting.com,5098361013,Owner,,,,,billing,2022-11-25,susan,taylor,,susan.taylor@oakmontconsulting.com,+15098361013,,susan.taylor@oakmontconsulting.com,+15098361013,sT460,tS250,sT460|oakmontconsulting.com,,sT460tS250|oakmontconsulting.com,A00116,sT460tS250|A00116,sT460|A00116
C00242,A00120,Priya,Clark,priya.clark@sterlinginsurance.com,+1 396 771 6291,Director of Operations,339 Maple Boulevard,Phoenix,AZ,85045,trade_show,2023-10-22,priya,clark,,priya.clark@sterlinginsurance.com,+13967716291,339 maple blvd,priya.clark@sterlinginsurance.com,+13967716291,pC462,cP600,pC462|sterlinginsurance.com,pC462|339|maple|850,cP600pC462|sterlinginsurance.com,A00120,cP600pC462|A00120,pC462|A00120
C00243,,Marcus,Hall,marcushall0222@gmail.com,4292611672,CFO,,,,,crm,2022-11-22,marcus,hall,,marcushall0222@gmail.com,+14292611672,,marcushall0222@gmail.com,+14292611672,mH400,hM622,,,,,,
C00244,A00159,Deborah,Davis Jr.,deborahdavis0264@gmail.com,823-538-5100,Owner,2027 Park Boulevard,Boston,MA,02184,billing,2025-04-27,deborah,davis,jr,deborahdavis0264@gmail.com,+18235385100,2027 park blvd,deborahdavis0264@gmail.com,+18235385100,dD120,dD160,,dD120|2027|park|021,,A00159,dD120dD160|A00159,dD120|A00159
C00245,A00012,David,Thomas,david.thomas@copperhilllandscaping.com,349.944.9771,CFO,,,,,web_form,2023-10-16,david,thomas,,david.thomas@copperhilllandscaping.com,+13499449771,,david.thomas@copperhilllandscaping.com,+13499449771,dT520,tD130,dT520|copperhilllandscaping.com,,dT520tD130|copperhilllandscaping.com,A00012,dT520tD130|A00012,dT520|A00012
C00246,A00113,Katherine,Johnson,katherine.johnson@silvercreekanalytics.com,2086451101,Director of Operations,2578 Cedar Road,Portland,OR,97268,erp,2024-01-07,katherine,johnson,,katherine.johnson@silvercreekanalytics.com,+12086451101,2578 cedar rd,katherine.johnson@silvercreekanalytics.com,+12086451101,kJ525,jK365,kJ525|silvercreekanalytics.com,kJ525|2578|cedar|972,jK365kJ525|silvercreekanalytics.com,A00113,jK365kJ525|A00113,kJ525|A00113
C00247,A00068,David,Brown,david.brown@northgateinsurance.com,621-767-1697,Owner,,,,,crm,2023-07-28,david,brown,,david.brown@northgateinsurance.com,+16217671697,,david.brown@northgateinsurance.com,+16217671697,dB650,bD130,dB650|northgateinsurance.com,,bD130dB650|northgateinsurance.com,A00068,bD130dB650|A00068,dB650|A00068
C00248,,Michael,Walker,michaelwalker0220@gmail.com,+1 684 520 9247,Office Manager,,,,,erp,2025-02-12,michael,walker,,michaelwalker0220@gmail.com,+16845209247,,michaelwalker0220@gmail.com,+16845209247,mW426,wM240,,,,,,
C00249,A00089,Margaret,Thomas,margaret.thomas@copperhillplumbing.com,530.700.5821,Office Manager,,,,,erp,2023-02-06,margaret,thomas,,margaret.thomas@copperhillplumbing.com,+15307005821,,margaret.thomas@copperhillplumbing.com,+15307005821,mT520,tM626,mT520|copperhillplumbing.com,,mT520tM626|copperhillplumbing.com,A00089,mT520tM626|A00089,mT520|A00089
C00250,A00149,Joseph,Davis,josephdavis0027@gmail.com,229-405-5529,Engineer,,,,,erp,2026-03-01,joseph,davis,,josephdavis0027@gmail.com,+12294055529,,josephdavis0027@gmail.com,+12294055529,jD120,dJ210,,,,A00149,dJ210jD120|A00149,jD120|A00149
C00251,A00067,Marcus,Garcia,marcus.garcia@sterlingsoftware.com,(903) 908-9702,Director of Operations,769 Park Avenue,Chicago,IL,60631,erp,2022-02-08,marcus,garcia,,marcus.garcia@sterlingsoftware.com,+19039089702,769 park ave,marcus.garcia@sterlingsoftware.com,+19039089702,mG620,gM622,mG620|sterlingsoftware.com,mG620|769|park|606,gM622mG620|sterlingsoftware.com,A00067,gM622mG620|A00067,mG620|A00067
C00252,A00135,Katherine,Williams,katherine.williams@northgatedental.com,257.887.0248,CFO,,,,,web_form,2024-05-20,katherine,williams,,katherine.williams@northgatedental.com,+12578870248,,katherine.williams@northgatedental.com,+12578870248,kW452,wK365,kW452|northgatedental.com,,kW452wK365|northgatedental.com,A00135,kW452wK365|A00135,kW452|A00135
C00253,A00067,Sue,Martin,sue.martin@sterlingsoftware.com,+1 271 775 1347,Purchasing Agent,,,,,web_form,2022-10-20,susan,martin,,sue.martin@sterlingsoftware.com,+12717751347,,sue.martin@sterlingsoftware.com,+12717751347,sM635,mS250,sM635|sterlingsoftware.com,,mS250sM635|sterlingsoftware.com,A00067,mS250sM635|A00067,sM635|A00067
C00254,A00070,Thomas,Davis,thomas.davis@evergreenconsulting.com,5758867461,Director of Operations,1094 Elm Avenue,Columbus,OH,43205,erp,2026-02-18,thomas,davis,,thomas.davis@evergreenconsulting.com,+15758867461,1094 elm ave,thomas.davis@evergreenconsulting.com,+15758867461,tD120,dT520,tD120|evergreenconsulting.com,tD120|1094|elm|432,dT520tD120|evergreenconsulting.com,A00101,dT520tD120|A00101,tD120|A00101
C00255,A00159,Daniel,Smith,daniel.smith@sterlingelectric.com,+1 812 664 4782,Owner,9563 Washington Boulevard,Austin,TX,78779,web_form,2024-04-21,daniel,smith,,daniel.smith@sterlingelectric.com,+18126644782,9563 washington blvd,daniel.smith@sterlingelectric.com,+18126644782,dS530,sD540,dS530|sterlingelectric.com,dS530|9563|washington|787,dS530sD540|sterlingelectric.com,A00159,dS530sD540|A00159,dS530|A00159
C00256,A00119,Richard,Smith,richard.smith@ironwoodstaffing.com,+1 573 735 5767,Director of Operations,,,,,erp,2026-03-26,richard,smith,,richard.smith@ironwoodstaffing.com,+15737355767,,richard.smith@ironwoodstaffing.com,+15737355767,rS530,sR263,rS530|ironwoodstaffing.com,,rS530sR263|ironwoodstaffing.com,A00119,rS530sR263|A00119,rS530|A00119
C00257,A00143,Margaret,Harris,margaret.harris@sterlinglandscaping.com,4696569420,Engineer,,,,,trade_show,2022-09-06,margaret,harris,,margaret.harris@sterlinglandscaping.com,+14696569420,,margaret.harris@sterlinglandscaping.com,+14696569420,mH620,hM626,mH620|sterlinglandscaping.com,,hM626mH620|sterlinglandscaping.com,A00143,hM626mH620|A00143,mH620|A00143
C00258,A00111,James,Clark,james.clark@redwoodbakery.com,257.650.4210,Purchasing Agent,,,,,billing,2024-02-03,james,clark,,james.clark@redwoodbakery.com,+12576504210,,james.clark@redwoodbakery.com,+12576504210,jC462,cJ520,jC462|redwoodbakery.com,,cJ520jC462|redwoodbakery.com,A00111,cJ520jC462|A00111,jC462|A00111
C00259,A00059,Robert,Brown,robert.brown@silvercreekdental.com,+1 465 345 6504,Owner,,,,,web_form,2026-08-09,robert,brown,,robert.brown@silvercreekdental.com,+14653456504,,robert.brown@silvercreekdental.com,+14653456504,rB650,bR163,rB650|silvercreekdental.com,,bR163rB650|silvercreekdental.com,A00059,bR163rB650|A00059,rB650|A00059
C00260,A00037,Yuki,Hall,yuki.hall@silvercreekautorepair.com,805-868-5375,VP Sales,,,,,erp,2023-01-14,yuki,hall,,yuki.hall@silvercreekautorepair.com,+18058685375,,yuki.hall@silvercreekautorepair.com,+18058685375,yH400,hY200,yH400|silvercreekautorepair.com,,hY200yH400|silvercreekautorepair.com,A00037,hY200yH400|A00037,yH400|A00037
C00261,A00133,Richard,Kim,richard.kim@blueridgelegalservices.com,+1 925 952 4617,CFO,,,,,erp,2025-02-27,richard,kim,,richard.kim@blueridgelegalservices.com,+19259524617,,richard.kim@blueridgelegalservices.com,+19259524617,rK500,kR263,rK500|blueridgelegalservices.com,,kR263rK500|blueridgelegalservices.com,A00133,kR263rK500|A00133,rK500|A00133
C00262,A00029,Thomas,Miller,thomas.miller.jr@falconbakery.com,658-942-9378,Director of Operations,7965 Church Boulevard,Phoenix,AZ,85099,billing,2022-07-17,thomas,miller,,thomas.miller.jr@falconbakery.com,+16589429378,7965 church blvd,thomas.miller.jr@falconbakery.com,+16589429378,tM460,mT520,tM460|falconbakery.com,tM460|7965|church|850,mT520tM460|falconbakery.com,A00029,mT520tM460|A00029,tM460|A00029
C00263,A00156,Richard,Clark,richard.clark@keystonebakery.com,242-657-8539,Owner,,,,,billing,2024-08-28,richard,clark,,richard.clark@keystonebakery.com,+12426578539,,richard.clark@keystonebakery.com,+12426578539,rC462,cR263,rC462|keystonebakery.com,,cR263rC462|keystonebakery.com,A00156,cR263rC462|A00156,rC462|A00156
C00264,A00069,Omar,Martinez,omar.martinez@redwoodstaffing.com,355-939-1796,Engineer,3299 Elm Boulevard,Columbus,OH,43230,erp,2025-12-13,omar,martinez,,omar.martinez@redwoodstaffing.com,+13559391796,3299 elm blvd,omar.martinez@redwoodstaffing.com,+13559391796,oM635,mO560,oM635|redwoodstaffing.com,oM635|3299|elm|432,mO560oM635|redwoodstaffing.com,A00069,mO560oM635|A00069,oM635|A00069
C00265,A00059,Robert,Brown,robert.brown@silvercreekdental.com,589-908-3225,Engineer,,,,,trade_show,2025-02-06,robert,brown,,robert.brown@silvercreekdental.com,+15899083225,,robert.brown@silvercreekdental.com,+15899083225,rB650,bR163,rB650|silvercreekdental.com,,bR163rB650|silvercreekdental.com,A00059,bR163rB650|A00059,rB650|A00059
C00266,,Hannah,Hall,hannahhall0043@gmail.com,(903) 960-3463,Director of Operations,,,,,crm,2023-10-27,hannah,hall,,hannahhall0043@gmail.com,+19039603463,,hannahhall0043@gmail.com,+19039603463,hH400,hH500,,,,,,
C00267,A00125,Luis,Walker,luis.walker@summitdental.com,+1 221 453 0626,Engineer,8721 Lake Avenue,Seattle,WA,98182,trade_show,2023-08-26,luis,walker,,luis.walker@summitdental.com,+12214530626,8721 lake ave,luis.walker@summitdental.com,+12214530626,lW426,wL200,lW426|summitdental.com,lW426|8721|lake|981,lW426wL200|summitdental.com,A00125,lW426wL200|A00125,lW426|A00125
C00268,,Marcus,Johnson,,757.757.6566,Engineer,,,,,trade_show,2026-08-10,marcus,johnson,,,+17577576566,,,+17577576566,mJ525,jM622,,,,,,
C00269,,Robert,Wilson,robertwilson0197@gmail.com,269-443-4933,Engineer,,,,,erp,2026-02-08,robert,wilson,,robertwilson0197@gmail.com,+12694434933,,robertwilson0197@gmail.com,+12694434933,rW425,wR163,,,,,,
C00270,A00111,Clark,Jaems,,257-650-4210,Purchasing Agent,,,,,trade_show,2022-12-10,clark,jaems,,,+12576504210,,,+12576504210,cJ520,jC462,,,,A00111,cJ520jC462|A00111,cJ520|A00111
C00271,A00026,Joseph,Wilson,joseph.wilson@sterlinganalytics.com,+1 726 291 8766,Office Manager,8710 Park Boulevard,Denver,CO,80287,crm,2025-06-30,joseph,wilson,,joseph.wilson@sterlinganalytics.com,+17262918766,8710 park blvd,joseph.wilson@sterlinganalytics.com,+17262918766,jW425,wJ210,jW425|sterlinganalytics.com,jW425|8710|park|802,jW425wJ210|sterlinganalytics.com,A00026,jW425wJ210|A00026,jW425|A00026
C00272,A00126,James,Williams,james.williams@falconstaffing.com,791.449.9097,Owner,,,,,erp,2022-09-12,james,williams,,james.williams@falconstaffing.com,+17914499097,,james.williams@falconstaffing.com,+17914499097,jW452,wJ520,jW452|falconstaffing.com,,jW452wJ520|falconstaffing.com,A00126,jW452wJ520|A00126,jW452|A00126
C00273,A00025,William,Nguyen,william.nguyen@lakesideconsulting.com,7006757384,Director of Operations,3400 Maple Avenue,Chicago,IL,60616,trade_show,2023-05-02,william,nguyen,,william.nguyen@lakesideconsulting.com,+17006757384,3400 maple ave,william.nguyen@lakesideconsulting.com,+17006757384,wN250,nW450,wN250|lakesideconsulting.com,wN250|3400|maple|606,nW450wN250|lakesideconsulting.com,A00025,nW450wN250|A00025,wN250|A00025
C00274,A00123,Carlos,Rodriguez,carlos.rodriguez@northgateanalytics.com,(364) 930-2116,Purchasing Agent,6709 Elm Boulevard,Portland,OR,97273,erp,2022-04-11,carlos,rodriguez,,carlos.rodriguez@northgateanalytics.com,+13649302116,6709 elm blvd,carlos.rodriguez@northgateanalytics.com,+13649302116,cR362,rC642,cR362|northgateanalytics.com,cR362|6709|elm|972,cR362rC642|northgateanalytics.com,A00123,cR362rC642|A00123,cR362|A00123
C00275,A00111,Richard,Williams,richard.williams@redwoodbakery.com,808.815.1740,VP Sales,,,,,erp,2023-12-31,richard,williams,,richard.williams@redwoodbakery.com,+18088151740,,richard.williams@redwoodbakery.com,+18088151740,rW452,wR263,rW452|redwoodbakery.com,,rW452wR263|redwoodbakery.com,A00111,rW452wR263|A00111,rW452|A00111
C00276,A00093,Jennifer,Davis,jennifer.davis@brightpathconsulting.com,3358466832,Director of Operations,,,,,crm,2024-11-20,jennifer,davis,,jennifer.davis@brightpathconsulting.com,+13358466832,,jennifer.davis@brightpathconsulting.com,+13358466832,jD120,dJ516,jD120|brightpathconsulting.com,,dJ516jD120|brightpathconsulting.com,A00017,dJ516jD120|A00017,jD120|A00017
C00277,A00012,Michael,Johnson Jr.,michaeljohnson0263@gmail.com,(892) 963-5790,Owner,,,,,crm,2025-07-09,michael,johnson,jr,michaeljohnson0263@gmail.com,+18929635790,,michaeljohnson0263@gmail.com,+18929635790,mJ525,jM240,,,,A00012,jM240mJ525|A00012,mJ525|A00012
C00278,A00047,Deborah,Jackson,deborah.jackson@evergreensoftware.com,(296) 512-0828,VP Sales,,,,,trade_show,2022-01-11,deborah,jackson,,deborah.jackson@evergreensoftware.com,+12965120828,,deborah.jackson@evergreensoftware.com,+12965120828,dJ250,jD160,dJ250|evergreensoftware.com,,dJ250jD160|evergreensoftware.com,A00047,dJ250jD160|A00047,dJ250|A00047
C00279,A00161,Patricia,Allen,patricia.allen@graniteautorepair.com,+1 732 596 8731,Engineer,,,,,trade_show,2025-03-04,patricia,allen,,patricia.allen@graniteautorepair.com,+17325968731,,patricia.allen@graniteautorepair.com,+17325968731,pA450,aP362,pA450|graniteautorepair.com,,aP362pA450|graniteautorepair.com,A00161,aP362pA450|A00161,pA450|A00161
C00280,,Michael,White,michaelwhite0234@gmail.com,560-449-6066,VP Sales,6501 LAKE DR,Seattle,WA,98114,web_form,2024-04-10,michael,white,,michaelwhite0234@gmail.com,+15604496066,6501 lake dr,michaelwhite0234@gmail.com,+15604496066,mW300,wM240,,mW300|6501|lake|981,,,,
C00281,A00145,Grace,Walker,grace.walker.jr@cedarconsulting.com,+1 503 444 6414,Office Manager,4211 Lake Drive,Denver,CO,80286,crm,2024-07-10,grace,walker,,grace.walker.jr@cedarconsulting.com,+15034446414,4211 lake dr,grace.walker.jr@cedarconsulting.com,+15034446414,gW426,wG620,gW426|cedarconsulting.com,gW426|4211|lake|802,gW426wG620|cedarconsulting.com,A00145,gW426wG620|A00145,gW426|A00145
C00282,A00028,Nathan,Wilson,nathan.wilson@summitconsulting.com,476.719.4789,Director of Operations,,,,,erp,2025-02-15,nathan,wilson,,nathan.wilson@summitconsulting.com,+14767194789,,nathan.wilson@summitconsulting.com,+14767194789,nW425,wN350,nW425|summitconsulting.com,,nW425wN350|summitconsulting.com,A00028,nW425wN350|A00028,nW425|A00028
C00283,A00006,Robert,Anderson,robert.anderson@graniteroofing.com,+1 700 911 7972,Director of Operations,,,,,billing,2026-06-04,robert,anderson,,robert.anderson@graniteroofing.com,+17009117972,,robert.anderson@graniteroofing.com,+17009117972,rA536,aR163,rA536|graniteroofing.com,,aR163rA536|graniteroofing.com,A00006,aR163rA536|A00006,rA536|A00006
C00284,A00039,Richard,Lewis,richard.lewis@keystoneelectric.com,6382184067,Engineer,,,,,erp,2024-11-18,richard,lewis,,richard.lewis@keystoneelectric.com,+16382184067,,richard.lewis@keystoneelectric.com,+16382184067,rL200,lR263,rL200|keystoneelectric.com,,lR263rL200|keystoneelectric.com,A00039,lR263rL200|A00039,rL200|A00039
C00285,,Jennifer,Wilson,robertwilson0197@gmail.com,838.357.9282,Engineer,,,,,billing,2022-02-07,jennifer,wilson,,robertwilson0197@gmail.com,+18383579282,,robertwilson0197@gmail.com,+18383579282,jW425,wJ516,,,,,,
C00286,A00067,Elizabeth,Smith,,,Office Manager,,,,,erp,2023-05-01,elizabeth,smith,,,,,,,eS530,sE421,,,,A00067,eS530sE421|A00067,eS530|A00067
C00287,A00113,David,Jackson Jr.,davidjackson0259@gmail.com,(981) 383-9057,CFO,,,,,web_form,2023-08-02,david,jackson,jr,davidjackson0259@gmail.com,+19813839057,,davidjackson0259@gmail.com,+19813839057,dJ250,jD130,,,,A00113,dJ250jD130|A00113,dJ250|A00113
C00288,,Hannah,Hall,hannahhall0043@gmail.com,,Director of Operations,,,,,trade_show,2022-12-14,hannah,hall,,hannahhall0043@gmail.com,,,hannahhall0043@gmail.com,,hH400,hH500,,,,,,
C00289,,James,Young,jamesyoung0223@gmail.com,5403341434,Engineer,,,,,billing,2023-04-16,james,young,,jamesyoung0223@gmail.com,+15403341434,,jamesyoung0223@gmail.com,+15403341434,jY520,yJ520,,,,,,
C00290,A00135,Williams,Katheirne,,257.887.0248,CFO,,,,,crm,2022-05-22,williams,katheirne,,,+12578870248,,,+12578870248,wK365,kW452,,,,A00135,kW452wK365|A00135,wK365|A00135
C00291,A00161,Nathan,Johnson Jr,nathan.johnson.jr@graniteautorepair.com,(716) 598-8974,Office Manager,7031 Hill Road,Austin,TX,78780,trade_show,2022-11-01,nathan,johnson,jr,nathan.johnson.jr@graniteautorepair.com,+17165988974,7031 hill rd,nathan.johnson.jr@graniteautorepair.com,+17165988974,nJ525,jN350,nJ525|graniteautorepair.com,nJ525|7031|hill|787,jN350nJ525|graniteautorepair.com,A00161,jN350nJ525|A00161,nJ525|A00161
C00292,A00145,Grace,Walker,grace.walker@cedarconsulting.com,9635908434,VP Sales,4211 Lake Drive,Denver,CO,80286,crm,2024-07-10,grace,walker,,grace.walker@cedarconsulting.com,+19635908434,4211 lake dr,grace.walker@cedarconsulting.com,+19635908434,gW426,wG620,gW426|cedarconsulting.com,gW426|4211|lake|802,gW426wG620|cedarconsulting.com,A00145,gW426wG620|A00145,gW426|A00145
C00293,,Daniel,Young,danielyoung0205@gmail.com,557-324-4338,Purchasing Agent,,,,,crm,2022-03-23,daniel,young,,danielyoung0205@gmail.com,+15573244338,,danielyoung0205@gmail.com,+15573244338,dY520,yD540,,,,,,
C00294,A00015,Thompson,Atnhony,,382-201-5382,Office Manager,,,,,erp,2023-08-25,thompson,atnhony,,,+13822015382,,,+13822015382,tA355,aT512,,,,A00015,aT512tA355|A00015,tA355|A00015
C00295,A00098,Luis,Lee,luis.lee@summitdental.com,930.303.1413,Purchasing Agent,7570 Lake Drive,Columbus,OH,43278,trade_show,2024-06-14,luis,lee,,luis.lee@summitdental.com,+19303031413,7570 lake dr,luis.lee@summitdental.com,+19303031413,lL000,lL200,lL000|summitdental.com,lL000|7570|lake|432,lL000lL200|summitdental.com,A00098,lL000lL200|A00098,lL000|A00098
C00296,A00063,Priya,Martinez,priya.martinez@lakesidesoftware.com,490-431-4366,Office Manager,9160 Church Drive,Chicago,IL,60611,trade_show,2025-07-16,priya,martinez,,priya.martinez@lakesidesoftware.com,+14904314366,9160 church dr,priya.martinez@lakesidesoftware.com,+14904314366,pM635,mP600,pM635|lakesidesoftware.com,pM635|9160|church|606,mP600pM635|lakesidesoftware.com,A00036,mP600pM635|A00036,pM635|A00036
C00297,A00113,James,Johnson,sales@silvercreekanalytics.com,5443543564,Office Manager,6986 Sunset Drive,Seattle,WA,98132,web_form,2023-04-22,james,johnson,,sales@silvercreekanalytics.com,+15443543564,6986 sunset dr,,+15443543564,jJ525,jJ520,jJ525|silvercreekanalytics.com,jJ525|6986|sunset|981,jJ520jJ525|silvercreekanalytics.com,A00113,jJ520jJ525|A00113,jJ525|A00113
C00298,,Linda,Rodriguez,lindarodriguez0041@gmail.com,+1 263 968 6257,Office Manager,,,,,erp,2023-03-26,linda,rodriguez,,lindarodriguez0041@gmail.com,+12639686257,,lindarodriguez0041@gmail.com,+12639686257,lR362,rL530,,,,,,
C00299,A00105,Patricia,Hall,patricia.hall@stonebridgebakery.com,285.578.5448,Purchasing Agent,9792 Main Road,Nashville,TN,37240,web_form,2022-01-01,patricia,hall,,patricia.hall@stonebridgebakery.com,+12855785448,9792 main rd,patricia.hall@stonebridgebakery.com,+12855785448,pH400,hP362,pH400|stonebridgebakery.com,pH400|9792|main|372,hP362pH400|stonebridgebakery.com,A00105,hP362pH400|A00105,pH400|A00105
C00300,A00029,Joe,Lewis,joe.lewis@falconbakery.com,(711) 503-8200,Office Manager,,,,,erp,2024-03-04,joseph,lewis,,joe.lewis@falconbakery.com,+17115038200,,joe.lewis@falconbakery.com,+17115038200,jL200,lJ210,jL200|falconbakery.com,,jL200lJ210|falconbakery.com,A00029,jL200lJ210|A00029,jL200|A00029
C00301,A00124,Sue,Walker,sue.walker@beaconelectric.com,(715) 261-8080,Purchasing Agent,688 ELM ST,Portland,OR,97236,crm,2024-07-22,susan,walker,,sue.walker@beaconelectric.com,+17152618080,688 elm st,sue.walker@beaconelectric.com,+17152618080,sW426,wS250,sW426|beaconelectric.com,sW426|688|elm|972,sW426wS250|beaconelectric.com,A00148,sW426wS250|A00148,sW426|A00148
C00302,A00078,Luis,Brown,luis.brown@copperhillroofing.com,4724597256,Owner,,,,,erp,2022-11-06,luis,brown,,luis.brown@copperhillroofing.com,+14724597256,,luis.brown@copperhillroofing.com,+14724597256,lB650,bL200,lB650|copperhillroofing.com,,bL200lB650|copperhillroofing.com,A00078,bL200lB650|A00078,lB650|A00078
C00303,A00034,Richard,Williams,richard.williams@lakesidedesign.com,9648090208,Purchasing Agent,,,,,trade_show,2022-02-02,richard,williams,,richard.williams@lakesidedesign.com,+19648090208,,richard.williams@lakesidedesign.com,+19648090208,rW452,wR263,rW452|lakesidedesign.com,,rW452wR263|lakesidedesign.com,A00162,rW452wR263|A00162,rW452|A00162
C00304,A00040,Thomas,Allen,thomas.allen@oakmontplumbing.com,911-612-6220,Engineer,,,,,billing,2022-10-21,thomas,allen,,thomas.allen@oakmontplumbing.com,+19116126220,,thomas.allen@oakmontplumbing.com,+19116126220,tA450,aT520,tA450|oakmontplumbing.com,,aT520tA450|oakmontplumbing.com,A00040,aT520tA450|A00040,tA450|A00040
C00305,,Daniel,Martinez,danielmartinez0199@gmail.com,786-901-0661,VP Sales,,,,,crm,2025-01-25,daniel,martinez,,danielmartinez0199@gmail.com,+17869010661,,danielmartinez0199@gmail.com,+17869010661,dM635,mD540,,,,,,
C00306,A00095,Aisha,Moore,aisha.moore@brightpathsoftware.com,+1 270 970 9770,Engineer,1796 Church Drive,Denver,CO,80222,web_form,2026-01-17,aisha,moore,,aisha.moore@brightpathsoftware.com,+12709709770,1796 church dr,aisha.moore@brightpathsoftware.com,+12709709770,aM600,mA200,aM600|brightpathsoftware.com,aM600|1796|church|802,aM600mA200|brightpathsoftware.com,A00085,aM600mA200|A00085,aM600|A00085
C00307,A00072,Robert,Walker,robert.walker@beaconroofing.com,+1 418 439 9118,Engineer,,,,,crm,2024-05-28,robert,walker,,robert.walker@beaconroofing.com,+14184399118,,robert.walker@beaconroofing.com,+14184399118,rW426,wR163,rW426|beaconroofing.com,,rW426wR163|beaconroofing.com,A00144,rW426wR163|A00144,rW426|A00144
C00308,A00071,Michael,Harris,michael.harris@copperhillroofing.com,652.820.2860,VP Sales,,,,,erp,2024-08-12,michael,harris,,michael.harris@copperhillroofing.com,+16528202860,,michael.harris@copperhillroofing.com,+16528202860,mH620,hM240,mH620|copperhillroofing.com,,hM240mH620|copperhillroofing.com,A00071,hM240mH620|A00071,mH620|A00071
C00309,A00048,Elizabeth,Smith,elizabeth.smith@sterlingsoftware.com,939-748-5753,Office Manager,,,,,billing,2022-11-11,elizabeth,smith,,elizabeth.smith@sterlingsoftware.com,+19397485753,,elizabeth.smith@sterlingsoftware.com,+19397485753,eS530,sE421,eS530|sterlingsoftware.com,,eS530sE421|sterlingsoftware.com,A00067,eS530sE421|A00067,eS530|A00067
C00310,A00094,Michael,Patel,michael.patel@meridianlegalservices.com,8858335906,CFO,,,,,web_form,2025-10-28,michael,patel,,michael.patel@meridianlegalservices.com,+18858335906,,michael.patel@meridianlegalservices.com,+18858335906,mP340,pM240,mP340|meridianlegalservices.com,,mP340pM240|meridianlegalservices.com,A00094,mP340pM240|A00094,mP340|A00094
C00311,A00098,Grace,Lopez,grace.lopez@summitdental.com,390-317-6229,Director of Operations,,,,,web_form,2022-09-06,grace,lopez,,grace.lopez@summitdental.com,+13903176229,,grace.lopez@summitdental.com,+13903176229,gL120,lG620,gL120|summitdental.com,,gL120lG620|summitdental.com,A00098,gL120lG620|A00098,gL120|A00098
C00312,A00068,Deborah,Miller,deborah.miller@northgateinsurance.com,634.393.6774,Director of Operations,,,,,billing,2026-05-30,deborah,miller,,deborah.miller@northgateinsurance.com,+16343936774,,deborah.miller@northgateinsurance.com,+16343936774,dM460,mD160,dM460|northgateinsurance.com,,dM460mD160|northgateinsurance.com,A00068,dM460mD160|A00068,dM460|A00068
C00313,,Margaret,Martin,margaretmartin0201@gmail.com,971-447-8647,Owner,,,,,crm,2024-05-13,margaret,martin,,margaretmartin0201@gmail.com,+19714478647,,margaretmartin0201@gmail.com,+19714478647,mM635,mM626,,,,,,
C00314,A00042,Wei,Nguyen,wei.nguyen@redwoodanalytics.com,(337) 553-2636,VP Sales,,,,,crm,2022-09-22,wei,nguyen,,wei.nguyen@redwoodanalytics.com,+13375532636,,wei.nguyen@redwoodanalytics.com,+13375532636,wN250,nW000,wN250|redwoodanalytics.com,,nW000wN250|redwoodanalytics.com,A00042,nW000wN250|A00042,wN250|A00042
C00315,A00067,Susan,Martin,susan.martin@sterlingsoftware.com,2717751347,Purchasing Agent,,,,,trade_show,2025-09-18,susan,martin,,susan.martin@sterlingsoftware.com,+12717751347,,susan.martin@sterlingsoftware.com,+12717751347,sM635,mS250,sM635|sterlingsoftware.com,,mS250sM635|sterlingsoftware.com,A00067,mS250sM635|A00067,sM635|A00067
C00316,A00116,Thomas,Brown Jr,thomas.brown.jr@oakmontconsulting.com,9234743962,Office Manager,5360 Hill Drive,Portland,OR,97203,trade_show,2022-11-22,thomas,brown,jr,thomas.brown.jr@oakmontconsulting.com,+19234743962,5360 hill dr,thomas.brown.jr@oakmontconsulting.com,+19234743962,tB650,bT520,tB650|oakmontconsulting.com,tB650|5360|hill|972,bT520tB650|oakmontconsulting.com,A00116,bT520tB650|A00116,tB650|A00116
C00317,A00069,James,Lee,james.lee@redwoodstaffing.com,699-992-5770,Engineer,,,,,crm,2022-07-22,james,lee,,james.lee@redwoodstaffing.com,+16999925770,,james.lee@redwoodstaffing.com,+16999925770,jL000,lJ520,jL000|redwoodstaffing.com,,jL000lJ520|redwoodstaffing.com,A00069,jL000lJ520|A00069,jL000|A00069
C00318,A00121,Priya,Young,priya.young@copperhillelectric.com,200.773.4850,VP Sales,874 Lake Street,Austin,TX,78781,web_form,2024-06-14,priya,young,,priya.young@copperhillelectric.com,+12007734850,874 lake st,priya.young@copperhillelectric.com,+12007734850,pY520,yP600,pY520|copperhillelectric.com,pY520|874|lake|787,pY520yP600|copperhillelectric.com,A00121,pY520yP600|A00121,pY520|A00121
C00319,A00152,Robert,Brown,,,VP Sales,,,,,web_form,2026-01-12,robert,brown,,,,,,,rB650,bR163,,,,A00152,bR163rB650|A00152,rB650|A00152
C00320,A00116,Sue,Taylor,sue.taylor@oakmontconsulting.com,509.836.1013,Owner,,,,,web_form,2025-12-30,susan,taylor,,sue.taylor@oakmontconsulting.com,+15098361013,,sue.taylor@oakmontconsulting.com,+15098361013,sT460,tS250,sT460|oakmontconsulting.com,,sT460tS250|oakmontconsulting.com,A00116,sT460tS250|A00116,sT460|A00116
C00321,A00165,Yuki,Moore Sr,yuki.moore@mapleleaflogistics.com,7079907728,VP Sales,605 Maple Street,Columbus,OH,43263,billing,2026-08-08,yuki,moore,sr,yuki.moore@mapleleaflogistics.com,+17079907728,605 maple st,yuki.moore@mapleleaflogistics.com,+17079907728,yM600,mY200,yM600|mapleleaflogistics.com,yM600|605|maple|432,mY200yM600|mapleleaflogistics.com,A00165,mY200yM600|A00165,yM600|A00165
C00322,A00073,Joseph,Lopez,joseph.lopez@falconroofing.com,622-647-3718,Owner,3775 Sunset Drive,Nashville,TN,37257,trade_show,2023-07-22,joseph,lopez,,joseph.lopez@falconroofing.com,+16226473718,3775 sunset dr,joseph.lopez@falconroofing.com,+16226473718,jL120,lJ210,jL120|falconroofing.com,jL120|3775|sunset|372,jL120lJ210|falconroofing.com,A00011,jL120lJ210|A00011,jL120|A00011
C00323,A00021,Marcus,Anderson,manderson@mapleleaflegalservices.com,6509314537,Office Manager,,,,,billing,2026-05-06,marcus,anderson,,manderson@mapleleaflegalservices.com,+16509314537,,manderson@mapleleaflegalservices.com,+16509314537,mA536,aM622,mA536|mapleleaflegalservices.com,,aM622mA536|mapleleaflegalservices.com,A00021,aM622mA536|A00021,mA536|A00021
C00324,,Daniel,Garcia,danielgarcia0142@gmail.com,235-765-0958,Office Manager,,,,,web_form,2022-08-15,daniel,garcia,,danielgarcia0142@gmail.com,+12357650958,,danielgarcia0142@gmail.com,+12357650958,dG620,gD540,,,,,,
C00325,,Thomas,Wilson,thomaswilson0225@gmail.com,687-562-5913,Engineer,,,,,crm,2022-07-12,thomas,wilson,,thomaswilson0225@gmail.com,+16875625913,,thomaswilson0225@gmail.com,+16875625913,tW425,wT520,,,,,,
C00326,A00116,P.,Davis,,4996862878,Office Manager,,,,,trade_show,2024-07-10,p,davis,,,+14996862878,,,+14996862878,pD120,dP000,,,,A00116,dP000pD120|A00116,pD120|A00116
C00327,A00021,Maria,Thomas Jr,maria.thomas@mapleleaflegalservices.com,(910) 716-9878,VP Sales,,,,,erp,2022-10-28,maria,thomas,jr,maria.thomas@mapleleaflegalservices.com,+19107169878,,maria.thomas@mapleleaflegalservices.com,+19107169878,mT520,tM600,mT520|mapleleaflegalservices.com,,mT520tM600|mapleleaflegalservices.com,A00021,mT520tM600|A00021,mT520|A00021
C00328,,Margaret,Williams,,(268) 810-8051,VP Sales,,,,,trade_show,2024-04-04,margaret,williams,,,+12688108051,,,+12688108051,mW452,wM626,,,,,,
C00329,,Priya,Rodriguez,priyarodriguez0203@gmail.com,501-791-7510,Owner,,,,,billing,2026-05-23,priya,rodriguez,,priyarodriguez0203@gmail.com,+15017917510,,priyarodriguez0203@gmail.com,+15017917510,pR362,rP600,,,,,,
C00330,A00159,Deborah,Davis Jr,deborah.davis@sterlingelectric.com,+1 823 538 5100,Owner,2027 Park Boulevard,Boston,MA,02184,erp,2024-07-15,deborah,davis,jr,deborah.davis@sterlingelectric.com,+18235385100,2027 park blvd,deborah.davis@sterlingelectric.com,+18235385100,dD120,dD160,dD120|sterlingelectric.com,dD120|2027|park|021,dD120dD160|sterlingelectric.com,A00159,dD120dD160|A00159,dD120|A00159
C00331,,Margaret,Harris,margaretharris0231@gmail.com,+1 469 656 9420,Engineer,,,,,web_form,2024-12-21,margaret,harris,,margaretharris0231@gmail.com,+14696569420,,margaretharris0231@gmail.com,+14696569420,mH620,hM626,,,,,,
C00332,A00008,David,White Jr,david.white.jr@silvercreeksoftware.com,(966) 645-0292,CFO,5886 Park Street,Phoenix,AZ,85014,web_form,2025-03-26,david,white,jr,david.white.jr@silvercreeksoftware.com,+19666450292,5886 park st,david.white.jr@silvercreeksoftware.com,+19666450292,dW300,wD130,dW300|silvercreeksoftware.com,dW300|5886|park|850,dW300wD130|silvercreeksoftware.com,A00008,dW300wD130|A00008,dW300|A00008
