account_id,name,website,phone,address,city,state,zip,industry,source_system,updated_at
A00001,Redwood Design LLC,www.redwooddesign.com,(492) 979-6238,6304 Washington Avenue,Boston,MA,02130,Design,crm,2023-04-04
A00002,Sterling Plumbing LLC,www.sterlingplumbing.com,996.377.0464,1043 Church Road,Portland,OR,97235,Plumbing,erp,2023-07-03
A00003,Stonebridge Staffing Co,www.stonebridgestaffing.com,821-665-7783,4287 Cedar Avenue,Portland,OR,97271,Staffing,erp,2025-01-27
A00004,OAKMONT AUTO REPAIR Corp,www.oakmontautorepair.com,,273 Sunset Rd,Phoenix,AZ,85014,Auto Repair,billing,2024-07-15
A00005,Keystone Auto Repair LLC,www.keystoneautorepair.com,+1 684 609 1754,5995 Oak Boulevard,Chicago,IL,60656,Auto Repair,crm,2022-09-21
A00006,Summit Consulting Inc,www.summitconsulting.com,4226506032,7951 Main Drive,Chicago,IL,60679,Consulting,trade_show,2024-11-10
A00007,Maple Leaf Analytics Inc,,,4719 Washington St,Phoenix,AZ,85044,Analytics,web_form,2024-08-27
A00008,CEDAR DENTAL,www.cedardental.com,+1 965 963 5476,9222 MAPLE DRIVE,Columbus,OH,43287,Dental,erp,2022-03-25
A00009,Evergreen Insurance,www.evergreeninsurance.com,3615069873,3737 Maple Avenue,Denver,CO,80217,Insurance,erp,2025-07-07
A00010,Lakeside Landscaping Inc,www.lakesidelandscaping.com,(272) 412-6164,9877 Washington Road,Atlanta,GA,30360,Landscaping,billing,2025-07-23
A00011,Northgate Landscaping Co,www.northgatelandscaping.com,,6478 Church Boulevard,Austin,TX,78787,Landscaping,trade_show,2023-11-06
A00012,Harbor Point Landscaping Ltd,www.harborpointlandscaping.com,9095975161,9808 Cedar Drive,Portland,OR,97262,Landscaping,trade_show,2023-03-03
A00013,Redwood Legal Services LLC,www.redwoodlegalservices.com,472.315.0584,6904 Church Drive,Portland,OR,97209,Legal Services,erp,2022-10-06
A00014,Atlas Roofing Co,www.atlasroofing.com,351.705.9935,1301 Oak Street,Boston,MA,02105,Roofing,erp,2023-11-17
A00015,Northgate Landscaping Corp,,7754428071,6478 Church Boulevard,Austin,TX,78787,Landscaping,erp,2026-07-01
A00016,Oakmont Auto Repair Corp,www.oakmontautorepair.com,+1 491 933 6320,2763 Sunset Road,Phoenix,AZ,85014,Auto Repair,web_form,2022-02-16
A00017,Cedar Bakery Inc,www.cedarbakery.com,785-910-3520,4751 Maple Boulevard,Atlanta,GA,30373,Bakery,erp,2026-01-16
A00018,Bright Path Insurance Ltd,www.brightpathinsurance.com,+1 970 712 0177,2698 Maple Drive,Portland,OR,97202,Insurance,billing,2025-05-23
A00019,Sterling Landscaping LLC,www.sterlinglandscaping.com,578-984-4929,7463 Church Drive,Denver,CO,80298,Landscaping,web_form,2022-12-01
A00020,Harbor Point Staffing LLC,www.harborpointstaffing.com,+1 841 474 3881,7348 Cedar Boulevard,Austin,TX,78777,Staffing,crm,2023-03-24
A00021,Falcon Logistics Ltd,www.falconlogistics.com,904.822.1481,8111 Cedar Avenue,Atlanta,GA,30367,Logistics,erp,2026-06-02
A00022,Oakmont Bakery Inc,www.oakmontbakery.com,(624) 547-6499,3309 Church Avenue,Nashville,TN,37288,Bakery,web_form,2022-03-09
A00023,Riverbend Electric Ltd,www.riverbendelectric.com,(274) 497-8026,3295 Hill Street,Phoenix,AZ,85035,Electric,web_form,2022-02-06
A00024,Pioneer Plumbing Corp,www.pioneerplumbing.com,381-551-6767,3916 Main Avenue,Chicago,IL,60619,Plumbing,crm,2025-03-10
A00025,Ironwood Auto Repair Co,www.ironwoodautorepair.com,4892905431,5249 Church Avenue,Boston,MA,02178,Auto Repair,crm,2024-09-21
A00026,Cedar Dental Corp,www.cedardental.com,(361) 531-6232,6601 Hill Avenue,Phoenix,AZ,85089,Dental,crm,2023-01-02
A00027,Granite Roofing Inc,www.graniteroofing.com,2062473111,8917 Sunset Drive,Austin,TX,78748,Roofing,trade_show,2025-05-31
A00028,Cedar Dental Corp,www.cedardental.com,677.691.7927,5623 Elm Street,Seattle,WA,98161,Dental,web_form,2022-06-25
A00029,Keystone Landscaping Ltd,www.keystonelandscaping.com,8092330648,7935 Cedar Street,Phoenix,AZ,85037,Landscaping,erp,2026-08-22
A00030,Riverbend Electric Inc,www.riverbendelectric.com,623-926-0409,3510 Lake Road,Phoenix,AZ,85096,Electric,web_form,2025-01-03
A00031,Atlas Landscaping,www.atlaslandscaping.com,5332488207,5470 Elm Street,Denver,CO,80290,Landscaping,web_form,2024-11-04
A00032,Pioneer Analytics LLC,www.pioneeranalytics.com,(265) 302-1939,6072 Oak Avenue,Austin,TX,78778,Analytics,web_form,2022-02-23
A00033,Bright Path Dental Group Co,www.brightpathdental.com,+1 781 742 3473,2545 Maple Dr,Denver,CO,80291,Dental,trade_show,2022-08-13
A00034,Keystone Plumbing Corp,www.keystoneplumbing.com,(846) 584-0006,3950 Main Road,Portland,OR,97275,Plumbing,crm,2023-04-13
A00035,Maple Leaf Design Corp,www.mapleleafdesign.com,(710) 512-5998,6903 Sunset Road,Austin,TX,78733,Design,erp,2024-11-25
A00036,Harbor Point Consulting Ltd,www.harborpointconsulting.com,4203107492,6948 Park Drive,Atlanta,GA,30368,Consulting,billing,2026-03-18
A00037,Blue Ridge Software LLC,www.blueridgesoftware.com,+1 434 205 6427,3985 Oak Street,Boston,MA,02125,Software,erp,2026-06-02
A00038,Copper Hill Dental LLC,www.copperhilldental.com,(707) 405-5107,4352 Elm Avenue,Phoenix,AZ,85013,Dental,billing,2023-04-18
A00039,Sterling Staffing Co,www.sterlingstaffing.com,793-436-2065,3148 Elm Drive,Boston,MA,02138,Staffing,web_form,2024-08-04
A00040,Redwood Plumbing Group Ltd,www.redwoodplumbing.com,(908) 655-2180,2334 Sunset Avenue,Atlanta,GA,30372,Plumbing,crm,2025-06-02
A00041,Lakeside Legal Services LLC,www.lakesidelegalservices.com,(569) 323-7118,7319 Cedar Road,Portland,OR,97261,Legal Services,web_form,2024-03-11
A00042,Bright Path Software,www.brightpathsoftware.com,298-507-1711,716 Cedar Boulevard,Columbus,OH,43250,Software,billing,2024-09-01
A00043,Riverbend Dental LLC,www.riverbenddental.com,617-780-6306,6363 Sunset Road,Austin,TX,78729,Dental,web_form,2025-12-23
A00044,Harbor Point Plumbing,www.harborpointplumbing.com,+1 321 770 6179,7528 Main Avenue,Columbus,OH,43241,Plumbing,trade_show,2023-09-30
A00045,Atlas Consulting Ltd,www.atlasconsulting.com,+1 983 542 7704,3404 Washington Boulevard,Chicago,IL,60602,Consulting,crm,2024-09-07
A00046,Meridian Landscaping LLC,www.meridianlandscaping.com,946-402-5091,4872 Washington Street,Austin,TX,78793,Landscaping,trade_show,2023-12-04
A00047,Lakeside Roofing Inc,www.lakesideroofing.com,245.957.2870,1683 Washington Boulevard,Austin,TX,78713,Roofing,web_form,2024-05-12
A00048,Stonebridge Consulting Corp,,507.323.2221,9233 Oak Ave,Nashville,TN,37290,Consulting,erp,2024-04-02
A00049,Cedar Analytics Co,www.cedaranalytics.com,5968249980,6080 Lake St,Atlanta,GA,30308,Analytics,erp,2024-10-08
A00050,Ironwood Consulting Co,www.ironwoodconsulting.com,319.853.6016,7009 Elm Avenue,Columbus,OH,43211,Consulting,web_form,2022-09-02
A00051,Beacon Legal Services,www.beaconlegalservices.com,9167973745,7096 Washington Boulevard,Denver,CO,80233,Legal Services,billing,2025-08-06
A00052,Ironwood Auto Repair,www.ironwoodautorepair.com,(893) 755-0786,7575 Cedar Boulevard,Chicago,IL,60693,Auto Repair,erp,2024-07-22
A00053,Atlas Software Ltd,www.atlassoftware.com,3696989977,7198 Hill Drive,Chicago,IL,60686,Software,crm,2023-10-10
A00054,Silver Creek Landscaping Inc,www.silvercreeklandscaping.com,7923463827,2511 Cedar Road,Phoenix,AZ,85051,Landscaping,billing,2026-05-09
A00055,Granite Electric Co,www.graniteelectric.com,+1 340 640 9014,6243 Cedar Road,Portland,OR,97219,Electric,web_form,2025-12-17
A00056,AtlasSoftware Co,www.atlassoftware.com,369-698-9977,7198 Hill Drive,Chicago,IL,60686,Software,web_form,2026-04-12
A00057,Stonebridge Auto Repair LLC,www.stonebridgeautorepair.com,(487) 739-1473,8252 Church Road,Phoenix,AZ,85080,Auto Repair,web_form,2024-05-18
A00058,Beacon Design,www.beacondesign.com,466-878-4490,7374 Hill Boulevard,Columbus,OH,43259,Design,trade_show,2026-05-13
A00059,SILVER CREEK INSURANCE Ltd,www.silvercreekinsurance.com,7466898319,9177 Cedar Road,Columbus,OH,43257,Insurance,erp,2022-06-11
A00060,Falcon Design Inc,,7454818495,3878 Maple Blvd,Phoenix,AZ,85091,Design,crm,2022-08-29
A00061,Copper Hill Consulting Corp,www.copperhillconsulting.com,+1 970 363 4051,9063 Park Boulevard,Austin,TX,78741,Consulting,trade_show,2022-05-13
A00062,Keystone Logistics,www.keystonelogistics.com,3886405458,2010 Church Road,Austin,TX,78726,Logistics,trade_show,2022-08-23
A00063,Atlas Staffing Inc,www.atlasstaffing.com,+1 995 358 5999,3607 Oak Boulevard,Seattle,WA,98150,Staffing,billing,2023-06-03
A00064,Okmont Bakery Corp,www.oakmontbakery.com,,2833 PRK BOULEVARD,Seattle,WA,98132,Bakery,erp,2025-05-04
A00065,OAKMONT ELECTRIC Co,,,9063 Washington Dr,Nashville,TN,37234,Electric,web_form,2022-12-24
A00066,Cedar Roofing Corp,www.cedarroofing.com,(352) 340-8555,2758 Cedar Street,Chicago,IL,60654,Roofing,billing,2025-04-05
A00067,Blue Ridge Electric Ltd,www.blueridgeelectric.com,,9195 Oak St,Seattle,WA,98105,Electric,billing,2023-08-07
A00068,Evergreen Insurance Inc,www.evergreeninsurance.com,458-884-8414,6865 Washington Boulevard,Chicago,IL,60668,Insurance,billing,2024-07-09
A00069,Meridian Analytics Inc,,+1 577 317 5187,6135 Ceda Road,Atlanta,GA,30352,Analytics,erp,2025-06-29
A00070,Copper Hill Bakery LLC,www.copperhillbakery.com,5624570347,7165 Lake Drive,Atlanta,GA,30320,Bakery,billing,2025-12-25
A00071,Pioneer Staffing LLC,www.pioneerstaffing.com,7435539542,1189 Church Avenue,Austin,TX,78737,Staffing,crm,2025-09-08
A00072,Northgate Software Corp,www.northgatesoftware.com,585.844.9514,3359 Cedar Drive,Phoenix,AZ,85057,Software,billing,2023-09-01
A00073,Beacon Bakery Co,www.beaconbakery.com,(560) 921-6421,115 Main Drive,Nashville,TN,37293,Bakery,billing,2024-08-10
A00074,Ironwood Roofing Co,www.ironwoodroofing.com,918-649-3484,7285 Maple Avenue,Nashville,TN,37227,Roofing,erp,2022-12-05
A00075,Harbor Point Analytics,,218.227.1539,1054 Sunset Avenue,Denver,CO,80267,Analytics,erp,2023-08-01
A00076,Sterling Staffing Co,www.sterlingstaffing.com,(654) 214-0405,7939 Main Drive,Phoenix,AZ,85004,Staffing,web_form,2022-11-06
A00077,Lakeside Electric,www.lakesideelectric.com,(380) 341-6051,8579 Church Avenue,Chicago,IL,60614,Electric,web_form,2024-01-29
A00078,GRANITE CONSULTING Inc,www.graniteconsulting.com,6443606942,9476 WWashington Boulevard,Denver,CO,80258,Consulting,billing,2026-04-15
A00079,Falcon Analytics Corp,www.falconanalytics.com,+1 984 938 4016,5851 Sunset Boulevard,Seattle,WA,98155,Analytics,billing,2023-04-12
A00080,Evergreen Logistics Ltd,www.evergreenlogistics.com,320-784-5054,9538 Sunset Street,Seattle,WA,98181,Logistics,erp,2026-07-30
A00081,Granite Consulting Inc,www.graniteconsulting.com,6443606942,9476 Washington Boulevard,Denver,CO,80258,Consulting,crm,2026-08-08
A00082,Atlas Electric Corp,www.atlaselectric.com,5519467353,8397 Lake Street,Denver,CO,80221,Electric,web_form,2025-06-01
A00083,Summit Landscaping Inc,www.summitlandscaping.com,670-719-2345,2530 Elm Avenue,Denver,CO,80229,Landscaping,trade_show,2026-08-08
A00084,Bright Path Analytics LLC,www.brightpathanalytics.com,389-868-8598,6135 Washington Boulevard,Atlanta,GA,30356,Analytics,trade_show,2022-03-07
A00085,Beacon Dental Ltd,www.beacondental.com,315-609-6394,906 Washington Avenue,Portland,OR,97268,Dental,erp,2025-04-20
A00086,Copper Hill Electric Co,www.copperhillelectric.com,+1 335 458 0148,2477 Church Road,Denver,CO,80229,Electric,erp,2024-09-01
A00087,Beacon Analytics LLC,www.beaconanalytics.com,6049774996,5991 Main Avenue,Portland,OR,97254,Analytics,trade_show,2024-08-30
A00088,Copper Hill Electric Ltd,www.copperhillelectric.com,931-975-1877,8927 Maple Boulevard,Phoenix,AZ,85024,Electric,erp,2022-07-29
A00089,HARBOR POINT ANALYTICS Group Corp,www.harborpointanalytics.com,9316076109,2027 Hill St,Phoenix,AZ,85009,Analytics,web_form,2023-04-26
A00090,Oakmont Plumbing Inc,www.oakmontplumbing.com,355-209-2185,1608 Maple Road,Columbus,OH,43259,Plumbing,web_form,2022-11-05
A00091,Blue Ridge Landscaping Inc,www.blueridgelandscaping.com,+1 304 708 1445,3284 Washington Street,Phoenix,AZ,85061,Landscaping,billing,2025-03-01
A00092,Sterling Consulting Inc,www.sterlingconsulting.com,3654680825,8711 Cedar Road,Atlanta,GA,30337,Consulting,billing,2023-02-18
A00093,Beacon Landscaping Ltd,www.beaconlandscaping.com,+1 874 548 1204,2938 Elm Drive,Denver,CO,80274,Landscaping,billing,2025-04-09
A00094,Riverbend Roofing Inc,www.riverbendroofing.com,+1 222 398 8164,6962 Washington Avenue,Atlanta,GA,30329,Roofing,trade_show,2022-06-16
A00095,Bright Path Analytics Co,www.brightpathanalytics.com,621-294-3299,7919 Cedar Boulevard,Seattle,WA,98190,Analytics,web_form,2022-10-08
A00096,Summit Roofing LLC,www.summitroofing.com,649-498-3285,7458 Lake Drive,Nashville,TN,37293,Roofing,billing,2026-07-02
A00097,Evergreen Consulting Co,www.evergreenconsulting.com,801-446-6180,4420 Hill Road,Columbus,OH,43299,Consulting,crm,2024-11-30
A00098,Pioneer Auto Repair Corp,www.pioneerautorepair.com,615.289.3741,5003 Main Boulevard,Nashville,TN,37238,Auto Repair,web_form,2025-09-20
A00099,Northgate Analytics Inc,,882.506.0225,8211 Main Road,Boston,MA,02104,Analytics,erp,2022-05-03
A00100,Summit Consulting,www.summitconsulting.com,841-436-6966,5640 Main Street,Boston,MA,02110,Consulting,erp,2024-09-02
A00101,Copper Design Ltd,www.copperdesign.com,444.475.5659,9260 Lake Avenue,Columbus,OH,43250,Design,trade_show,2023-06-11
A00102,Northgate Electric Inc,www.northgateelectric.com,4107278314,4707 Oak Street,Boston,MA,02124,Electric,crm,2026-03-23
A00103,Oakmont Auto Repair,www.oakmontautorepair.com,(445) 934-7693,8168 Sunset Street,Seattle,WA,98148,Auto Repair,trade_show,2025-05-25
A00104,Stonebridge Auto Repair LLC,www.stonebridgeautorepair.com,684.387.9263,2573 Lake Drive,Portland,OR,97245,Auto Repair,billing,2022-03-27
A00105,Evergreen Analytics Ltd,www.evergreenanalytics.com,629-592-2477,2353 Church Boulevard,Portland,OR,97200,Analytics,trade_show,2026-04-08
A00106,Atlas Design,www.atlasdesign.com,5936737726,8941 Main Road,Chicago,IL,60624,Design,web_form,2026-07-22
A00107,Silver Creek Roofing Inc,www.silvercreekroofing.com,4263644946,7277 Cedar Drive,Portland,OR,97212,Roofing,crm,2025-07-15
A00108,Beacon Plumbing Inc,www.beaconplumbing.com,+1 860 611 5745,6726 Lake Boulevard,Nashville,TN,37284,Plumbing,crm,2023-04-13
A00109,Keystone Insurance LLC,www.keystoneinsurance.com,537.960.5964,9171 Hill Street,Atlanta,GA,30312,Insurance,billing,2022-08-13
A00110,Pioneer Consulting Co,www.pioneerconsulting.com,644.597.4547,3122 Maple Dr,Seattle,WA,98160,Consulting,erp,2025-01-06
A00111,Summit Landscaping,www.summitlandscaping.com,7249452418,8541 Main Avenue,Denver,CO,80202,Landscaping,web_form,2026-07-10
A00112,Cedar Plumbing Corp,www.cedarplumbing.com,7372573927,3489 Oak Road,Columbus,OH,43210,Plumbing,erp,2022-12-16
A00113,Beacon Legal Services Co,www.beaconlegalservices.com,(774) 978-7826,173 Sunset Street,Portland,OR,97296,Legal Services,erp,2023-12-31
A00114,Granite Plumbing,www.graniteplumbing.com,+1 369 212 5896,6132 Park Boulevard,Denver,CO,80295,Plumbing,trade_show,2023-04-23
A00115,Silver Creek Consulting Inc,www.silvercreekconsulting.com,(761) 298-9875,2728 Church Road,Denver,CO,80222,Consulting,trade_show,2026-07-13
A00116,Blue Ridge Consuling Inc,www.blueridgeconsulting.com,6708635962,8408 Maple Drive,Columbus,OH,43266,Consulting,erp,2022-12-04
A00117,Ironwood Bakery Inc,www.ironwoodbakery.com,601.652.5177,1208 Cedar Boulevard,Boston,MA,02185,Bakery,crm,2025-10-06
A00118,Stonebridge Software Corp,www.stonebridgesoftware.com,+1 205 958 3969,6910 Cedar Drive,Nashville,TN,37285,Software,trade_show,2025-12-06
A00119,Blue Ridge Software Co,www.blueridgesoftware.com,730-575-2736,8883 Park Drive,Boston,MA,02142,Software,web_form,2026-04-30
A00120,Summit Consulting Ltd,www.summitconsulting.com,7472725298,7948 Church Boulevard,Columbus,OH,43226,Consulting,web_form,2025-07-03
A00121,Oakmont Bakery Ltd,www.oakmontbakery.com,(351) 249-9188,6290 Maple Avenue,Phoenix,AZ,85088,Bakery,erp,2022-10-19
A00122,Bright Path Bakery Inc,www.brightpathbakery.com,9535801868,3097 Cedar Street,Seattle,WA,98102,Bakery,web_form,2023-11-13
A00123,Atlas Landscaping,www.atlaslandscaping.com,+1 231 622 0511,7693 Main Road,Denver,CO,80268,Landscaping,trade_show,2024-11-28
A00124,Pioneer Electric LLC,www.pioneerelectric.com,+1 354 379 4016,1969 Park Rd,Boston,MA,02191,Electric,trade_show,2023-06-02
A00125,Blue Ridge Logistics Co,www.blueridgelogistics.com,(204) 642-6723,8465 Washington Road,Atlanta,GA,30391,Logistics,erp,2024-07-21
A00126,Redwood Landscaping Ltd,www.redwoodlandscaping.com,(460) 910-6176,1432 Sunset Street,Boston,MA,02104,Landscaping,billing,2026-08-18
A00127,Atlas Electric Inc,www.atlaselectric.com,(315) 434-1716,2984 Elm Street,Atlanta,GA,30396,Electric,crm,2023-06-28
A00128,Keystone Roofing Corp,www.keystoneroofing.com,4144151222,4299 Washington Drive,Seattle,WA,98116,Roofing,erp,2022-07-04
A00129,Granite Auto Repair Corp,www.graniteautorepair.com,993.843.2165,5767 Lake Road,Austin,TX,78703,Auto Repair,web_form,2022-12-28
A00130,Ironwood Dental LLC,www.ironwooddental.com,772.940.5200,1718 Park Boulevard,Denver,CO,80205,Dental,web_form,2025-11-03
A00131,Cedar Insurance,www.cedarinsurance.com,702-223-3694,6370 Lake Road,Austin,TX,78783,Insurance,billing,2023-12-20
A00132,Lakeside Auto Repair LLC,www.lakesideautorepair.com,929.346.8712,3500 Washington Avenue,Atlanta,GA,30387,Auto Repair,erp,2024-04-27
A00133,Riverbend Design Corp,www.riverbenddesign.com,980-838-5340,6767 Park Street,Boston,MA,02102,Design,web_form,2026-07-04
A00134,Maple Leeaf Insurance Group Inc,www.mapleleafinsurance.com,,693 Maiin Rd,Austin,TX,78784,Insurance,trade_show,2023-10-21
A00135,Beacon Software Inc,www.beaconsoftware.com,9023485994,9372 Church Drive,Chicago,IL,60628,Software,trade_show,2026-06-09
A00136,Copper Hill Electric,www.copperhillelectric.com,2412412134,1320 Main Drive,Chicago,IL,60696,Electric,crm,2026-02-11
A00137,Beacon Logistics Co,www.beaconlogistics.com,8525854081,7297 Hill Street,Columbus,OH,43203,Logistics,web_form,2026-07-27
A00138,Sterling Bakery Co,www.sterlingbakery.com,,3401 Sunset Avenue,Austin,TX,78717,Bakery,erp,2024-10-20
A00139,Redwood Dental LLC,www.redwooddental.com,324.473.9592,450 Oak Boulevard,Portland,OR,97276,Dental,erp,2023-10-25
A00140,Riverbend Consulting Ltd,www.riverbendconsulting.com,976-399-3922,8490 Hill Avenue,Boston,MA,02145,Consulting,trade_show,2026-02-24
A00141,LAKESIDE INSURANCE Co,,+1 993 906 7016,4529 Elm Ave,Chicago,IL,60669,Insurance,billing,2022-07-14
A00142,Cedar Legal Services,www.cedarlegalservices.com,(985) 813-3504,9422 Church Boulevard,Phoenix,AZ,85026,Legal Services,erp,2024-02-29
A00143,Atlas Bakery Co,www.atlasbakery.com,735.938.5019,1470 Elm Road,Nashville,TN,37206,Bakery,crm,2026-05-06
A00144,Pioneer Consulting,www.pioneerconsulting.com,644.597.4547,3122 Maple Drive,Seattle,WA,98160,Consulting,billing,2022-07-24
A00145,Keystone Auto Repair Corp,www.keystoneautorepair.com,462-706-4237,2574 Park Drive,Boston,MA,02155,Auto Repair,trade_show,2022-07-31
A00146,Copper Hill Dental Inc,www.copperhilldental.com,5324230056,4516 Park Boulevard,Seattle,WA,98107,Dental,trade_show,2025-07-12
A00147,Summit Logistics Corp,www.summitlogistics.com,2186901700,2677 Sunset Drive,Seattle,WA,98165,Logistics,crm,2023-01-18
A00148,Lakeside Logistics LLC,www.lakesidelogistics.com,+1 559 824 6461,3113 Maple Drive,Chicago,IL,60650,Logistics,web_form,2024-10-20
A00149,Maple Leaf Landscaping LLC,www.mapleleaflandscaping.com,+1 467 997 4584,2154 Elm Drive,Phoenix,AZ,85004,Landscaping,trade_show,2022-07-18
A00150,Stonebridge Software LLC,www.stonebridgesoftware.com,+1 929 893 0662,7066 Cedar Avenue,Nashville,TN,37296,Software,trade_show,2022-03-23
A00151,Maple Legal Services LLC,,,9018 Oak Rd,Phoenix,AZ,85076,Legal Services,erp,2025-12-24
A00152,Silver Creek Analytics LLC,www.silvercreekanalytics.com,490-613-9097,8231 Cedar Drive,Boston,MA,02112,Analytics,billing,2022-09-18
A00153,Northgate Landscaping Corp,www.northgatelandscaping.com,7754428071,6478 Church Boulevard,Austin,TX,78787,Landscaping,erp,2025-11-04
A00154,Ironwood Legal Services Ltd,www.ironwoodlegalservices.com,293-868-2681,4651 Church Boulevard,Atlanta,GA,30339,Legal Services,trade_show,2025-11-25
A00155,Summit Insurance LLC,,3642068883,337 Maple Avenue,Boston,MA,02163,Insurance,web_form,2024-02-11
A00156,Bright Path Dental Ltd,www.brightpathdental.com,7407051867,3622 Lake Avenue,Columbus,OH,43245,Dental,web_form,2023-08-18
A00157,Sterlnig Roofing,www.sterlingroofing.com,(946) 536-5598,9191 Main Avenue,Seattle,WA,98196,Roofing,trade_show,2025-11-21
A00158,Sterling Legal Services Corp,www.sterlinglegalservices.com,9003489287,8903 Maple Drive,Atlanta,GA,30317,Legal Services,trade_show,2023-07-19
A00159,Cedar Legal Services Ltd,www.cedarlegalservices.com,926-834-5729,2326 Main Road,Chicago,IL,60626,Legal Services,billing,2022-03-18
A00160,Meridian Design LLC,www.meridiandesign.com,+1 436 636 7213,4369 Washington Street,Boston,MA,02156,Design,crm,2022-08-31
A00161,Stonebridge Logistics,www.stonebridgelogistics.com,8899139769,2859 Oak Boulevard,Austin,TX,78784,Logistics,crm,2023-03-12
A00162,Silver Creek Roofing Corp,www.silvercreekroofing.com,(361) 800-0692,4496 Park Avenue,Nashville,TN,37287,Roofing,web_form,2022-10-16
A00163,Ironwood Bakery LLC,www.ironwoodbakery.com,+1 730 822 8305,8342 Elm Avenue,Nashville,TN,37208,Bakery,trade_show,2026-07-24
A00164,Silver Creek Plumbing Ltd,www.silvercreekplumbing.com,949.867.3333,6101 Maple Boulevard,Chicago,IL,60679,Plumbing,crm,2026-08-04
A00165,Falcon Insurance Co,www.falconinsurance.com,(554) 608-2633,9827 Lake Road,Nashville,TN,37224,Insurance,billing,2022-07-04
A00166,Meridian Plumbing,www.meridianplumbing.com,5469356890,120 Elm Avenue,Portland,OR,97294,Plumbing,web_form,2025-10-29
A00167,Stonebridge Auto Repair Ltd,www.stonebridgeautorepair.com,3982766098,4268 Church Drive,Phoenix,AZ,85000,Auto Repair,erp,2022-12-31
A00168,Ironwood Bakery Corp,www.ironwoodbakery.com,8358903849,4823 Elm Road,Denver,CO,80272,Bakery,erp,2026-05-04
A00169,Sterling Plumbing Group LLC,www.sterlingplumbing.com,,5752 Sunset Street,Denver,CO,80208,Plumbing,erp,2024-07-06
A00170,Keystone Bakery Corp,www.keystonebakery.com,(738) 624-8136,7588 Hill Drive,Nashville,TN,37289,Bakery,crm,2022-08-09
A00171,HARBOR POINT PLUMBIING,,(321) 770-6179,7258 Main Ave,Columbus,OH,43241,Plumbing,erp,2024-08-29
A00172,Pioneer Electric LLC,www.pioneerelectric.com,3543794016,1969 Park Road,Boston,MA,02191,Electric,trade_show,2022-03-03
A00173,Meridian Legal Services LLC,www.meridianlegalservices.com,(836) 421-3152,4449 Cedar Boulevard,Atlanta,GA,30396,Legal Services,trade_show,2023-02-18
A00174,GRANITE LEGAL SERVICES Inc,www.granitelegalservices.com,(400) 583-9203,8454 LKE BLVD,Nashville,TN,37224,Legal Services,crm,2023-06-07
A00175,Beacon Roofing Ltd,www.beaconroofing.com,805-651-1727,6400 Oak Road,Chicago,IL,60647,Roofing,trade_show,2023-10-26
A00176,Pioneer Electric Corp,www.pioneerelectric.com,543.612.1072,4023 Lake Drive,Chicago,IL,60624,Electric,crm,2024-05-14
A00177,Cedar Analytics Co,www.cedaranalytics.com,596-824-9980,6080 Lake Street,Atlanta,GA,30308,Analytics,erp,2026-05-29
A00178,Redwood Auto Repair Ltd,www.redwoodautorepair.com,(526) 923-9184,9000 Cedar Road,Atlanta,GA,30319,Auto Repair,billing,2023-09-26
A00179,ATLAS INSURANCE Ltd,www.atlasinsurance.com,619-745-1257,3403OAK AVE,Denver,CO,80248,Insurance,billing,2022-07-23
A00180,Lakeside Dental Co,www.lakesidedental.com,(724) 379-1810,6905 Church Drive,Chicago,IL,60620,Dental,web_form,2025-11-13
A00181,Summit Consulting,www.summitconsulting.com,736.443.2142,8174 Washington Road,Phoenix,AZ,85085,Consulting,erp,2025-10-26
A00182,Blue Ridge Analytics Co,www.blueridgeanalytics.com,(633) 552-8825,9430 Washington Drive,Seattle,WA,98129,Analytics,erp,2025-02-10
A00183,Stonebridge Staffing Ltd,www.stonebridgestaffing.com,2799220888,6513 Church Boulevard,Atlanta,GA,30300,Staffing,erp,2025-06-13
A00184,Evergreen Landscaping Co,www.evergreenlandscaping.com,480-449-1439,9351 Cedar Drive,Phoenix,AZ,85083,Landscaping,erp,2023-08-12
A00185,Harbor Point Dental Inc,www.harborpointdental.com,+1 700 918 9345,2816 Maple Street,Boston,MA,02133,Dental,billing,2025-11-11
A00186,Bright Path Bakery Inc,www.brightpathbakery.com,2734711377,7333 Maple Boulevard,Portland,OR,97229,Bakery,billing,2022-07-17
A00187,Maple Leaf Legal Services Co,www.mapleleaflegalservices.com,+1 734 771 3156,9354 Lake Road,Nashville,TN,37223,Legal Services,trade_show,2022-06-05
A00188,Copper Hill Plumbing Ltd,www.copperhillplumbing.com,+1 750 337 0338,2998 Maple Drive,Boston,MA,02113,Plumbing,billing,2022-07-01
A00189,Lakeside Design Co,www.lakesidedesign.com,6706865446,8953 Church Avenue,Chicago,IL,60622,Design,web_form,2025-05-16
A00190,Lakeside Analytics Inc,www.lakesideanalytics.com,(691) 266-2582,1666 Main Drive,Atlanta,GA,30373,Analytics,web_form,2022-11-11
A00191,Meridian Auto Repair,www.meridianautorepair.com,595.632.1526,634 Oak Road,Seattle,WA,98107,Auto Repair,billing,2025-05-07
A00192,Stonebridge Analytics Corp,www.stonebridgeanalytics.com,+1 612 311 4263,7752 Elm Boulevard,Chicago,IL,60614,Analytics,web_form,2024-03-17
A00193,Bright Path Auto Repair Inc,www.brightpathautorepair.com,6319931648,9219 Elm Road,Seattle,WA,98138,Auto Repair,crm,2024-01-26
A00194,Bluue Ridge Dental Inc,www.blueridgedental.com,,246 Park Street,Phoenix,AZ,85005,Dental,crm,2024-07-10
A00195,Cedar Landscaping Co,www.cedarlandscaping.com,+1 824 299 2489,8828 Oak Street,Portland,OR,97212,Landscaping,web_form,2023-10-22
A00196,Copper Hill Roofing Ltd,www.copperhillroofing.com,875.893.5277,4350 Elm Avenue,Columbus,OH,43260,Roofing,crm,2025-07-11
A00197,Ironwood Bakery,www.ironwoodbakery.com,+1 296 933 0839,1755 Oak Drive,Seattle,WA,98140,Bakery,crm,2023-08-13
A00198,Lakeside Logistics,www.lakesidelogistics.com,586-902-2241,6764 Hill Drive,Denver,CO,80260,Logistics,billing,2025-11-19
A00199,Copper Hill Design Ltd,www.copperhilldesign.com,294-875-8617,1229 Elm Road,Phoenix,AZ,85030,Design,crm,2026-03-08
A00200,Falcon Design Inc,,7454818495,3878 Maple Boulevard,Phoenix,AZ,85091,Design,web_form,2022-05-30
A00201,SummitStaffing Ltd,,555-343-3289,5056 Park Ave,Austin,TX,78749,Staffing,crm,2023-08-20
A00202,Nortthgate Insurance LLC,www.northgateinsurance.com,7698790838,6709 Sunset St,Columbus,OH,43241,Insurance,crm,2024-12-21
A00203,Keystone Roofing LLC,www.keystoneroofing.com,+1 853 692 4975,7377 Oak Street,Denver,CO,80272,Roofing,trade_show,2025-06-28
A00204,Sterling Roofing Corp,www.sterlingroofing.com,3153655316,4753 Maple Road,Nashville,TN,37271,Roofing,trade_show,2024-08-17
A00205,Northgate Logistics Inc,www.northgatelogistics.com,294.536.3790,6861 Maple Street,Denver,CO,80204,Logistics,web_form,2023-04-13
A00206,Keystone Roofing Corp,www.keystoneroofing.com,414.415.1222,4299 WASSHINGTON DR,Seattle,WA,98116,Roofing,erp,2024-10-14
A00207,Sterling Logistics Ltd,www.sterlinglogistics.com,216-576-0808,411 Elm Boulevard,Chicago,IL,60632,Logistics,web_form,2022-10-28
A00208,KEYSTONE BAKERY Group Corp,www.keystonebakery.com,,7588 Hill Drive,Nashville,TN,37289,Bakery,web_form,2024-03-05
A00209,Blue Ridge Consulting Inc,www.blueridgeconsulting.com,+1 432 681 3222,41 Hill Drive,Phoenix,AZ,85083,Consulting,web_form,2023-02-23
A00210,Copper Hill Bakery LLC,www.copperhillbakery.com,490-273-0906,1037 Hill Road,Portland,OR,97201,Bakery,erp,2025-12-26
A00211,Summit Bakery Ltd,www.summitbakery.com,318-889-6822,4271 Lake Avenue,Atlanta,GA,30373,Bakery,erp,2026-07-12
A00212,Pioneer Bakery,www.pioneerbakery.com,(545) 575-1052,3475 Park Avenue,Phoenix,AZ,85006,Bakery,erp,2022-09-07
A00213,EVERGREEN LANDSCAPING LLC,www.evergreenlandscaping.com,,9351 Cedar Drive,Phoenix,AZ,85083,Landscaping,web_form,2022-09-29
A00214,Keystone Logistics Inc,www.keystonelogistics.com,335.293.8911,1926 Oak Road,Seattle,WA,98148,Logistics,trade_show,2023-04-27
A00215,Blue Ridge Dental Corp,www.blueridgedental.com,231.218.7876,3810 Maple Boulevard,Denver,CO,80299,Dental,trade_show,2024-10-29
A00216,Riverbend Staffing Ltd,www.riverbendstaffing.com,506-965-9725,4138 Cedar Street,Denver,CO,80230,Staffing,erp,2025-09-03
A00217,Northgate Electric Corp,www.northgateelectric.com,493.322.4223,3920 Cedar Road,Portland,OR,97212,Electric,billing,2024-01-17
A00218,Beacon Legal Services,www.beaconlegalservices.com,908.320.6616,6441 Hill Boulevard,Chicago,IL,60643,Legal Services,trade_show,2026-06-06
A00219,Meridian Logistics Inc,www.meridianlogistics.com,4095529529,8669 Main Street,Denver,CO,80277,Logistics,trade_show,2023-01-21
A00220,Pioneer Legal Services Co,www.pioneerlegalservices.com,273-857-7829,7459 Cedar Boulevard,Portland,OR,97243,Legal Services,erp,2022-10-01
A00221,Sterling Software LLC,www.sterlingsoftware.com,655-945-1553,512 Lake Avenue,Chicago,IL,60628,Software,trade_show,2023-12-03
A00222,BLUE RIDGE ELECTRIC Co,,+1 565 782 9396,9195 Oak St,Seattle,WA,98125,Electric,trade_show,2022-08-27
A00223,Sterling Logistics Co,www.sterlinglogistics.com,(550) 286-7565,6759 Lake Road,Austin,TX,78704,Logistics,erp,2023-01-10
A00224,Sterling Consulting Ltd,www.sterlingconsulting.com,303-676-1560,6804 Cedar Street,Denver,CO,80284,Consulting,billing,2026-05-26
A00225,Falcon Plumbing Co,www.falconplumbing.com,(729) 350-5790,1796 Park Road,Austin,TX,78723,Plumbing,billing,2024-05-14
A00226,Meridian Plumbing Corp,www.meridianplumbing.com,(288) 271-9163,2821 Church Boulevard,Chicago,IL,60627,Plumbing,trade_show,2022-10-19
A00227,Meridian Roofing,www.meridianroofing.com,746.246.4743,4013 Main Street,Chicago,IL,60682,Roofing,crm,2022-10-30
A00228,Riverbend Bakery Ltd,www.riverbendbakery.com,762-408-1320,2280 Church Boulevard,Portland,OR,97236,Bakery,crm,2026-02-08
A00229,Atlas Roofing LLC,www.atlasroofing.com,(765) 765-9855,4795 Church Avenue,Seattle,WA,98112,Roofing,erp,2025-07-06
A00230,Oakmont Analytics Ltd,www.oakmontanalytics.com,874.504.9257,2252 Elm Boulevard,Chicago,IL,60643,Analytics,erp,2024-05-12
A00231,Pioneer Software Corp,www.pioneersoftware.com,+1 353 490 2371,8292 Maple Boulevard,Columbus,OH,43267,Software,crm,2026-08-17
A00232,Northgate Landscaping LLC,www.northgatelandscaping.com,3776234676,1589 Elm Avenue,Nashville,TN,37232,Landscaping,crm,2024-02-04
A00233,Copper Hill Design Corp,,+1 648 564 0271,8597 Lake Boulevard,Austin,TX,78795,Design,crm,2025-06-11
A00234,Blue Ridge Roofing Ltd,www.blueridgeroofing.com,796.396.6358,181 Park Street,Nashville,TN,37238,Roofing,web_form,2023-04-03
A00235,Atlas Roofing Inc,www.atlasroofing.com,836.866.9828,9859 Elm Avenue,Austin,TX,78774,Roofing,web_form,2025-05-25
A00236,Pioneer Analytics,www.pioneeranalytics.com,+1 975 773 4297,8956 Hill Drive,Seattle,WA,98135,Analytics,erp,2023-11-21
A00237,Summit Electric,www.summitelectric.com,+1 965 627 9567,5260 Washington Avenue,Austin,TX,78724,Electric,billing,2024-04-13
A00238,Maple Leaf Insurance Co,www.mapleleafinsurance.com,+1 553 951 5104,9635 Park Drive,Denver,CO,80208,Insurance,web_form,2025-03-20
A00239,Summit Design LLC,www.summitdesign.com,+1 885 446 7345,6358 Oak Boulevard,Phoenix,AZ,85029,Design,web_form,2026-08-18
A00240,STERLING INSURANCE Ltd,www.sterlinginsurance.com,,2880 SUNSET DR,Nashville,TN,37260,Insurance,billing,2023-06-11
A00241,Keystone Plumbing Group Corp,,+1 846 584 0006,3950 Main Road,Portland,OR,97275,Plumbing,trade_show,2022-10-24
A00242,Beacon Staffing LLC,www.beaconstaffing.com,+1 436 957 7542,4717 Main Boulevard,Denver,CO,80278,Staffing,trade_show,2024-02-23
A00243,Bright Path Dental Inc,www.brightpathdental.com,280.486.1323,3408 Lake Drive,Denver,CO,80245,Dental,web_form,2024-05-10
A00244,Stonebridge Analytics Corp,,,7752 ELM BLVD,Chicago,IL,60640,Analytics,trade_show,2025-05-05
A00245,Northgate Legal Services Inc,www.northgatelegalservices.com,+1 362 257 5665,3882 Hill Avenue,Denver,CO,80299,Legal Services,web_form,2026-05-22
A00246,Meridian Analytics Ltd,www.meridiananalytics.com,8459296580,9090 Church Avenue,Atlanta,GA,30384,Analytics,trade_show,2025-06-23
A00247,Riverbend Software Inc,www.riverbendsoftware.com,629-448-6555,7467 Main Boulevard,Portland,OR,97279,Software,billing,2023-05-28
A00248,Falcon Software Co,www.falconsoftware.com,+1 224 391 8306,7039 OAK AVE,Denver,CO,80278,Software,billing,2025-09-24
A00249,Falcon Insurance,www.falconinsurance.com,,6490 Park Road,Portland,OR,97236,Insurance,crm,2022-12-21
A00250,MeridianRoofing Ltd,,754.320.5312,8783 Main Dr,Seattle,WA,98113,Roofing,erp,2025-03-24
A00251,Riverbend Design Corp,www.riverbenddesign.com,4692070828,3857 Elm Road,Portland,OR,97203,Design,crm,2025-09-21
A00252,Granite Auto Repair Ltd,www.graniteautorepair.com,2785697013,3436 Park Avenue,Columbus,OH,43265,Auto Repair,erp,2025-12-23
A00253,SUMMIT PLUMBING Group,www.summitplumbing.com,835.472.4479,1656 Elm Drive,Austin,TX,78715,Plumbing,billing,2026-07-17
A00254,Granite Landscaping Ltd,www.granitelandscaping.com,(279) 778-2810,1757 Sunset Street,Austin,TX,78720,Landscaping,billing,2022-03-09
A00255,Keystone Legal Services Ltd,www.keystonelegalservices.com,7454015098,2080 Washington Road,Phoenix,AZ,85045,Legal Services,erp,2023-02-23
A00256,Lakeside Insurance Co,www.lakesideinsurance.com,9939067016,4529 Elm Avenue,Chicago,IL,60669,Insurance,crm,2024-09-19
A00257,Oakmont Logistics LLC,www.oakmontlogistics.com,512.642.5313,2729 Sunset Boulevard,Columbus,OH,43205,Logistics,crm,2025-12-17
A00258,Oakmonnt Software Ltd,,+1 626 545 5774,4544 Park Drive,Boston,MA,02112,Software,erp,2022-08-13
A00259,Granite Consulting Inc,www.graniteconsulting.com,,9476 Washington Boulevard,Denver,CO,80290,Consulting,web_form,2024-07-06
A00260,Meridia Analytics,,,3606 Main Boulevard,Seattle,WA,98112,Analytics,billing,2022-12-24
A00261,Atlas Analytics Co,www.atlasanalytics.com,+1 877 926 6158,8092 Washington Boulevard,Austin,TX,78788,Analytics,erp,2026-07-15
A00262,Evergreen Legal Services Ltd,www.evergreenlegalservices.com,(849) 301-5945,1190 Elm Avenue,Boston,MA,02197,Legal Services,web_form,2026-06-13
A00263,Pioneer Software Co,www.pioneersoftware.com,(721) 850-4017,1000 Washington Road,Portland,OR,97285,Software,web_form,2025-02-01
A00264,Bright Path Dental,www.brightpathdental.com,4542042844,326 Main Avenue,Atlanta,GA,30314,Dental,billing,2022-12-24
A00265,Summit Consulting LLC,www.summitconsulting.com,410-286-4188,2998 Elm Boulevard,Atlanta,GA,30300,Consulting,web_form,2022-06-26
A00266,Summit Consulting,www.summitconsulting.com,(250) 663-8242,3257 Oak Avenue,Nashville,TN,37233,Consulting,billing,2022-03-19
A00267,MeridianPlumbing LLC,,(475) 888-1630,9092 Elm Boulevard,Boston,MA,02124,Plumbing,erp,2024-06-29
A00268,Sterling Roofing,www.sterlingroofing.com,442.621.6000,7738 Cedar Street,Denver,CO,80286,Roofing,erp,2023-06-12
A00269,Silver Creek Analytics Co,www.silvercreekanalytics.com,8232927218,8132 Hill Boulevard,Denver,CO,80222,Analytics,crm,2023-10-25
A00270,Falcon Bakery Ltd,www.falconbakery.com,,45 Oak Ave,Phoenix,AZ,85011,Bakery,erp,2025-07-31
A00271,Northgate Consulting Inc,www.northgateconsulting.com,9543432406,7163 Elm Street,Boston,MA,02115,Consulting,web_form,2023-04-12
A00272,Copper Hill Landscaping LLC,www.copperhilllandscaping.com,340.381.5509,3064 Oak Boulevard,Austin,TX,78733,Landscaping,erp,2023-06-28
A00273,Ironwood Stafifng Group Corp,www.ironwoodstaffing.com,9108300525,1924 Church Drive,Columbus,OH,43296,Staffing,erp,2023-12-03
A00274,Pioneer Insurance Corp,www.pioneerinsurance.com,638-838-1399,944 Oak Boulevard,Atlanta,GA,30372,Insurance,web_form,2022-11-09
A00275,Meridian Electric Ltd,www.meridianelectric.com,+1 584 306 8060,7091 Park Boulevard,Denver,CO,80276,Electric,crm,2024-04-08
A00276,Ironwood Insurance Corp,www.ironwoodinsurance.com,+1 656 612 2955,9044 Washington Avenue,Portland,OR,97270,Insurance,trade_show,2026-06-29
A00277,Blue Ridge Staffing Ltd,www.blueridgestaffing.com,+1 549 936 2239,255 Church Drive,Atlanta,GA,30341,Staffing,crm,2023-01-21
A00278,Riverbend Legal Services Ltd,www.riverbendlegalservices.com,263.790.9593,9130 Maple Street,Boston,MA,02137,Legal Services,trade_show,2022-04-12
A00279,Lakeside Consulting Corp,www.lakesideconsulting.com,(838) 594-0320,729 Hill Drive,Portland,OR,97206,Consulting,crm,2023-03-27
A00280,Sterling Roofing Inc,www.sterlingroofing.com,670.389.2581,5976 Washington Road,Austin,TX,78770,Roofing,web_form,2024-07-02
A00281,Harbor Point Plumbing LLC,www.harborpointplumbing.com,7168093795,801 Washington Street,Denver,CO,80208,Plumbing,erp,2024-05-31
A00282,Beacon Legal Services Corp,www.beaconlegalservices.com,722.550.9704,5829 Oak Boulevard,Boston,MA,02150,Legal Services,erp,2024-02-18
A00283,Cedar Insurance,www.cedarinsurance.com,+1 629 795 8258,3498 Main Road,Phoenix,AZ,85047,Insurance,crm,2023-05-20
A00284,Silver Creek Software,www.silvercreeksoftware.com,+1 906 524 4515,407 Cedar Street,Nashville,TN,37213,Software,web_form,2022-01-08
A00285,Copper Hill Design Corp,www.copperhilldesign.com,868.339.0423,2166 Hill Avenue,Denver,CO,80236,Design,crm,2025-06-11
A00286,Oakmont Landscaping Corp,www.oakmontlandscaping.com,(964) 606-2692,9791 Sunset Boulevard,Portland,OR,97267,Landscaping,crm,2025-07-24
A00287,Meridian Consulting Co,www.meridianconsulting.com,(768) 258-1171,9232 Sunset Avenue,Phoenix,AZ,85048,Consulting,erp,2023-04-01
A00288,Maple Leaf Consulting,www.mapleleafconsulting.com,(293) 788-4704,3320 Elm Drive,Austin,TX,78797,Consulting,billing,2024-06-12
A00289,PioneerA nalytics Ltd,,+1 610 604 1411,3387 Elm Rd,Austin,TX,78733,Analytics,web_form,2025-08-14
A00290,Blue Ridge Electric Co,www.blueridgeelectric.com,(565) 782-9396,9195 Oak Street,Seattle,WA,98125,Electric,erp,2025-04-11
A00291,Beacon Plumbing Co,www.beaconplumbing.com,+1 486 683 4246,7867 Main Street,Denver,CO,80262,Plumbing,web_form,2025-12-10
A00292,Ironwood Analytics Corp,www.ironwoodanalytics.com,+1 697 284 5531,8665 Sunset Street,Seattle,WA,98132,Analytics,web_form,2024-09-02
A00293,Keystone Bakery Corp,www.keystonebakery.com,605.782.4954,4949 Elm Avenue,Denver,CO,80232,Bakery,billing,2025-04-16
A00294,Northgate Dental Co,www.northgatedental.com,603.677.0533,3078 Hill Road,Denver,CO,80252,Dental,web_form,2023-11-19
A00295,Copper Hill Legal Services Corp,www.copperhilllegalservices.com,3389714150,5435 Hill Drive,Columbus,OH,43234,Legal Services,trade_show,2022-06-05
A00296,Summit Analytics Inc,www.summitanalytics.com,218.865.5209,3018 Maple Street,Nashville,TN,37238,Analytics,billing,2022-02-22
A00297,Lakeside Landscaping,www.lakesidelandscaping.com,(792) 654-9861,2714 Main Avenue,Phoenix,AZ,85005,Landscaping,erp,2026-02-11
A00298,Atlas Auto Repair Ltd,www.atlasautorepair.com,863.301.3222,9857 Main Avenue,Austin,TX,78710,Auto Repair,billing,2026-02-12
A00299,Oakmont Roofing Inc,www.oakmontroofing.com,(801) 504-6274,5079 Hill Road,Seattle,WA,98125,Roofing,web_form,2025-11-21
A00300,Atlas Consulting Group Ltd,www.atlasconsulting.com,(983) 542-7704,3404 Washington Blvd,Chicago,IL,60660,Consulting,web_form,2026-01-28
A00301,Falcon Consulting Ltd,www.falconconsulting.com,6097790477,2406 Sunset Drive,Columbus,OH,43293,Consulting,trade_show,2024-07-31
A00302,Granite Staffing Inc,www.granitestaffing.com,(228) 839-2197,3367 Park Drive,Columbus,OH,43299,Staffing,crm,2022-05-04
A00303,Granite Logistics Ltd,www.granitelogistics.com,+1 996 545 9112,1256 Park Avenue,Denver,CO,80222,Logistics,trade_show,2022-03-17
A00304,Blue Ridge Insurance,www.blueridgeinsurance.com,(253) 403-7570,5087 Church Boulevard,Phoenix,AZ,85080,Insurance,trade_show,2023-09-30
A00305,Blue Ridge Consulting Inc,www.blueridgeconsulting.com,503-763-8181,4599 Washington Road,Boston,MA,02186,Consulting,web_form,2025-05-10
A00306,Ironwood Staffing Inc,www.ironwoodstaffing.com,+1 453 649 8454,2876 Park Boulevard,Seattle,WA,98199,Staffing,trade_show,2023-12-10
A00307,Copper Hill Auto Repair Co,www.copperhillautorepair.com,902-933-7806,1157 Sunset Street,Denver,CO,80249,Auto Repair,erp,2023-09-29
A00308,Summit Landscaping Corp,www.summitlandscaping.com,4074265499,6938 Hill Street,Denver,CO,80289,Landscaping,crm,2022-02-24
A00309,Copper Hil lLandscaping LLC,,3403815509,3064 Oak Blvd,Austin,TX,78733,Landscaping,web_form,2024-05-09
A00310,CopperHillRoofing Ltd,,8758935277,449 Lake Drive,Columbus,OH,43214,Roofing,billing,2025-01-10
A00311,Harbor Point Consulting LLC,www.harborpointconsulting.com,5635911704,7219 Hill Avenue,Seattle,WA,98173,Consulting,crm,2025-04-25
A00312,Ironwood Insurance Corp,www.ironwoodinsurance.com,+1 379 348 8392,6890 ELM DR,Seattle,WA,98134,Insurance,erp,2026-03-13
A00313,Riverbend Landscaping Inc,www.riverbendlandscaping.com,+1 750 645 3565,9395 Maple Avenue,Nashville,TN,37282,Landscaping,web_form,2025-07-15
A00314,Evergreen Design Ltd,www.evergreendesign.com,379-853-8195,5286 Park Street,Phoenix,AZ,85026,Design,web_form,2022-03-11
A00315,Bright Path Auto Repair Co,www.brightpathautorepair.com,748.833.2438,4526 Hill Drive,Atlanta,GA,30392,Auto Repair,erp,2023-07-02
A00316,Redwood Landscaping Ltd,www.redwoodlandscaping.com,927-263-4026,685 Cedar Street,Chicago,IL,60679,Landscaping,crm,2025-05-12
A00317,Stonebridge Auto Repair,www.stonebridgeautorepair.com,720.486.1846,6466 Main Boulevard,Phoenix,AZ,85020,Auto Repair,web_form,2023-04-19
A00318,Maple Leaf Design Corp,www.mapleleafdesign.com,+1 871 349 9762,8999 Park Avenue,Chicago,IL,60616,Design,trade_show,2025-09-08
A00319,Keystone Staffing Corp,www.keystonestaffing.com,+1 371 243 5637,1948 Cedar Road,Boston,MA,02156,Staffing,erp,2026-08-16
A00320,Bright Path Dental Inc,www.brightpathdental.com,+1 222 535 2760,2974 Cedar Street,Seattle,WA,98177,Dental,crm,2024-08-06
A00321,Meridian Landscaping Group LLC,www.meridianlandscaping.com,946-402-5091,4872 Washington St,Austin,TX,78793,Landscaping,crm,2024-05-11
A00322,Oakmont Auto Repair LLC,www.oakmontautorepair.com,(942) 368-6206,5713 Sunset Drive,Phoenix,AZ,85025,Auto Repair,web_form,2022-01-09
A00323,Evergreen Bakery Corp,www.evergreenbakery.com,3802667206,165 Church Drive,Seattle,WA,98129,Bakery,trade_show,2024-10-03
A00324,Oakmont Design Inc,www.oakmontdesign.com,6507609432,9856 Church Street,Phoenix,AZ,85043,Design,crm,2024-07-13
A00325,Keystone Staffing,www.keystonestaffing.com,522-833-0836,4574 Maple Street,Phoenix,AZ,85004,Staffing,crm,2026-04-25
A00326,RIVERBEND DESING Corp,www.riverbenddesign.com,(980) 838-5340,6767 Park Street,Boston,MA,02102,Design,billing,2023-05-04
A00327,Summit Roofing LLC,www.summitroofing.com,672.412.3438,4427 Maple Drive,Austin,TX,78762,Roofing,billing,2022-10-28
A00328,Beacon Analytics LLC,www.beaconanalytics.com,(713) 306-0035,4236 Washington Drive,Portland,OR,97232,Analytics,web_form,2023-03-18
A00329,Harbor Point Auto Repair Inc,www.harborpointautorepair.com,464-725-7920,104 Cedar Road,Seattle,WA,98186,Auto Repair,crm,2022-07-26
A00330,Redwood Roofing Co,www.redwoodroofing.com,3979107319,353 Hill Street,Phoenix,AZ,85014,Roofing,crm,2025-04-05
A00331,Granite Dental Corp,www.granitedental.com,433.589.3274,8514 Park Boulevard,Portland,OR,97235,Dental,web_form,2024-09-10
A00332,Keystone Logistics Co,www.keystonelogistics.com,+1 951 259 0471,701 Hill Boulevard,Chicago,IL,60669,Logistics,trade_show,2023-03-26
A00333,Maple Leaf Staffing Corp,www.mapleleafstaffing.com,270.295.4422,5082 Church Street,Denver,CO,80273,Staffing,trade_show,2025-11-28
A00334,Keystone Insurance LLC,www.keystoneinsurance.com,311.429.2529,1402 Park Boulevard,Denver,CO,80299,Insurance,billing,2024-12-05
A00335,Keystone Software Co,www.keystonesoftware.com,7328113792,1304 Elm Street,Seattle,WA,98105,Software,web_form,2022-05-20
A00336,Sterling Consulting LLC,www.sterlingconsulting.com,550-403-2289,243 Oak Avenue,Austin,TX,78780,Consulting,trade_show,2023-12-13
A00337,Blue Ridge Design Corp,www.blueridgedesign.com,268-714-0050,7096 Lake Drive,Boston,MA,02127,Design,erp,2025-09-29
A00338,Blue Ridge Software Co,www.blueridgesoftware.com,+1 219 546 9077,5441 Park Boulevard,Austin,TX,78779,Software,trade_show,2024-06-21
A00339,Summit Roofing Ltd,www.summitroofing.com,7095078789,8487 Park Boulevard,Nashville,TN,37293,Roofing,web_form,2025-01-07
A00340,Harbor Point Staffing Corp,www.harborpointstaffing.com,5723297755,8263 Cedar Avenue,Austin,TX,78781,Staffing,crm,2022-02-02
A00341,Sterling Insurance Corp,www.sterlinginsurance.com,213.255.6231,2880 Sunset Drive,Nashville,TN,37260,Insurance,trade_show,2023-04-12
A00342,Maple Legal Services LLC,,770.363.5383,9018 Oak Road,Phoenix,AZ,85076,Legal Services,trade_show,2022-07-18
A00343,Beacon Roofing,www.beaconroofing.com,991-354-9949,5938 Sunset Boulevard,Chicago,IL,60610,Roofing,billing,2022-12-16
A00344,Pioneer Insurance,www.pioneerinsurance.com,7767094863,1245 Maple Boulevard,Portland,OR,97281,Insurance,trade_show,2024-02-07
A00345,Meridian Analytics Ltd,www.meridiananalytics.com,845-929-6580,9752 Church Road,Boston,MA,02159,Analytics,trade_show,2026-07-04
A00346,Ironwood Auto Repair Corp,www.ironwoodautorepair.com,+1 892 464 6651,8113 Washington Drive,Columbus,OH,43211,Auto Repair,billing,2025-01-03
A00347,Maple Leaf Plumbing LLC,www.mapleleafplumbing.com,+1 215 809 8763,486 Oak Road,Columbus,OH,43200,Plumbing,trade_show,2026-01-26
A00348,Maple Leaf Dental Co,www.mapleleafdental.com,+1 237 444 9261,7632 Church Road,Austin,TX,78741,Dental,crm,2022-11-06
A00349,Atlas Roofing LLC,www.atlasroofing.com,850-423-7299,5183 Oak Drive,Boston,MA,02164,Roofing,crm,2022-10-19
A00350,Riverbend Electric Group Inc,www.riverbendelectric.com,,8241 Cedar Street,Columbus,OH,43265,Electric,crm,2025-05-05
A00351,Atlas Auto Repair Corp,www.atlasautorepair.com,289-250-7757,3172 Washington Boulevard,Columbus,OH,43246,Auto Repair,billing,2024-02-03
A00352,Redwood Electric Ltd,www.redwoodelectric.com,(913) 315-8408,1213 Hill Boulevard,Denver,CO,80217,Electric,erp,2025-03-06
A00353,Bright Path Consulting Co,www.brightpathconsulting.com,+1 878 467 2150,5562 Church Boulevard,Boston,MA,02189,Consulting,billing,2022-05-08
A00354,Meridian Plumbing Ltd,www.meridianplumbing.com,+1 330 374 7736,4200 Church Road,Atlanta,GA,30333,Plumbing,trade_show,2023-12-05
A00355,Beacon Insurance Co,www.beaconinsurance.com,541.256.1375,1048 Sunset Street,Atlanta,GA,30306,Insurance,web_form,2022-11-29
A00356,MeridianAnalytics Group LLC,www.meridiananalytics.com,577-317-5187,6135 Cedar Rd,Atlanta,GA,30352,Analytics,erp,2022-03-18
A00357,Granite Legal Services Corp,www.granitelegalservices.com,400.583.9203,8454 Lake Boulevard,Nashville,TN,37224,Legal Services,web_form,2024-04-04
A00358,Ironwood Insurance LLC,www.ironwoodinsurance.com,(656) 612-2955,9044 Washington Avenue,Portland,OR,97270,Insurance,billing,2023-09-13
A00359,MERIDIAN DESIGN Ltd,www.meridiandesign.com,559-790-7676,870 Washington Drive,Atlanta,GA,30339,Design,erp,2022-03-31
A00360,Blue Ridge Design Inc,www.blueridgedesign.com,403.352.7698,5255 Elm Road,Columbus,OH,43253,Design,web_form,2022-05-31
A00361,Falcon Plumbing Inc,www.falconplumbing.com,746-470-9185,6276 Sunset Drive,Nashville,TN,37232,Plumbing,web_form,2022-05-30
A00362,Atlas Logistics Ltd,www.atlaslogistics.com,850-289-0656,8945 Sunset Boulevard,Columbus,OH,43206,Logistics,trade_show,2026-01-20
A00363,Harbor Point Legal Services,www.harborpointlegalservices.com,379.369.2947,7309 ARK ST,Chicago,IL,60679,Legal Services,billing,2026-03-24
A00364,Pioneer Consulting Inc,www.pioneerconsulting.com,454-670-9972,4477 Lake Avenue,Seattle,WA,98134,Consulting,crm,2025-07-16
A00365,Copper Hill Consulting Co,www.copperhillconsulting.com,9703634051,9063 PARK BOULEVARD,Austin,TX,78741,Consulting,crm,2022-11-02
A00366,Redwood Bakery Co,www.redwoodbakery.com,+1 289 741 5403,9087 Church Drive,Denver,CO,80273,Bakery,erp,2024-07-24
A00367,Sterling Auto Repair,,,8565 Washington Dr,Chicago,IL,60620,Auto Repair,billing,2025-01-03
A00368,Sterling Bakery Co,www.sterlingbakery.com,279.265.1096,1230 Maple Road,Denver,CO,80271,Bakery,erp,2022-01-30
A00369,Northgate Logistics Inc,www.northgatelogistics.com,8947251498,9310 Maple Street,Portland,OR,97239,Logistics,erp,2023-07-08
A00370,SUMMIT DENTAL,www.summitdental.com,+1 532 235 6603,4384 Maple Avenue,Phoenix,AZ,85059,Dental,web_form,2025-09-07
A00371,Sterling Electric Ltd,,+1 513 320 7806,5434 Oak Rd,Boston,MA,02109,Electric,erp,2023-06-06
A00372,Pioneer Electric Co,www.pioneerelectric.com,703.476.4666,2607 Park Street,Austin,TX,78708,Electric,billing,2023-08-29
A00373,Copper Hill Plumbing LLC,www.copperhillplumbing.com,751-481-8519,4188 Church Boulevard,Chicago,IL,60638,Plumbing,web_form,2022-06-27
A00374,Redwood Dental LLC,www.redwooddental.com,(374) 566-6209,9210 Washington Boulevard,Atlanta,GA,30314,Dental,billing,2022-01-16
A00375,Ironwood Auto Repair,www.ironwoodautorepair.com,632-594-4835,7750 Oak Street,Atlanta,GA,30308,Auto Repair,crm,2023-04-15
A00376,Atlas Electric LLC,www.atlaselectric.com,982-800-5341,1007 Washington Avenue,Portland,OR,97258,Electric,web_form,2025-01-19
A00377,Oakmont Auto Repair Ltd,www.oakmontautorepair.com,5668653157,6786 Washington Road,Boston,MA,02126,Auto Repair,crm,2022-02-24
A00378,STERLING CONSULTING Co,www.sterlingconsulting.com,710.418.5639,443 Oak Rd,Boston,MA,02184,Consulting,trade_show,2024-10-09
A00379,Blue Ridge Software Corp,www.blueridgesoftware.com,(887) 319-9094,2292 Hill Avenue,Portland,OR,97263,Software,crm,2023-06-26
A00380,Meridian Dental,,,5504 MAIN ST,Columbus,OH,43213,Dental,crm,2023-05-10
A00381,HARBOR POOINT PLUMBING Ltd,,,7528 MAIN AVENUE,Columbus,OH,43241,Plumbing,web_form,2024-01-26
A00382,Meridian Bakery Corp,www.meridianbakery.com,9858399624,2807 Washington Street,Columbus,OH,43240,Bakery,web_form,2025-11-17
A00383,Ironwood Staffing Ltd,www.ironwoodstaffing.com,+1 215 281 4216,3188 Lake Drive,Atlanta,GA,30359,Staffing,billing,2024-01-09
A00384,Blue Ridge Auto Repair Inc,www.blueridgeautorepair.com,+1 766 399 9901,6839 Hill Road,Seattle,WA,98132,Auto Repair,erp,2022-05-25
A00385,Copper Hill Staffing Co,www.copperhillstaffing.com,+1 312 324 1991,3736 Cedar Drive,Columbus,OH,43218,Staffing,trade_show,2022-10-08
A00386,Copper Hill Insurance,www.copperhillinsurance.com,352.830.5263,6865 Main Avenue,Chicago,IL,60600,Insurance,web_form,2022-12-20
A00387,Riverbend Software,www.riverbendsoftware.com,(560) 794-4344,8645 Cedar Boulevard,Atlanta,GA,30350,Software,crm,2023-04-05
A00388,Sterling Bakery Inc,www.sterlingbakery.com,+1 964 476 8427,456 Main Street,Chicago,IL,60654,Bakery,billing,2024-05-26
A00389,Oakmont Landscaping Corp,www.oakmontlandscaping.com,(332) 776-9822,9052 Park Boulevard,Austin,TX,78719,Landscaping,erp,2023-11-10
A00390,Oakmont Bakery,www.oakmontbakery.com,7354714843,2791 Elm Street,Columbus,OH,43230,Bakery,billing,2022-06-24
A00391,Meridian Insurance Corp,www.meridianinsurance.com,3183127535,6640 Oak Street,Phoenix,AZ,85062,Insurance,erp,2025-12-28
A00392,COPPER HILL LEGAL SERVICES Inc,www.copperhilllegalservices.com,338-971-4150,5435 Hill Drive,Columbus,OH,43234,Legal Services,web_form,2022-05-19
A00393,Ironwood Analytics Co,www.ironwoodanalytics.com,(365) 733-2814,3243 Elm Boulevard,Portland,OR,97216,Analytics,crm,2022-08-11
A00394,Ironwood Staffing Group Co,www.ironwoodstaffing.com,705.659.9008,1333 SUNSET STREET,Austin,TX,78779,Staffing,billing,2025-03-05
A00395,Cedar Insurance,,(873) 216-3206,6202 Park Drive,Nashville,TN,37208,Insurance,crm,2023-05-20
A00396,Maple Leaf Dental Ltd,www.mapleleafdental.com,7086227591,3879 Lake Street,Austin,TX,78717,Dental,erp,2026-03-17
A00397,Granite Consulting Ltd,www.graniteconsulting.com,927-575-7551,7693 Elm Boulevard,Nashville,TN,37203,Consulting,erp,2023-09-14
A00398,Brighht Path Consulting Group Inc,www.brightpathconsulting.com,467-437-0635,4367 Church Street,Atlanta,GA,30305,Consulting,web_form,2023-03-30
A00399,Bright Path Staffing Co,www.brightpathstaffing.com,(317) 557-9727,3544 Oak Boulevard,Austin,TX,78792,Staffing,trade_show,2022-10-25
A00400,Maple Leaf Analytics LLC,www.mapleleafanalytics.com,932.443.5797,1639 Sunset Road,Austin,TX,78708,Analytics,web_form,2022-12-13
A00401,Harbor Point Legal Services Co,www.harborpointlegalservices.com,734.551.6723,8427 Oak Boulevard,Seattle,WA,98193,Legal Services,trade_show,2023-03-07
A00402,Falcon Plumbing,www.falconplumbing.com,,9833 MAIN DRIVE,Seattle,WA,98120,Plumbing,billing,2023-03-17
A00403,Lakeside Staffing,www.lakesidestaffing.com,+1 751 212 4519,6191 Main Avenue,Phoenix,AZ,85009,Staffing,web_form,2023-08-13
A00404,Summit Landscaping LLC,www.summitlandscaping.com,(513) 935-8923,4358 Hill Avenue,Atlanta,GA,30311,Landscaping,web_form,2023-10-26
A00405,Meridian Landscaping Inc,www.meridianlandscaping.com,(313) 686-6859,2399 Washington Boulevard,Atlanta,GA,30369,Landscaping,trade_show,2025-05-23
A00406,Lakeside Roofing Co,www.lakesideroofing.com,(832) 561-6462,216 Church Avenue,Denver,CO,80252,Roofing,trade_show,2023-08-05
A00407,Harbor Point Legal Services,www.harborpointlegalservices.com,3646036057,3352 Church Drive,Atlanta,GA,30331,Legal Services,crm,2025-07-12
A00408,Beacon Electric Inc,www.beaconelectric.com,3658096443,8420 Sunset Street,Austin,TX,78712,Electric,trade_show,2022-03-15
A00409,Maple Leaf Design Co,www.mapleleafdesign.com,(324) 237-9365,8366 Hill Street,Nashville,TN,37215,Design,web_form,2024-11-22
A00410,Cedar Software Co,www.cedarsoftware.com,212-569-7972,4989 Cedar Road,Austin,TX,78714,Software,billing,2022-03-30
A00411,Harbor Point Bakery Corp,www.harborpointbakery.com,839.730.1795,9488 Cedar Street,Denver,CO,80229,Bakery,web_form,2025-03-12
A00412,Cedar Legal Services Ltd,www.cedarlegalservices.com,235.672.9680,7043 Oak Avenue,Austin,TX,78723,Legal Services,erp,2024-06-04
A00413,Bright Path Plumbing Co,www.brightpathplumbing.com,+1 475 270 0707,9129 Washington Boulevard,Austin,TX,78734,Plumbing,billing,2024-11-07
A00414,Blue Ridge Consulting,www.blueridgeconsulting.com,(251) 574-6739,2667 Hill Drive,Chicago,IL,60686,Consulting,crm,2025-08-26
A00415,PIONEER STAFFING Inc,,655-686-5571,7065 Oak Ave,Chicago,IL,60604,Staffing,billing,2022-07-09
A00416,Lakeside Logistics,www.lakesidelogistics.com,(229) 231-0682,774 Oak Street,Austin,TX,78775,Logistics,billing,2025-11-19
A00417,Cedar Software Corp,www.cedarsoftware.com,863-722-4480,4977 Lake Road,Denver,CO,80252,Software,trade_show,2022-12-31
A00418,Pioneer Consulting Inc,,,4477 LAKE AVE,Seattle,WA,98185,Consulting,web_form,2022-11-16
A00419,Evergreen Plumbing Corp,www.evergreenplumbing.com,9399658810,9273 Church Avenue,Chicago,IL,60640,Plumbing,erp,2024-05-06
A00420,Riverbend Design Co,www.riverbenddesign.com,+1 538 743 9313,4625 Sunset Avenue,Columbus,OH,43268,Design,billing,2023-03-23
A00421,Redwood Analytics LLC,www.redwoodanalytics.com,(393) 724-8944,5787 Maple Street,Portland,OR,97230,Analytics,trade_show,2025-04-14
A00422,Maple Leaf Plumbing Inc,www.mapleleafplumbing.com,982.805.0344,2409 Lake Drive,Phoenix,AZ,85019,Plumbing,erp,2026-07-17
A00423,Silver Creek Plumbing Inc,www.silvercreekplumbing.com,+1 907 414 4251,1147 Sunset Avenue,Nashville,TN,37208,Plumbing,erp,2025-09-05
A00424,Stonebridge Insurance Ltd,www.stonebridgeinsurance.com,391-428-7947,2408 Lake Drive,Austin,TX,78706,Insurance,trade_show,2025-09-24
A00425,Pioneer Consulting Inc,www.pioneerconsulting.com,516.423.5842,1384 Hill Boulevard,Chicago,IL,60635,Consulting,billing,2022-01-03
A00426,Sterling Analytics Ltd,www.sterlinganalytics.com,809-204-5835,1988 Washington Street,Columbus,OH,43291,Analytics,erp,2024-07-01
A00427,Keystone Auto Repair LLC,www.keystoneautorepair.com,472-628-6746,9365 Elm Road,Austin,TX,78742,Auto Repair,billing,2022-11-15
A00428,Sterling Plumbing Corp,www.sterlingplumbing.com,9107715314,9475 Main Boulevard,Chicago,IL,60660,Plumbing,trade_show,2025-01-29
A00429,Maple Leaf Legal Services Co,www.mapleleaflegalservices.com,8429803960,6902 Park Street,Columbus,OH,43252,Legal Services,web_form,2026-05-02
A00430,BRIGHT PATH BAKERY LLC,,+1 526 220 7056,8165 Sunset Street,Nashville,TN,37268,Bakery,crm,2023-03-10
A00431,Bright Path Dental LLC,www.brightpathdental.com,(781) 742-3473,2545 Maple Drive,Denver,CO,80291,Dental,trade_show,2023-11-21
A00432,Falcon Logistics Inc,www.falconlogistics.com,,7175 PARK ROAD,Denver,CO,80210,Logistics,crm,2024-02-20
A00433,Maple Leaf Legal Services,www.mapleleaflegalservices.com,9402436740,9069 Main Road,Austin,TX,78738,Legal Services,crm,2026-06-02
A00434,Granite Plumbing LLC,www.graniteplumbing.com,878-402-8708,3822 Maple Road,Portland,OR,97290,Plumbing,trade_show,2024-01-09
A00435,Stonebridge Auto Repair Co,www.stonebridgeautorepair.com,(355) 448-0333,5029 Washington Street,Atlanta,GA,30312,Auto Repair,crm,2023-02-18
A00436,Falcon Logistics Inc,www.falconlogistics.com,677.900.0575,7175 Park Road,Denver,CO,80210,Logistics,web_form,2025-09-08
A00437,Copper Hill Plumbing Inc,www.copperhillplumbing.com,+1 379 306 4028,1663 Park Rd,Atlanta,GA,30394,Plumbing,crm,2026-05-16
A00438,Lakeside Electric,www.lakesideelectric.com,4473892407,8770 Maple Boulevard,Boston,MA,02126,Electric,billing,2025-11-19
A00439,Evergreen Legal Services,www.evergreenlegalservices.com,+1 335 625 9469,5899 Maple Avenue,Chicago,IL,60684,Legal Services,web_form,2022-06-06
A00440,Evergreen Logistics,www.evergreenlogistics.com,902-225-3028,1859 Washington Street,Austin,TX,78730,Logistics,erp,2026-01-13
A00441,Summit Dental Corp,www.summitdental.com,(628) 271-3943,9274 Oak Street,Portland,OR,97228,Dental,crm,2025-02-02
A00442,Evergreen Plumbing,www.evergreenplumbing.com,(939) 965-8810,9273 Church Avenue,Chicago,IL,60640,Plumbing,web_form,2025-02-16
A00443,Oakmont Software LLC,www.oakmontsoftware.com,(626) 545-5774,4544 Park Drive,Boston,MA,02112,Software,billing,2025-10-15
A00444,Cedar Landscaping Inc,www.cedarlandscaping.com,867-659-4301,4534 Washington Boulevard,Phoenix,AZ,85019,Landscaping,billing,2022-11-11
A00445,Keystone Coonsulting LLC,,259.384.7106,9779 Hill St,Seattle,WA,98123,Consulting,billing,2023-03-03
A00446,Stonebridge Legal Services Corp,www.stonebridgelegalservices.com,322.923.1473,1481 Church Avenue,Nashville,TN,37264,Legal Services,web_form,2023-10-15
A00447,Blue Ridge Staffing Inc,www.blueridgestaffing.com,463.399.1029,5498 Sunset Road,Chicago,IL,60605,Staffing,erp,2023-11-26
A00448,HarborPointStaffing Group,www.harborpointstaffing.com,,2385 Lake Road,Columbus,OH,43273,Staffing,billing,2023-08-07
A00449,Copper Hill Design Co,www.copperhilldesign.com,(286) 677-9670,8392 Maple Street,Phoenix,AZ,85037,Design,erp,2022-10-31
A00450,Copper Hill Consulting Inc,www.copperhillconsulting.com,6195838206,2536 Cedar Drive,Columbus,OH,43253,Consulting,trade_show,2025-08-21
A00451,Stonebridge Design LLC,www.stonebridgedesign.com,650.289.7437,5155 Church Avenue,Seattle,WA,98143,Design,erp,2023-05-04
A00452,Riverbend Design LLC,www.riverbenddesign.com,4554727147,7018 Main Road,Boston,MA,02197,Design,erp,2023-10-09
A00453,Evergreen Plumbing Co,www.evergreenplumbing.com,9637805852,3240 Lake Road,Austin,TX,78793,Plumbing,trade_show,2024-05-02
A00454,Atlas Auto Repair Group Corp,www.atlasautorepair.com,(311) 718-2587,4847 Washington Dr,Seattle,WA,98122,Auto Repair,billing,2024-11-08
A00455,Copper Hill Bakery Co,www.copperhillbakery.com,857.665.4642,3651 Washington Street,Atlanta,GA,30329,Bakery,erp,2023-12-05
A00456,Riverbend Logistics Corp,www.riverbendlogistics.com,6718680716,1669 Washington Drive,Chicago,IL,60607,Logistics,web_form,2023-09-15
A00457,Harbor Point Analytics,www.harborpointanalytics.com,(242) 868-7434,6733 Elm Road,Columbus,OH,43251,Analytics,erp,2023-08-01
A00458,Copper Hill Roofing Corp,www.copperhillroofing.com,+1 878 290 4505,7371 Church Street,Phoenix,AZ,85061,Roofing,trade_show,2023-08-18
A00459,Keystone Consulting LLC,www.keystoneconsulting.com,259.384.7106,9779 Hill Street,Seattle,WA,98123,Consulting,crm,2022-04-11
A00460,Copper Hill Roofing Ltd,www.copperhillroofing.com,(962) 565-1663,3598 Washington Street,Nashville,TN,37294,Roofing,billing,2026-06-14
A00461,Blue Ridge Staffing Co,www.blueridgestaffing.com,(843) 286-3196,4645 Park Drive,Austin,TX,78769,Staffing,trade_show,2022-03-22
A00462,Northgate Insurance LLC,www.northgateinsurance.com,3125489842,2488 Park Drive,Austin,TX,78712,Insurance,crm,2022-07-29
A00463,Copper Hill Design Inc,www.copperhilldesign.com,859.681.0527,2292 Church Boulevard,Boston,MA,02146,Design,billing,2022-01-04
A00464,Maple Leaf Software,www.mapleleafsoftware.com,312-967-7575,6963 Park Road,Boston,MA,02106,Software,erp,2025-12-26
A00465,Copper Hill Design,www.copperhilldesign.com,228-393-3645,9497 Washington Avenue,Denver,CO,80271,Design,trade_show,2025-11-16
A00466,Granite Consulting Ltd,www.graniteconsulting.com,(644) 360-6942,4967 Cedar Road,Austin,TX,78718,Consulting,crm,2024-04-09
A00467,Northgate Dental Inc,www.northgatedental.com,+1 293 883 6573,873 Lake Boulevard,Boston,MA,02180,Dental,crm,2022-09-15
A00468,Evergreen Insurance Group Ltd,www.evergreeninsurance.com,3615069873,3737 Maple Ave,Denver,CO,80217,Insurance,crm,2024-04-26
A00469,Beacon Roofing LLC,www.beaconroofing.com,515-293-9046,6266 Park Avenue,Nashville,TN,37259,Roofing,trade_show,2025-06-08
A00470,Oakmont Logistics Co,www.oakmontlogistics.com,392.819.3119,1064 Lake Drive,Boston,MA,02101,Logistics,web_form,2023-08-24
A00471,Atlas Auto Repair Ltd,,(318) 405-9233,2825 Hill Street,Denver,CO,80244,Auto Repair,billing,2026-02-12
A00472,Ironwood Legal Services Inc,www.ironwoodlegalservices.com,860.390.8194,3665 Hill Avenue,Seattle,WA,98128,Legal Services,web_form,2023-11-20
A00473,Keystone Legal Services Ltd,www.keystonelegalservices.com,684.983.2135,6906 Lake Street,Nashville,TN,37231,Legal Services,crm,2025-11-26
A00474,Meridian Electric LLC,www.meridianelectric.com,6635407372,4009 Oak Avenue,Columbus,OH,43222,Electric,trade_show,2022-10-13
A00475,Cedar Landscaping,www.cedarlandscaping.com,+1 657 978 6776,3939 Church Avenue,Portland,OR,97275,Landscaping,web_form,2025-03-14
A00476,Riverbend Auto Repair Co,www.riverbendautorepair.com,663-768-8543,8786 Church Road,Denver,CO,80250,Auto Repair,erp,2025-11-11
A00477,Silver Creek Legal Services Inc,www.silvercreeklegalservices.com,(783) 797-3657,4406 Maple Street,Atlanta,GA,30345,Legal Services,crm,2022-05-13
A00478,Bright Path Auto Repair Ltd,www.brightpathautorepair.com,818.616.2770,5548 Washington Boulevard,Portland,OR,97215,Auto Repair,billing,2022-12-22
A00479,Blue Ridge Consulting Inc,www.blueridgeconsulting.com,670.863.5962,8408 Maple Drive,Columbus,OH,43266,Consulting,erp,2022-07-20
A00480,Blue Ridge Logistics Ltd,www.blueridgelogistics.com,(860) 895-9829,6455 Cedar Boulevard,Seattle,WA,98178,Logistics,trade_show,2024-09-01
A00481,Silver Creek Roofing Co,www.silvercreekroofing.com,(410) 720-8205,7484 Church Road,Nashville,TN,37240,Roofing,erp,2024-05-23
A00482,Blue Ridge Anallytics Inc,www.blueridgeanalytics.com,8606914970,3921 Oak St,Denver,CO,80219,Analytics,trade_show,2026-02-05
A00483,Oakmont Auto Repair Ltd,www.oakmontautorepair.com,(680) 683-8693,9354 Elm Avenue,Portland,OR,97227,Auto Repair,crm,2022-02-24
A00484,Oakmont Landscaping Corp,www.oakmontlandscaping.com,+1 301 649 9579,1773 Cedar Avenue,Denver,CO,80228,Landscaping,crm,2025-07-24
A00485,Beacon Logistics Co,,+1 852 585 4081,7297 Hill Street,Columbus,OH,43203,Logistics,trade_show,2023-11-29
A00486,Ironwood Legal Services Ltd,www.ironwoodlegalservices.com,741.844.3538,6559 Church Boulevard,Boston,MA,02157,Legal Services,crm,2023-07-10
A00487,Pioneer Analytics Inc,www.pioneeranalytics.com,610.604.1411,3387 Elm Road,Austin,TX,78733,Analytics,trade_show,2025-08-15
A00488,Bright Path Roofing LLC,www.brightpathroofing.com,916.437.8164,9205 Oak Boulevard,Denver,CO,80280,Roofing,billing,2022-08-14
A00489,Atlas Roofing Ltd,www.atlasroofing.com,904-366-1893,422 Washington Road,Denver,CO,80290,Roofing,crm,2026-02-06
A00490,Summit Design Corp,www.summitdesign.com,522.254.9955,3648 Sunset Avenue,Nashville,TN,37251,Design,trade_show,2022-06-26
A00491,Maple Leaf Logistics LLC,www.mapleleaflogistics.com,+1 924 663 7674,9267 Lake Boulevard,Denver,CO,80217,Logistics,billing,2025-06-28
A00492,Falcon Insurance,www.falconinsurance.com,+1 772 886 6745,6490 Park Road,Portland,OR,97236,Insurance,crm,2023-07-18
A00493,Cedar Logistics LLC,www.cedarlogistics.com,+1 942 397 0673,1938 Lake Road,Austin,TX,78776,Logistics,erp,2026-04-01
A00494,Silver Creek Dental,www.silvercreekdental.com,+1 659 864 6035,3524 Oak Road,Phoenix,AZ,85083,Dental,crm,2022-03-15
A00495,Evergreen Electric,www.evergreenelectric.com,876-387-5374,634 Elm Street,Phoenix,AZ,85069,Electric,crm,2024-03-07
A00496,Falcon Bakery Corp,www.falconbakery.com,(337) 965-3809,8109 Washington Boulevard,Chicago,IL,60616,Bakery,web_form,2026-02-14
A00497,Ironwood Design Ltd,www.ironwooddesign.com,+1 965 509 5922,7022 Cedar Road,Columbus,OH,43215,Design,crm,2022-10-18
A00498,Falcon Bakery LLC,www.falconbakery.com,307.466.7215,45 Oak Avenue,Phoenix,AZ,85011,Bakery,crm,2023-09-29
A00499,KEYSTONE INSURANCE Group Inc,www.keystoneinsurance.com,762-404-5106,3596 Lake Street,Portland,OR,97276,Insurance,erp,2024-03-18
A00500,Beacon Staffing,www.beaconstaffing.com,5656103436,2570 Park Boulevard,Phoenix,AZ,85097,Staffing,billing,2023-12-13
A00501,Evergreen Software Ltd,www.evergreensoftware.com,415.585.4427,4556 Sunset Boulevard,Austin,TX,78746,Software,web_form,2026-03-21
A00502,Lakeside Software Corp,www.lakesidesoftware.com,539-790-7674,5506 Sunset Street,Chicago,IL,60661,Software,trade_show,2023-12-26
A00503,Ironwood Logistics LLC,www.ironwoodlogistics.com,3553521808,5077 Park Avenue,Denver,CO,80272,Logistics,erp,2026-06-20
A00504,Oakmont Landscaping,www.oakmontlandscaping.com,(883) 201-4367,5138 Sunset Road,Denver,CO,80288,Landscaping,crm,2024-05-23
A00505,Stonebridge Electric LLC,www.stonebridgeelectric.com,635.352.4469,6829 Oak Street,Columbus,OH,43204,Electric,billing,2022-09-09
A00506,Keystone Electric Inc,www.keystoneelectric.com,(842) 219-8707,7496 Oak Street,Atlanta,GA,30395,Electric,billing,2024-09-29
A00507,Copper Hill Legal Services LLC,www.copperhilllegalservices.com,(454) 716-0081,6555 Sunset Avenue,Denver,CO,80205,Legal Services,crm,2023-06-26
A00508,Ironwood Plumbnig Corp,,(935) 625-2079,77844 Park Rd,Chicago,IL,60670,Plumbing,trade_show,2023-11-13
A00509,Beacon Landscaping,www.beaconlandscaping.com,846.931.2783,6584 Main Road,Phoenix,AZ,85012,Landscaping,trade_show,2024-07-19
A00510,Redwood Staffing Corp,www.redwoodstaffing.com,870-952-4191,8995 Main Road,Austin,TX,78743,Staffing,web_form,2025-11-21
A00511,Riverbend Auto Repair LLC,www.riverbendautorepair.com,2314570340,3800 Washington Avenue,Portland,OR,97226,Auto Repair,web_form,2025-12-23
A00512,Copper Hill Staffing Co,www.copperhillstaffing.com,397.267.5099,6546 Elm Avenue,Atlanta,GA,30345,Staffing,crm,2023-04-09
A00513,Ironwood Insurance Corp,www.ironwoodinsurance.com,+1 379 348 8392,6890 Elm Drive,Seattle,WA,98134,Insurance,trade_show,2026-07-01
A00514,Meridian Dental Ltd,www.meridiandental.com,(531) 729-7544,1344 Main Boulevard,Seattle,WA,98192,Dental,trade_show,2024-12-31
A00515,Stonebridge Electic Co,www.stonebridgeelectric.com,,6073 Elm Road,Seattle,WA,98169,Electric,erp,2023-10-25
A00516,Harbor Point Bakery,www.harborpointbakery.com,(288) 911-2900,1125 Park Street,Boston,MA,02146,Bakery,billing,2023-10-20
A00517,Ironwood Analytics Co,www.ironwoodanalytics.com,275-964-3939,9203 Hill Boulevard,Denver,CO,80213,Analytics,crm,2022-08-11
A00518,Oakmont Design,www.oakmontdesign.com,265-534-5398,4984 Park Avenue,Portland,OR,97289,Design,crm,2022-11-16
A00519,Ironwood Plumbing LLC,www.ironwoodplumbing.com,935.625.2079,7784 Park Road,Chicago,IL,60670,Plumbing,web_form,2022-07-13
A00520,Granite Electric Co,,,6243 CEDAR ROAD,Portland,OR,97219,Electric,erp,2026-04-25
A00521,Blue Ridge Plumbing Inc,www.blueridgeplumbing.com,(679) 968-7954,4342 Oak Drive,Chicago,IL,60682,Plumbing,crm,2026-03-11
A00522,Lakesiide Staffing Group,www.lakesidestaffing.com,2868761964,2934 Lake Blvd,Boston,MA,02137,Staffing,web_form,2025-11-11
A00523,Riverbend Auto Repair Corp,www.riverbendautorepair.com,+1 679 501 8982,3785 Elm Road,Phoenix,AZ,85090,Auto Repair,billing,2026-05-17
A00524,Meridian Plumbing Corp,www.meridianplumbing.com,475.888.1630,8472 Elm Road,Phoenix,AZ,85059,Plumbing,billing,2025-10-15
A00525,Bright Path Dental Ltd,www.brightpathdental.com,(663) 618-4148,4416 Lake Avenue,Boston,MA,02112,Dental,erp,2025-09-17
A00526,Summit Auto Repair Inc,www.summitautorepair.com,992-631-9426,6352 Sunset Street,Denver,CO,80275,Auto Repair,trade_show,2024-07-03
A00527,Stonebridge Plumbing LLC,www.stonebridgeplumbing.com,5445811082,838 Maple Street,Nashville,TN,37289,Plumbing,crm,2022-02-16
A00528,Cedar Dental,www.cedardental.com,9659635476,9222 Maple Drive,Columbus,OH,43287,Dental,erp,2026-05-16
A00529,Bright Path Landscaping Corp,www.brightpathlandscaping.com,851-713-6798,4926 Hill Boulevard,Columbus,OH,43256,Landscaping,crm,2022-08-30
A00530,STERLING AUTO REPAIR LLC,www.sterlingautorepair.com,,4274 Cedar Drive,Boston,MA,02107,Auto Repair,billing,2023-11-28
A00531,Sterling Insurance Corp,www.sterlinginsurance.com,885-460-0862,1315 Lake Street,Austin,TX,78739,Insurance,crm,2022-01-24
A00532,SilverCreekLandscaping Group Co,,,9420 Maple Rd,Portland,OR,97283,Landscaping,trade_show,2022-01-24
A00533,Bright Path Bakery Inc,www.brightpathbakery.com,2082842886,8684 Church Avenue,Nashville,TN,37281,Bakery,web_form,2023-11-13
A00534,Bright Path Bakery Inc,www.brightpathbakery.com,+1 526 220 7056,8165 Sunset Street,Nashville,TN,37266,Bakery,erp,2025-08-07
A00535,Beacon Staffing Co,www.beaconstaffing.com,471-584-6044,1343 Hill Road,Chicago,IL,60629,Staffing,erp,2022-10-27
A00536,Atlas Legal Services Inc,www.atlaslegalservices.com,(941) 689-8821,1328 Church Boulevard,Portland,OR,97257,Legal Services,crm,2024-02-08
A00537,Copper Hill Software,www.copperhillsoftware.com,933-395-8366,7109 Elm Avenue,Boston,MA,02184,Software,trade_show,2022-12-11
A00538,Granite Landscaping LLC,www.granitelandscaping.com,(290) 538-5306,6996 Main Avenue,Chicago,IL,60603,Landscaping,erp,2023-05-12
A00539,Keystone Design LLC,,773.418.2354,6954 Maple St,Phoenix,AZ,85077,Design,erp,2026-08-22
A00540,Bright Path Logistics LLC,www.brightpathlogistics.com,7349883775,1442 Sunset Street,Nashville,TN,37293,Logistics,billing,2023-02-07
A00541,SMUMIT PLUMBING Co,www.summitplumbing.com,,8450 Elm Rd,Nashville,TN,37273,Plumbing,crm,2023-03-15
A00542,Bright Path Roofing Ltd,www.brightpathroofing.com,574.955.2446,485 Washington Drive,Seattle,WA,98199,Roofing,billing,2026-02-19
A00543,Northgate Insurance LLC,www.northgateinsurance.com,5076443351,4864 Main Street,Portland,OR,97248,Insurance,billing,2025-08-09
A00544,Redwood Insurance Ltd,www.redwoodinsurance.com,+1 319 293 4252,4740 Hill Avenue,Boston,MA,02150,Insurance,trade_show,2024-08-26
A00545,Beacon Roofing,www.beaconroofing.com,+1 677 753 2614,6595 Maple Road,Denver,CO,80220,Roofing,trade_show,2022-08-07
A00546,Blue Ridge Plumbing Corp,www.blueridgeplumbing.com,981-688-2183,6024 Main Drive,Seattle,WA,98120,Plumbing,web_form,2023-05-24
A00547,Silver Creek Bakery,www.silvercreekbakery.com,+1 321 380 7176,6414 Cedar Road,Seattle,WA,98143,Bakery,erp,2025-11-07
A00548,Blue Ridge Dental Inc,www.blueridgedental.com,420.675.9842,5633 Sunset Road,Denver,CO,80223,Dental,trade_show,2026-01-11
A00549,Riverbend Legal Services Ltd,www.riverbendlegalservices.com,450.617.8500,4718 Main Avenue,Boston,MA,02191,Legal Services,crm,2025-08-19
A00550,Silver Creek Analytics Inc,www.silvercreekanalytics.com,697.352.8407,2444 Lake Drive,Denver,CO,80216,Analytics,erp,2022-12-24
A00551,Riverbend Legal Services Ltd,,353-855-2327,2676 Maple Avenue,Columbus,OH,43235,Legal Services,crm,2025-08-19
A00552,Northgate Logistics,www.northgatelogistics.com,+1 404 731 5705,3368 Hill Drive,Phoenix,AZ,85065,Logistics,crm,2025-03-22
A00553,Evergreen Logistics LLC,www.evergreenlogistics.com,(213) 313-3506,159 Oak Street,Portland,OR,97259,Logistics,erp,2024-12-24
A00554,HARBOR POINT PLUMBING,www.harborpointplumbing.com,,2129 Maple Road,Columbus,OH,43240,Plumbing,trade_show,2023-06-04
A00555,Pioneer Plumbing Corp,www.pioneerplumbing.com,,3916 MMain Ave,Chicago,IL,60619,Plumbing,trade_show,2023-02-07
A00556,Bright Path Consulting Inc,www.brightpathconsulting.com,+1 467 437 0635,4367 Church Street,Atlanta,GA,30370,Consulting,crm,2023-11-19
A00557,Harbor Point Staffing,www.harborpointstaffing.com,(711) 589-7275,2385 Lake Road,Columbus,OH,43273,Staffing,web_form,2023-01-13
A00558,Bright Path Logistics Corp,www.brightpathlogistics.com,+1 932 555 2198,1077 Cedar Drive,Portland,OR,97238,Logistics,erp,2026-01-03
A00559,Blue Ridge Insurance Inc,www.blueridgeinsurance.com,352-638-1353,8326 Lake Drive,Atlanta,GA,30390,Insurance,erp,2024-04-28
A00560,Pioneer Staffing Inc,www.pioneerstaffing.com,+1 655 686 5571,7065 Oak Avenue,Chicago,IL,60626,Staffing,billing,2024-08-11
A00561,Summit Staffing Ltd,www.summitstaffing.com,555.343.3289,5056 Park Avenue,Austin,TX,78721,Staffing,erp,2026-07-12
A00562,Keystone Electric Co,,383-223-0057,7330 Sunset Avenue,Phoenix,AZ,85099,Electric,erp,2022-02-27
A00563,Coppe rHill Analytics,www.copperhillanalytics.com,+1 329 755 6922,3644 Washington Ave,Boston,MA,02102,Analytics,web_form,2025-07-10
A00564,Atlas Dental LLC,www.atlasdental.com,(232) 707-8979,6486 Church Street,Portland,OR,97270,Dental,trade_show,2022-05-10
A00565,Ironwood Dental LLC,www.ironwooddental.com,476-757-2093,2618 Washington Avenue,Phoenix,AZ,85045,Dental,erp,2024-06-26
A00566,Bright Path Logistics Inc,www.brightpathlogistics.com,571.860.2687,4466 Sunset Boulevard,Portland,OR,97242,Logistics,trade_show,2024-09-03
A00567,Summit Staffing Ltd,www.summitstaffing.com,(555) 343-3289,5056 Park Ave,Austin,TX,78700,Staffing,trade_show,2023-12-07
A00568,Evergreen Roofing Inc,www.evergreenroofing.com,559-462-4630,9873 Park Road,Chicago,IL,60660,Roofing,crm,2026-01-05
A00569,Meridian Landscaping Corp,www.meridianlandscaping.com,540-790-8895,2884 Hill Road,Portland,OR,97288,Landscaping,web_form,2023-12-08
A00570,Beacon Landscaping Ltd,,,7313 Lake Ave,Boston,MA,02164,Landscaping,erp,2022-12-19
A00571,BEACON STAFFING Group LLC,www.beaconstaffing.com,+1 977 729 2455,8018 Park Rd,Seattle,WA,98184,Staffing,trade_show,2023-05-13
A00572,Keystone Roofing,www.keystoneroofing.com,561.499.5782,6309 Church Drive,Columbus,OH,43241,Roofing,trade_show,2024-12-13
A00573,Beacon Staffing,www.beaconstaffing.com,(954) 390-7989,7992 Main Road,Boston,MA,02191,Staffing,crm,2024-01-27
A00574,Atlas Analytics Co,www.atlasanalytics.com,(454) 472-5409,7066 Oak Boulevard,Portland,OR,97219,Analytics,billing,2022-03-19
A00575,Cedar Dental Corp,www.cedardental.com,339.738.7020,2433 Church Drive,Boston,MA,02194,Dental,crm,2023-01-02
A00576,Beacon Design Group Corp,,2318466730,6163 Main St,Portland,OR,97249,Design,crm,2026-05-03
A00577,Pioneer Logiistics Ltd,,,4003 Washington Rd,Austin,TX,78717,Logistics,trade_show,2024-07-25
A00578,Oakmont Electric,www.oakmontelectric.com,2009518883,9063 Washington Drive,Nashville,TN,37283,Electric,crm,2023-11-25
A00579,Lakeside Electric Co,,+1 237 733 7072,6615 Oak St,Phoenix,AZ,85074,Electric,billing,2023-12-17
A00580,Harbor Point Consulting Co,www.harborpointconsulting.com,(534) 967-0443,2869 Main Road,Nashville,TN,37253,Consulting,trade_show,2024-04-10
A00581,Sterling Plumbing LLC,www.sterlingplumbing.com,+1 897 313 0608,6845 Lake Street,Chicago,IL,60695,Plumbing,web_form,2023-03-07
A00582,KEYYSTONE ROOFING Corp,,4144151222,4299 Washington Dr,Seattle,WA,98116,Roofing,erp,2025-08-16
A00583,Summit Insurance LLC,www.summitinsurance.com,534-683-0009,3385 Elm Boulevard,Seattle,WA,98168,Insurance,web_form,2023-08-22
A00584,Beacon Design Co,www.beacondesign.com,6413670907,4629 Sunset Drive,Portland,OR,97231,Design,crm,2025-09-24
A00585,Silver Creek Software Corp,www.silvercreeksoftware.com,902.634.2536,2633 Hill Street,Seattle,WA,98137,Software,crm,2025-11-25
A00586,Redwood Consulting Corp,www.redwoodconsulting.com,+1 518 626 5950,6554 Cedar Road,Denver,CO,80283,Consulting,crm,2023-04-13
A00587,Keystone Dental Co,www.keystonedental.com,666.844.6053,3250 Park Boulevard,Chicago,IL,60685,Dental,erp,2026-05-13
A00588,Harbor Point Electric Corp,www.harborpointelectric.com,5589279658,9399 Cedar Street,Seattle,WA,98122,Electric,erp,2026-08-16
A00589,Meridian Dental,www.meridiandental.com,(863) 960-2565,5504 Main Street,Columbus,OH,43213,Dental,crm,2023-08-07
A00590,Evergreen Analytics Inc,www.evergreenanalytics.com,+1 645 629 0934,702 Lake Drive,Phoenix,AZ,85089,Analytics,erp,2022-08-02
A00591,Summit Legal Services Corp,www.summitlegalservices.com,+1 676 925 3384,7542 Park Boulevard,Austin,TX,78711,Legal Services,web_form,2025-04-15
A00592,Beacon Staffing Inc,www.beaconstaffing.com,(222) 260-0501,4816 Hill Avenue,Austin,TX,78732,Staffing,billing,2024-06-01
A00593,Riverbend Plumbing Inc,www.riverbendplumbing.com,255-202-9291,5861 Park Drive,Denver,CO,80228,Plumbing,web_form,2023-09-15
A00594,Meridian Bakery Corp,www.meridianbakery.com,(394) 756-5272,4129 Church Road,Denver,CO,80231,Bakery,crm,2024-01-06
A00595,Silver Creek Auto Repair Inc,www.silvercreekautorepair.com,607-868-5839,5317 Elm Avenue,Denver,CO,80235,Auto Repair,erp,2023-09-01
A00596,Atlas Logistics Corp,www.atlaslogistics.com,691.650.9700,8505 Cedar Boulevard,Atlanta,GA,30360,Logistics,trade_show,2024-08-26
A00597,Copper Hill Electric Ltd,www.copperhillelectric.com,,8195 Sunset Street,Phoenix,AZ,85017,Electric,crm,2022-10-29
A00598,Meridian Insurance Corp,www.meridianinsurance.com,212-881-3720,5961 Church Drive,Chicago,IL,60689,Insurance,billing,2023-03-03
A00599,BLUE RIDGE INSURANCE Group LLC,www.blueridgeinsurance.com,,9566 Cdar Road,Atlanta,GA,30308,Insurance,erp,2025-03-27
A00600,Cedar Staffing,www.cedarstaffing.com,517-960-5352,3782 Washington Road,Chicago,IL,60617,Staffing,trade_show,2023-01-13
A00601,Riverbend Auto Repair Co,,(663) 768-8543,9891 Main Boulevard,Seattle,WA,98170,Auto Repair,billing,2025-01-11
A00602,Bright Path Software Corp,www.brightpathsoftware.com,4665240907,6097 Washington Street,Atlanta,GA,30343,Software,billing,2026-03-13
A00603,Cedar Insurance Corp,www.cedarinsurance.com,7853536847,6228 Hill Street,Nashville,TN,37288,Insurance,web_form,2025-06-26
A00604,Ironwood Bkery Inc,www.ironwoodbakery.com,,1755 Oak Drive,Seattle,WA,98140,Bakery,crm,2024-03-24
A00605,Blue Ridge Dental Inc,www.blueridgedental.com,756.396.4311,4155 Cedar Blvd,Columbus,OH,43212,Dental,trade_show,2024-06-19
A00606,Oakmont Logistics,www.oakmontlogistics.com,4678107214,6631 Sunset Avenue,Columbus,OH,43265,Logistics,erp,2024-01-24
A00607,Bright Path Landscaping,www.brightpathlandscaping.com,+1 249 503 8455,39 Main Road,Nashville,TN,37228,Landscaping,web_form,2023-09-28
A00608,Pioneer Staffing Corp,www.pioneerstaffing.com,+1 858 485 4889,7831 Elm Avenue,Nashville,TN,37296,Staffing,trade_show,2023-03-20
A00609,Stonebridge Analytics,www.stonebridgeanalytics.com,+1 257 458 4495,1241 Lake Street,Austin,TX,78753,Analytics,trade_show,2024-03-29
A00610,Copper Hill Auto Repair Corp,www.copperhillautorepair.com,481.382.6657,3544 Hill Drive,Austin,TX,78773,Auto Repair,trade_show,2023-03-09
A00611,Redwood Landscaping Co,www.redwoodlandscaping.com,735.548.6244,23 Sunset Avenue,Columbus,OH,43233,Landscaping,web_form,2022-02-06
A00612,HARBOR POINT INSURANCE,,,5188 Oak Blvd,Chicago,IL,60635,Insurance,trade_show,2026-07-25
A00613,Copper Hill Analytics,www.copperhillanalytics.com,(329) 755-6922,3644 Washington Avenue,Boston,MA,02102,Analytics,billing,2023-05-04
A00614,Copper Hill Plumbing Corp,www.copperhillplumbing.com,442-240-4710,1982 Main Avenue,Chicago,IL,60676,Plumbing,crm,2023-09-18
A00615,Northgate Plumbing Ltd,www.northgateplumbing.com,345-625-0849,5157 Oak Boulevard,Portland,OR,97210,Plumbing,crm,2023-01-13
A00616,Harbor Point Design,www.harborpointdesign.com,774.954.2689,8766 Maple Avenue,Atlanta,GA,30318,Design,trade_show,2023-03-29
A00617,Copper Hill Plumbing Inc,www.copperhillplumbing.com,+1 379 306 4028,1663 Park Road,Atlanta,GA,30394,Plumbing,trade_show,2025-03-03
A00618,Atlas Roofing Ltd,www.atlasroofing.com,(230) 219-1580,9455 Hill Drive,Austin,TX,78766,Roofing,billing,2023-06-20
A00619,Silver Creek Analytics Group LLC,www.silvercreekanalytics.com,490-613-9097,8231 Cedar Dr,Boston,MA,02112,Analytics,billing,2026-04-16
A00620,STONEBRIDGE LOGISTICS,www.stonebridgelogistics.com,(889) 913-9769,2859 Oak Boulevard,Austin,TX,78784,Logistics,billing,2025-10-09
A00621,Pioneer Staffing Corp,www.pioneerstaffing.com,858.485.4889,7831 Elm Avenue,Nashville,TN,37296,Staffing,trade_show,2023-08-15
A00622,Keystone Roofing Co,www.keystoneroofing.com,+1 860 448 7787,489 Lake Avenue,Columbus,OH,43290,Roofing,erp,2023-04-26
A00623,Meridian Roofing Ltd,www.meridianroofing.com,754.320.5312,8783 Main Drive,Seattle,WA,98164,Roofing,trade_show,2023-05-19
A00624,Northgate Legal Group Corp,www.northgatelegalservices.com,,3882 Hill Ave,Denver,CO,80299,Legal Services,billing,2026-05-12
A00625,Harbor Point Plumbing,www.harborpointplumbing.com,+1 865 305 8627,468 Elm Avenue,Boston,MA,02127,Plumbing,billing,2024-06-07
A00626,Lakeside Landscaping,www.lakesidelandscaping.com,9026657099,1137 Elm Avenue,Denver,CO,80266,Landscaping,web_form,2024-03-07
A00627,Pioneer Logistics Corp,www.pioneerlogistics.com,631.240.1271,5747 Sunset Road,Chicago,IL,60663,Logistics,erp,2025-03-19
A00628,ATLAS AUTO REPAIR Corp,www.atlasautorepair.com,,9857 Main Avenue,Austin,TX,78710,Auto Repair,crm,2023-04-10
A00629,Stonebridge Auto Repair Co,www.stonebridgeautorepair.com,(650) 873-1016,1799 Park Road,Phoenix,AZ,85028,Auto Repair,erp,2024-03-05
A00630,Oakmont Bakeyr Group Corp,www.oakmontbakery.com,,112 Main Street,Phoenix,AZ,85077,Bakery,trade_show,2026-01-18
A00631,Granite Legal Services LLC,www.granitelegalservices.com,(508) 694-9131,1241 Cedar Avenue,Seattle,WA,98164,Legal Services,trade_show,2022-09-03
A00632,Pioneer Software Inc,www.pioneersoftware.com,231.434.0385,7452 Sunset Avenue,Atlanta,GA,30324,Software,billing,2024-11-16
A00633,Granite Roofing Corp,www.graniteroofing.com,+1 366 258 4809,8329 Washington Boulevard,Austin,TX,78765,Roofing,billing,2025-08-03
A00634,Meridian Plumbing LLC,www.meridianplumbing.com,9864942119,1330 Maple Boulevard,Portland,OR,97257,Plumbing,billing,2024-03-25
A00635,Granite Staffing Corp,www.granitestaffing.com,(401) 425-4606,2192 Elm Avenue,Columbus,OH,43250,Staffing,web_form,2026-03-06
A00636,Meridian Design Corp,www.meridiandesign.com,405-403-8942,9853 Oak Avenue,Phoenix,AZ,85043,Design,erp,2022-08-29
A00637,Copper Hill Consulting Corp,www.copperhillconsulting.com,,9063 Park Blvd,Austin,TX,78741,Consulting,web_form,2022-10-11
A00638,Keystone Legal Services Corp,www.keystonelegalservices.com,291.240.7200,55 Main Road,Boston,MA,02178,Legal Services,trade_show,2023-01-26
A00639,Atlas Auto Repair,www.atlasautorepair.com,(311) 718-2587,4847 Washington Drive,Seattle,WA,98122,Auto Repair,trade_show,2025-08-21
A00640,Copper Hill Dental,www.copperhilldental.com,799-640-3157,7454 Main Road,Columbus,OH,43239,Dental,billing,2024-09-28
A00641,Lakeside Bakery Inc,www.lakesidebakery.com,(647) 822-8597,5530 Hill Road,Boston,MA,02113,Bakery,web_form,2026-07-06
A00642,Pioneer Design Corp,www.pioneerdesign.com,715.576.3988,3374 Main Avenue,Seattle,WA,98185,Design,billing,2023-12-17
A00643,Meridian Landscaping Corp,www.meridianlandscaping.com,+1 260 509 3570,4338 Park Boulevard,Seattle,WA,98159,Landscaping,web_form,2023-12-08
A00644,ATLAS CONSULTING Group LLC,www.atlasconsulting.com,2534128795,2324 Washington Drive,Phoenix,AZ,85043,Consulting,crm,2022-08-10
A00645,Beacon Legal Services LLC,www.beaconlegalservices.com,9466625864,5914 Church Street,Chicago,IL,60626,Legal Services,web_form,2024-07-20
A00646,Copper Hill Design Co,www.copperhilldesign.com,286.677.9670,8063 Hill Avenue,Phoenix,AZ,85020,Design,crm,2024-08-21
A00647,Copper Hill Electric Ltd,www.copperhillelectric.com,427.834.4545,6871 Lake Street,Columbus,OH,43285,Electric,erp,2022-09-21
A00648,Meridian Software Corp,www.meridiansoftware.com,994-595-4113,8145 Maple Avenue,Phoenix,AZ,85001,Software,trade_show,2026-07-27
A00649,Falcon Bakery LLC,www.falconbakery.com,(519) 627-1190,7171 Sunset Boulevard,Columbus,OH,43298,Bakery,erp,2026-07-13
A00650,Harbor Point Dental Inc,www.harborpointdental.com,(374) 735-8035,214 Church Street,Portland,OR,97298,Dental,trade_show,2025-06-09
A00651,Beacon Analytics Ltd,www.beaconanalytics.com,8036889350,5975 Park Drive,Denver,CO,80226,Analytics,billing,2022-10-18
A00652,Riverbend Softwae Inc,www.riverbendsoftware.com,6294486555,2224 Lake Boulevard,Seattle,WA,98146,Software,crm,2026-08-07
A00653,Maple Leaf Analytics Inc,www.mapleleafanalytics.com,(767) 709-9656,6034 Lake Street,Chicago,IL,60614,Analytics,web_form,2022-11-29
A00654,Atlas Insurance Ltd,www.atlasinsurance.com,+1 619 745 1257,3403 Oak Avenue,Denver,CO,80248,Insurance,crm,2026-02-08
A00655,Silver Creek Analytics,www.silvercreekanalytics.com,+1 324 693 4618,5182 Lake Avenue,Nashville,TN,37200,Analytics,trade_show,2025-04-30
A00656,Beacon Insurance Inc,www.beaconinsurance.com,+1 818 561 1632,1860 Main Drive,Chicago,IL,60686,Insurance,web_form,2025-01-29
A00657,Falcon Logistics Corp,www.falconlogistics.com,710.537.2197,3868 Cedar Street,Nashville,TN,37231,Logistics,billing,2023-06-13
A00658,Sterling Logistics Corp,www.sterlinglogistics.com,2982652370,929 Church Street,Atlanta,GA,30371,Logistics,web_form,2024-04-03
A00659,Evergreen Landscaping Co,www.evergreenlandscaping.com,+1 803 336 3345,2217 Main Avenue,Phoenix,AZ,85031,Landscaping,web_form,2025-07-01
A00660,Redwood Analytics LLC,www.redwoodanalytics.com,464-946-1667,6305 Maple Avenue,Denver,CO,80218,Analytics,billing,2025-09-09
A00661,Keystone Electric Corp,www.keystoneelectric.com,383.223.0057,7330 Sunset Avenue,Phoenix,AZ,85099,Electric,erp,2024-09-29
A00662,Beacon Landscaping Ltd,,706.647.8829,7313 Lake Avenue,Boston,MA,02164,Landscaping,erp,2023-12-25
A00663,Blue Ridge Roofing Corp,www.blueridgeroofing.com,796.396.6358,181 Park St,Nashville,TN,37238,Roofing,trade_show,2024-03-18
A00664,SILVER CREEK LANDSCAPING Co,www.silvercreeklandscaping.com,4295161537,7894 Washington Boulevard,Atlanta,GA,30303,Landscaping,crm,2022-12-04
A00665,Maple Leaf Consulting Co,www.mapleleafconsulting.com,2487761598,9801 Main Road,Portland,OR,97214,Consulting,erp,2025-09-06
A00666,Summit Staffing Ltd,www.summitstaffing.com,,5056 Park Avenue,Austin,TX,78721,Staffing,billing,2022-01-10
A00667,Northgate Analytics Inc,www.northgateanalytics.com,7609291028,8143 Church Avenue,Nashville,TN,37268,Analytics,erp,2022-05-03
A00668,Maple Leaf Legal Services Co,www.mapleleaflegalservices.com,257-625-5393,3458 Maple Avenue,Austin,TX,78767,Legal Services,billing,2022-07-11
A00669,Copper Hill Design Inc,www.copperhilldesign.com,859-681-0527,2292 Church Boulevard,Boston,MA,02146,Design,erp,2025-08-20
A00670,Meridian Roofing Corp,www.meridianroofing.com,6719482158,1614 Cedar Road,Phoenix,AZ,85035,Roofing,crm,2026-07-11
A00671,Summit Dental Corp,www.summitdental.com,532.235.6603,4384 Maple Avenue,Phoenix,AZ,85059,Dental,web_form,2024-01-31
A00672,Maple Leaf Logistics Ltd,www.mapleleaflogistics.com,3969289506,1169 Oak Road,Boston,MA,02196,Logistics,web_form,2022-05-10
A00673,Redwood Analytics,www.redwoodanalytics.com,3207616957,7565 Lake Drive,Seattle,WA,98126,Analytics,billing,2025-10-18
A00674,Keystone Auto Repair Corp,www.keystoneautorepair.com,,2574 Park Dr,Boston,MA,02155,Auto Repair,trade_show,2024-02-02
A00675,Silver Creek Plumbing,www.silvercreekplumbing.com,451.539.0601,3160 Maple Boulevard,Portland,OR,97298,Plumbing,billing,2022-04-21
A00676,Blue Ridge Plumbing Co,www.blueridgeplumbing.com,(679) 968-7954,4342 OAK DR,Chicago,IL,60682,Plumbing,crm,2022-11-15
A00677,Maple Landscaping Inc,www.maplelandscaping.com,902-532-9955,6493 Cedar Avenue,Columbus,OH,43215,Landscaping,erp,2026-07-17
A00678,Sterling Logistics,www.sterlinglogistics.com,4427514188,9888 Maple Avenue,Seattle,WA,98125,Logistics,billing,2024-11-24
A00679,NorthgateDental LLC,,293-883-6573,873 Lake Blvd,Boston,MA,02180,Dental,billing,2023-05-27
A00680,Summit Dental Inc,www.summitdental.com,6864367344,1963 Main Avenue,Atlanta,GA,30324,Dental,web_form,2022-03-24
A00681,Ironwood Staffing Co,www.ironwoodstaffing.com,705.659.9008,1333 Sunset Street,Austin,TX,78779,Staffing,billing,2026-08-11
A00682,Oakmont Bakery Corp,www.oakmontbakery.com,647-889-7156,2833 Park Boulevard,Seattle,WA,98119,Bakery,billing,2022-07-26
A00683,Blue Ridge Legal Services Inc,www.blueridgelegalservices.com,2033560693,5225 Park Dr,Atlanta,GA,30375,Legal Services,web_form,2023-11-20
A00684,Blue Ridge Analytics Corp,www.blueridgeanalytics.com,+1 405 716 0341,7443 Church Boulevard,Portland,OR,97205,Analytics,billing,2022-10-13
A00685,Beacon Landscaping LLC,www.beaconlandscaping.com,661-951-3070,4812 Church Street,Seattle,WA,98171,Landscaping,crm,2024-01-20
A00686,Keystone Landscaping Co,www.keystonelandscaping.com,390.851.8305,3794 Elm Avenue,Phoenix,AZ,85047,Landscaping,crm,2026-01-19
A00687,Meridian Software Corp,,994-595-4113,8145 Maple Avenue,Phoenix,AZ,85073,Software,web_form,2025-09-20
A00688,Pioneer Design,www.pioneerdesign.com,537.512.2329,1042 Hill Drive,Austin,TX,78769,Design,billing,2026-06-08
A00689,Pioneer Consulting Ltd,www.pioneerconsulting.com,565-536-0028,2652 Oak Drive,Denver,CO,80204,Consulting,billing,2023-12-03
A00690,Blue Ridge Insurancce Ltd,,2534037570,5087 Church Boluevard,Phoenix,AZ,85034,Insurance,trade_show,2022-04-23
A00691,Evergreen Design Ltd,www.evergreendesign.com,713-375-6214,9743 Sunset Drive,Seattle,WA,98182,Design,billing,2024-08-01
A00692,Beacon Plumbing Inc,www.beaconplumbing.com,4866834246,7337 Washington Road,Nashville,TN,37246,Plumbing,billing,2025-11-19
A00693,Redwood Plumbing,www.redwoodplumbing.com,+1 442 972 2501,8652 Sunset Avenue,Seattle,WA,98150,Plumbing,trade_show,2024-12-24
A00694,Evergreen Design LLC,www.evergreendesign.com,585.596.6163,4651 Main Boulevard,Boston,MA,02141,Design,erp,2026-04-29
A00695,Falcon Consulting Co,www.falconconsulting.com,(495) 509-1345,7145 Cedar Street,Portland,OR,97248,Consulting,web_form,2023-02-26
A00696,Meridian Stafing Group,,379-410-2245,5056 Cedar Dr,Boston,MA,02101,Staffing,erp,2022-05-29
A00697,Silver Roofing Co,,889-931-7608,9641 Main Avenue,Phoenix,AZ,85020,Roofing,crm,2023-10-25
A00698,GRANITE STAFFING Ltd,,3524520730,7602 Oak Rd,Denver,CO,80219,Staffing,trade_show,2022-08-01
A00699,Riverbend Legal Services Ltd,www.riverbendlegalservices.com,4506178500,4718 MAIN AVE,Boston,MA,02191,Legal Services,billing,2022-06-11
A00700,Redwood Landscaping Co,www.redwoodlandscaping.com,+1 210 981 4166,3744 Washington Road,Austin,TX,78734,Landscaping,erp,2022-03-22
A00701,Oakmont Analytics,www.oakmontanalytics.com,2682027859,1141 Sunset Road,Columbus,OH,43281,Analytics,crm,2024-10-15
A00702,Bright Path  Insurance Group,,(970) 712-0177,2698 Maple Dr,Portland,OR,97202,Insurance,trade_show,2022-10-27
A00703,Falcon Plumbing Corp,www.falconplumbing.com,678.347.8050,9833 Main Drive,Seattle,WA,98120,Plumbing,billing,2024-10-17
A00704,Summit Consulting Ltd,www.summitconsulting.com,(940) 474-5701,4547 Maple Boulevard,Chicago,IL,60656,Consulting,billing,2025-11-25
A00705,Keystone Insurance Inc,www.keystoneinsurance.com,+1 762 404 5106,7529 Oak Road,Austin,TX,78764,Insurance,crm,2024-08-26
A00706,Granite Auto Repair Co,www.graniteautorepair.com,8798698401,8195 Church Avenue,Phoenix,AZ,85067,Auto Repair,erp,2022-08-27
A00707,Redwood Design Inc,www.redwooddesign.com,+1 447 565 3956,7044 Washington Boulevard,Nashville,TN,37260,Design,crm,2024-09-04
A00708,Summit Analytics Ltd,www.summitanalytics.com,+1 534 734 2544,2787 Hill Road,Columbus,OH,43256,Analytics,trade_show,2025-09-17
A00709,Ironwood Roofing Co,www.ironwoodroofing.com,5088943295,7260 Washington Avenue,Nashville,TN,37272,Roofing,erp,2025-06-17
A00710,Lakeside Consulting Ltd,www.lakesideconsulting.com,880.267.6288,1844 Main Avenue,Boston,MA,02104,Consulting,crm,2023-05-20
A00711,Evergreen Roofing Inc,www.evergreenroofing.com,330-233-6966,1208 Lake Street,Phoenix,AZ,85067,Roofing,trade_show,2025-04-17
A00712,Meridian Insurance Corp,www.meridianinsurance.com,2128813720,5961 Church Dr,Chicago,IL,60695,Insurance,web_form,2024-02-01
A00713,STERLIN PLUMBING Corp,www.sterlingplumbing.com,,8031 Maple Avenue,Chicago,IL,60655,Plumbing,web_form,2025-08-26
A00714,Oakmont Staffing Ltd,www.oakmontstaffing.com,601-607-6536,1029 Cedar Boulevard,Phoenix,AZ,85008,Staffing,trade_show,2022-08-01
A00715,Riverbend Electric Inc,www.riverbendelectric.com,+1 782 570 0875,8241 Cedar Street,Columbus,OH,43265,Electric,crm,2023-03-01
A00716,Maple Leaf Design,www.mapleleafdesign.com,(901) 923-7202,2778 Lake Boulevard,Austin,TX,78783,Design,crm,2025-03-13
A00717,Summit Plumbing,www.summitplumbing.com,835-472-4479,1656 Elm Drive,Austin,TX,78715,Plumbing,erp,2026-07-10
A00718,Beacon Analytics Ltd,www.beaconanalytics.com,+1 881 331 8198,998 Washington Boulevard,Chicago,IL,60655,Analytics,billing,2022-10-18
A00719,Bright Path Bakery Ltd,www.brightpathbakery.com,751.292.2184,29 Cedar Boulevard,Seattle,WA,98106,Bakery,billing,2022-07-30
A00720,Summit Landscaping Corp,www.summitlandscaping.com,(443) 547-4994,8289 Main Street,Portland,OR,97241,Landscaping,trade_show,2024-05-01
A00721,Maple Leaf Roofing Ltd,www.mapleleafroofing.com,+1 817 752 5681,1243 Lake Boulevard,Boston,MA,02115,Roofing,trade_show,2026-01-28
A00722,Keystone Bakery Co,www.keystonebakery.com,242-929-4837,5782 Cedar Road,Nashville,TN,37249,Bakery,trade_show,2024-06-01
A00723,Granite Staffing Ltd,www.granitestaffing.com,+1 352 452 0730,7602 Oak Road,Denver,CO,80219,Staffing,trade_show,2024-02-06
A00724,Keystone Dental LLC,www.keystonedental.com,6782033649,1448 Park Boulevard,Boston,MA,02187,Dental,trade_show,2022-07-26
A00725,Copper Dsign Ltd,www.copperdesign.com,,9260 Lake Avenue,Columbus,OH,43250,Design,erp,2022-09-15
A00726,Copper Hill Landscaping Inc,www.copperhilllandscaping.com,(902) 798-3767,5919 Oak Avenue,Austin,TX,78748,Landscaping,crm,2022-03-05
A00727,Silver Creek Insurance Ltd,www.silvercreekinsurance.com,746.689.8319,9177 Cedar Road,Columbus,OH,43257,Insurance,billing,2025-12-02
A00728,Meridian Design LLC,www.meridiandesign.com,+1 559 790 7676,870 Washington Drive,Atlanta,GA,30339,Design,trade_show,2022-07-31
A00729,Bright Path Logistics Inc,www.brightpathlogistics.com,2527642334,6085 Park Drive,Nashville,TN,37221,Logistics,trade_show,2022-07-02
A00730,Evergreen Logistics Corp,www.evergreenlogistics.com,8529261261,5400 Park Road,Chicago,IL,60693,Logistics,trade_show,2023-02-18
A00731,BRIGHT PATH LANDSCAPING Inc,,994-353-2823,9127 Min St,Nashville,TN,37241,Landscaping,trade_show,2025-01-13
A00732,STONEBRIDGE STAFFING Group Co,,,4287 Cear Ave,Portland,OR,97271,Staffing,crm,2023-01-09
A00733,Ironwood Plumbing Ltd,www.ironwoodplumbing.com,(699) 649-9748,9276 Elm Boulevard,Austin,TX,78767,Plumbing,web_form,2023-07-18
A00734,Silver Creek Landscaping LLC,www.silvercreeklandscaping.com,(429) 516-1537,5903 Main Street,Nashville,TN,37289,Landscaping,web_form,2025-10-16
A00735,SILVER CREEK INSURANCE Ltd,www.silvercreekinsurance.com,7466898319,9177 Cdar Rd,Columbus,OH,43257,Insurance,erp,2023-07-08
A00736,Oakmont Electric Ltd,www.oakmontelectric.com,+1 768 694 1738,4547 Main Avenue,Boston,MA,02198,Electric,erp,2022-04-27
A00737,Sterling Roofing LLC,www.sterlingroofing.com,946.536.5598,9191 Main Avenue,Seattle,WA,98196,Roofing,erp,2024-10-04
A00738,Sterling Consulting Corp,www.sterlingconsulting.com,+1 710 418 5639,443 Oak Road,Boston,MA,02184,Consulting,trade_show,2024-07-31
A00739,Atlas Consulting LLC,www.atlasconsulting.com,253.412.8795,2324 Washington Drive,Phoenix,AZ,85043,Consulting,web_form,2024-08-08
A00740,Bright Path Plumbing LLC,www.brightpathplumbing.com,5767268423,9516 Hill Boulevard,Columbus,OH,43221,Plumbing,trade_show,2022-10-06
A00741,Lakeside Dental Ltd,www.lakesidedental.com,(724) 379-1810,6905 Church Drive,Chicago,IL,60620,Dental,erp,2026-05-07
A00742,Granite Legal Services,www.granitelegalservices.com,684-321-0759,9871 Park Street,Atlanta,GA,30394,Legal Services,billing,2026-07-20
A00743,Pioneer Landscaping Corp,,320.205.5232,8219 Hill Street,Seattle,WA,98171,Landscaping,erp,2025-12-31
A00744,Sterling Design Ltd,www.sterlingdesign.com,7555848913,4217 Hill Street,Portland,OR,97241,Design,web_form,2023-08-24
A00745,Falcon Electric Inc,www.falconelectric.com,7425628130,1196 Elm Avenue,Boston,MA,02190,Electric,crm,2023-12-17
A00746,HARBOR POINT CONSULTING Group Ltd,www.harborpointconsulting.com,4203107492,6948 PARK DR,Atlanta,GA,30368,Consulting,erp,2022-03-28
A00747,Keystone Electric Inc,www.keystoneelectric.com,892-915-3374,8030 Cedar Avenue,Columbus,OH,43205,Electric,trade_show,2025-10-10
A00748,Oakmont Bakery Corp,www.oakmontbakery.com,675-566-0667,180 Church Boulevard,Chicago,IL,60608,Bakery,erp,2025-10-16
A00749,Beacon Roofing,www.beaconroofing.com,9913549949,5938 Sunset Boulevard,Chicago,IL,60610,Roofing,billing,2023-11-03
A00750,Sterling Electric Co,www.sterlingelectric.com,6458869425,713 Sunset Road,Denver,CO,80277,Electric,web_form,2022-01-02
A00751,Pioneer Consulting LLC,www.pioneerconsulting.com,587-285-0450,7518 Hill Road,Columbus,OH,43208,Consulting,crm,2022-03-13
A00752,Maple Leaf Electric LLC,www.mapleleafelectric.com,6508618252,7289 Main Avenue,Austin,TX,78798,Electric,trade_show,2022-07-23
A00753,Bright Path Electric,www.brightpathelectric.com,322.767.5214,7703 Hill Boulevard,Seattle,WA,98134,Electric,trade_show,2022-12-10
A00754,Maple Leaf Legal Services Ltd,www.mapleleaflegalservices.com,8254374813,7731 Sunset Avenue,Boston,MA,02198,Legal Services,crm,2023-02-14
A00755,Ironwood Insurance Ltd,www.ironwoodinsurance.com,+1 489 538 6308,479 Washington Road,Seattle,WA,98126,Insurance,erp,2025-01-26
A00756,COPER HILL LEGAL SERVICES LLC,www.copperhilllegalservices.com,,6555 SUNSET AVE,Denver,CO,80205,Legal Services,crm,2026-01-31
A00757,Blue Ridge Staffing LLC,www.blueridgestaffing.com,+1 351 951 8378,3348 Cedar Avenue,Chicago,IL,60628,Staffing,billing,2022-11-06
A00758,Redwood Electric Ltd,www.redwoodelectric.com,3212816044,8009 Church Road,Austin,TX,78720,Electric,trade_show,2022-01-19
A00759,SterlingElectric Ltd,,513.320.7806,5434 Oa Road,Boston,MA,02109,Electric,trade_show,2022-09-01
A00760,Evergreen Legal Services Ltd,www.evergreenlegalservices.com,(849) 301-5945,1190 Elm Avenue,Boston,MA,02197,Legal Services,web_form,2022-10-05
A00761,Keystone Sofwtare Group Co,www.keystonesoftware.com,,1304 Elm St,Seattle,WA,98105,Software,web_form,2022-05-21
A00762,Granite Roofing Co,www.graniteroofing.com,257.215.8653,9797 Elm Boulevard,Columbus,OH,43297,Roofing,trade_show,2023-09-08
A00763,Harbor Point Insurance Corp,www.harborpointinsurance.com,945.401.1519,6157 Cedar Road,Boston,MA,02153,Insurance,crm,2025-07-28
A00764,Atlas Landscaping Ltd,www.atlaslandscaping.com,(753) 974-1448,3732 Sunset Road,Phoenix,AZ,85038,Landscaping,billing,2022-10-14
A00765,Maple Leaf Insurance Inc,www.mapleleafinsurance.com,3405820942,693 Main Road,Austin,TX,78789,Insurance,trade_show,2023-05-01
A00766,Atlas Logistics Corp,www.atlaslogistics.com,956-240-9049,3739 Sunset Drive,Seattle,WA,98163,Logistics,web_form,2025-07-13
A00767,Northgate Roofing Corp,www.northgateroofing.com,550-632-4121,5829 Hill Road,Atlanta,GA,30351,Roofing,erp,2022-04-18
A00768,Falcon Design Co,www.falcondesign.com,459.445.0945,838 Cedar Boulevard,Nashville,TN,37263,Design,crm,2022-08-08
A00769,Stonebridge Logistics Inc,www.stonebridgelogistics.com,744.500.4518,8486 Hill Road,Phoenix,AZ,85031,Logistics,crm,2026-04-27
A00770,Sterling Staffing Inc,,+1 806 895 2858,2107 Elm Avenue,Columbus,OH,43256,Staffing,crm,2025-03-18
A00771,Summit Plumbing Co,www.summitplumbing.com,+1 702 297 8052,8450 Elm Road,Nashville,TN,37273,Plumbing,billing,2024-10-09
A00772,Evergreen Plumbing Inc,www.evergreenplumbing.com,(900) 885-1993,7748 Main Avenue,Denver,CO,80235,Plumbing,crm,2023-03-23
A00773,Granite Plumbing Co,www.graniteplumbing.com,+1 511 844 3814,9784 Lake Avenue,Columbus,OH,43297,Plumbing,crm,2025-04-14
A00774,Blue Ridge Staffing Co,www.blueridgestaffing.com,3893539080,9648 Elm Avenue,Portland,OR,97268,Staffing,web_form,2025-11-08
A00775,Stonebridge Consulting LLC,www.stonebridgeconsulting.com,(428) 245-2611,7471 Elm Street,Chicago,IL,60653,Consulting,erp,2022-12-22
A00776,BrightPathPlumbing LLC,www.brightpathplumbing.com,,9516 Hill Boulevard,Columbus,OH,43253,Plumbing,erp,2024-07-26
A00777,Silver Creek Plumbing Inc,,907-414-4251,1147 SunsetA ve,Nashville,TN,37208,Plumbing,crm,2023-10-07
A00778,Harbor Point Plumbing Co,www.harborpointplumbing.com,2999842980,2129 Maple Road,Columbus,OH,43240,Plumbing,trade_show,2025-07-21
A00779,Summit Plumbing LLC,www.summitplumbing.com,438.783.0615,7176 Oak Drive,Atlanta,GA,30312,Plumbing,web_form,2022-09-20
A00780,Pioneer Landscaping Inc,www.pioneerlandscaping.com,553.487.8510,3362 Sunset Street,Denver,CO,80262,Landscaping,erp,2022-02-12
A00781,Oakmont Consulting Corp,www.oakmontconsulting.com,2335356225,8951 Oak Avenue,Atlanta,GA,30325,Consulting,billing,2025-08-05
A00782,Evergreen Staffing Co,www.evergreenstaffing.com,+1 676 799 7424,4009 Oak Avenue,Boston,MA,02173,Staffing,web_form,2023-09-06
A00783,COPPER HILL SSTAFFING Group Co,www.copperhillstaffing.com,3123241991,3376 CEDAR DRIVE,Columbus,OH,43218,Staffing,web_form,2025-03-22
A00784,Oakmont Landscaping Ltd,www.oakmontlandscaping.com,(630) 713-2142,316 Hill Drive,Columbus,OH,43299,Landscaping,erp,2022-11-07
A00785,Meridian Staffing Co,www.meridianstaffing.com,+1 379 410 2245,5056 Cedar Drive,Boston,MA,02101,Staffing,erp,2025-10-03
A00786,Blue Ridge Design Corp,www.blueridgedesign.com,695-872-3456,9100 Church Avenue,Boston,MA,02176,Design,trade_show,2023-09-10
A00787,Riverbend Dental,www.riverbenddental.com,854.589.8077,2662 Sunset Road,Atlanta,GA,30363,Dental,web_form,2025-11-15
A00788,Blue Ridge Insurance LLC,www.blueridgeinsurance.com,236-492-7192,9566 Cedar Road,Atlanta,GA,30308,Insurance,billing,2023-01-28
A00789,Graanite Dental,www.granitedental.com,433.589.3274,8514 Park Blvd,Portland,OR,97235,Dental,erp,2023-04-26
A00790,Harbor Point Legal Services,www.harborpointlegalservices.com,379.369.2947,7309 Park Street,Chicago,IL,60679,Legal Services,billing,2026-06-14
A00791,ATLAAS ROOFING Inc,www.atlasroofing.com,,422 Washington Rd,Denver,CO,80290,Roofing,web_form,2024-04-23
A00792,Copper Hill Logistics Co,www.copperhilllogistics.com,5326567669,2286 Maple Boulevard,Nashville,TN,37232,Logistics,web_form,2026-05-06
A00793,Ironwood Logistics Co,,(273) 745-4174,1567 Sunset Boulevard,Columbus,OH,43243,Logistics,erp,2022-12-05
A00794,Lakeside Logistics Co,www.lakesidelogistics.com,9635490190,8417 Park Road,Boston,MA,02145,Logistics,web_form,2022-09-09
A00795,Copper Hill Dental Ltd,,7074055107,4352 Elm Ave,Phoenix,AZ,85013,Dental,erp,2024-10-12
A00796,Ironwood Design Co,www.ironwooddesign.com,630.649.4727,3014 Maple Avenue,Chicago,IL,60645,Design,trade_show,2022-11-15
A00797,Falcon Electric LLC,www.falconelectric.com,788.403.6735,8503 Park Avenue,Seattle,WA,98113,Electric,erp,2022-09-06
A00798,Bright Path Landscaping Inc,www.brightpathlandscaping.com,+1 994 353 2823,9127 Main Street,Nashville,TN,37241,Landscaping,billing,2024-08-27
A00799,Pioneer Logistics Corp,www.pioneerlogistics.com,624.469.5896,4003 Washington Road,Austin,TX,78717,Logistics,erp,2025-12-31
A00800,Lakeside Legal Services Co,www.lakesidelegalservices.com,7454411641,5235 Main Avenue,Portland,OR,97201,Legal Services,erp,2023-11-16
A00801,Keystone Roofign Group Ltd,www.keystoneroofing.com,,4710 Washington Drive,Austin,TX,78795,Roofing,crm,2022-03-19
A00802,Granite Auto Repair Group Ltd,,,855 Church St,Atlanta,GA,30336,Auto Repair,web_form,2024-08-07
A00803,Sterling Auto Repair Ltd,www.sterlingautorepair.com,467-378-8952,4274 Cedar Drive,Boston,MA,02107,Auto Repair,billing,2026-05-19
A00804,Pioneer Staffing LLC,www.pioneerstaffing.com,640-469-5606,232 Park Road,Atlanta,GA,30334,Staffing,crm,2026-02-03
A00805,Pioneer Dental,www.pioneerdental.com,6056746576,2091 Main Ave,Seattle,WA,98119,Dental,erp,2023-07-10
A00806,Pioneer Electric Inc,www.pioneerelectric.com,(526) 444-6034,339 Lake Avenue,Nashville,TN,37249,Electric,web_form,2026-07-16
A00807,Cedar Auto Repair LLC,www.cedarautorepair.com,5598865497,1200 Oak Avenue,Austin,TX,78720,Auto Repair,web_form,2025-07-03
A00808,Lakeside Electric Co,,237.733.7072,6615 Oak Street,Phoenix,AZ,85074,Electric,erp,2023-11-16
A00809,Granite Auto Repair Inc,www.graniteautorepair.com,+1 800 215 0483,9300 Elm Drive,Phoenix,AZ,85082,Auto Repair,billing,2022-12-25
A00810,LAKESIDE AUTO REPAIR LLC,,,5287 Cedar Boulevard,Denver,CO,80240,Auto Repair,billing,2022-06-07
A00811,Stonebridge Staffing LLC,www.stonebridgestaffing.com,874.721.5144,7929 Sunset Avenue,Columbus,OH,43214,Staffing,web_form,2025-02-01
A00812,Atlas Logistics Group Co,www.atlaslogistics.com,691.650.9700,8505 CEDAR LVD,Atlanta,GA,30301,Logistics,trade_show,2022-12-30
A00813,RedwoodPlumbing Ltd,www.redwoodplumbing.com,+1 908 655 2180,2334 SUNSET AVENUE,Atlanta,GA,30372,Plumbing,trade_show,2023-05-22
A00814,Beacon Consulting Corp,www.beaconconsulting.com,754-241-4816,1945 Oak Boulevard,Portland,OR,97228,Consulting,erp,2023-11-08
A00815,Northgate Design Inc,,3234750219,1838 Hill Boulevard,Columbus,OH,43211,Design,erp,2022-05-03
A00816,Falcon Bakery Ltd,www.falconbakery.com,630.897.0838,7155 Park Boulevard,Boston,MA,02132,Bakery,web_form,2023-09-16
A00817,Riverbend Plumbing,www.riverbendplumbing.com,4758020118,888 Maple Drive,Portland,OR,97242,Plumbing,trade_show,2025-03-28
A00818,Bright Path Roofing Corp,www.brightpathroofing.com,(311) 525-7474,941 Church Drive,Seattle,WA,98185,Roofing,trade_show,2022-08-22
A00819,Stonebridge Consulting Inc,www.stonebridgeconsulting.com,(612) 369-4629,7196 Cedar Street,Columbus,OH,43290,Consulting,billing,2022-06-06
A00820,Bright Path Logistics Corp,www.brightpathlogistics.com,(932) 555-2198,1077 Cedar  Dr,Portland,OR,97238,Logistics,billing,2023-05-13
A00821,Sterling Consulting,www.sterlingconsulting.com,(332) 966-3172,4071 Main Road,Columbus,OH,43232,Consulting,trade_show,2022-08-08
A00822,Falcon Staffing Co,www.falconstaffing.com,(990) 264-3815,8560 Washington Road,Columbus,OH,43261,Staffing,trade_show,2025-04-02
A00823,Sterling Staffing Inc,www.sterlingstaffing.com,914-962-9270,2701 Sunset Street,Austin,TX,78733,Staffing,crm,2025-03-18
A00824,Stonebridge Roofing Corp,www.stonebridgeroofing.com,+1 269 448 6386,6540 Hill Road,Portland,OR,97202,Roofing,erp,2023-03-30
A00825,Granite Auto Repair Ltd,www.graniteautorepair.com,+1 278 569 7013,855 Church Street,Atlanta,GA,30336,Auto Repair,web_form,2022-04-09
A00826,Beacon Landscaping Co,www.beaconlandscaping.com,9286890518,9173 Elm Boulevard,Columbus,OH,43246,Landscaping,web_form,2025-08-27
A00827,Beacon Insurance LLC,www.beaconinsurance.com,(465) 910-4963,2708 Lake Drive,Phoenix,AZ,85049,Insurance,crm,2026-03-06
A00828,Northgate Electric Corp,www.northgateelectric.com,+1 451 657 1741,6450 Park Drive,Phoenix,AZ,85039,Electric,trade_show,2025-09-06
A00829,Summit Landscaping Ltd,www.summitlandscaping.com,303.201.5640,2827 Washington Street,Atlanta,GA,30344,Landscaping,billing,2022-11-08
A00830,Redwood Plumbing Ltd,www.redwoodplumbing.com,(908) 655-2180,2334 Sunset Avenue,Atlanta,GA,30372,Plumbing,web_form,2025-11-30
A00831,Beacon Staffing LLC,www.beaconstaffing.com,(977) 729-2455,8018 Park Road,Seattle,WA,98184,Staffing,crm,2025-10-25
A00832,Riverbend Plumbing Ltd,www.riverbendplumbing.com,918.727.0091,6244 Church Drive,Boston,MA,02152,Plumbing,web_form,2024-04-28
A00833,Meridian Roofing Inc,,,8783 Main Dr,Seattle,WA,98164,Roofing,erp,2024-06-13
A00834,Meridian Bakery LLC,www.meridianbakery.com,6514442345,2581 Cedar Street,Boston,MA,02109,Bakery,crm,2024-08-16
A00835,Pioneer Consulting Ltd,www.pioneerconsulting.com,+1 587 285 0450,7518 Hill Rd,Columbus,OH,43208,Consulting,web_form,2025-09-18
A00836,Stonebridge Innsurance,www.stonebridgeinsurance.com,510-800-7206,4950 Park Boulevard,Denver,CO,80291,Insurance,crm,2026-06-24
A00837,KEYSTONE AUTO REPAIR LLC,,,5995 Oak Blvd,Chicago,IL,60656,Auto Repair,crm,2022-10-03
A00838,Riverbend Landscaping,www.riverbendlandscaping.com,,9395 MAPLE AVE,Nashville,TN,37282,Landscaping,crm,2025-05-04
A00839,Evergreen Legal Services Corp,www.evergreenlegalservices.com,268.642.3934,6418 Maple Drive,Chicago,IL,60654,Legal Services,erp,2024-11-29
A00840,Keystone Electric,www.keystoneelectric.com,+1 996 513 6882,6386 Church Boulevard,Boston,MA,02147,Electric,web_form,2025-04-08
A00841,Lakeside Auto Repair Corp,www.lakesideautorepair.com,+1 325 619 2520,5853 Church Road,Denver,CO,80266,Auto Repair,web_form,2024-02-08
A00842,Harbor Point Dental,www.harborpointdental.com,8136804983,4541 Church Drive,Portland,OR,97200,Dental,crm,2025-05-25
A00843,Copper Hill Electric Corp,www.copperhillelectric.com,(537) 456-6316,8195 Sunset Street,Phoenix,AZ,85065,Electric,web_form,2024-10-07
A00844,Atlas Legal  Group Co,,,9071 Main Road,Nashville,TN,37235,Legal Services,crm,2024-05-04
A00845,Summit Dental,www.summitdental.com,8275428099,232 Main Boulevard,Atlanta,GA,30340,Dental,erp,2024-03-29
A00846,Summit Plumbing Corp,www.summitplumbing.com,6479103644,372 Maple Boulevard,Atlanta,GA,30332,Plumbing,erp,2025-07-19
A00847,Blue Ridge Staffing Co,www.blueridgestaffing.com,(972) 290-5551,8401 Hill Street,Atlanta,GA,30331,Staffing,crm,2024-05-17
A00848,Blue Ridge Analytics Corp,www.blueridgeanalytics.com,(405) 716-0341,7443 Church Blvd,Portland,OR,97205,Analytics,billing,2024-02-27
A00849,Northgate Design Ltd,www.northgatedesign.com,(661) 713-6688,2501 Elm Street,Chicago,IL,60696,Design,billing,2026-05-14
A00850,Lakeside Legal Services,www.lakesidelegalservices.com,(229) 221-9988,8376 Hill Street,Chicago,IL,60662,Legal Services,crm,2025-10-29
A00851,Keystone Roofing Co,www.keystoneroofing.com,(442) 646-0572,2564 Cedar Road,Austin,TX,78790,Roofing,web_form,2025-09-22
A00852,Northgate Insurance,www.northgateinsurance.com,769.879.0838,6709 Sunset Street,Columbus,OH,43241,Insurance,web_form,2022-01-18
A00853,Pioneer Landscaping Ltd,www.pioneerlandscaping.com,772-776-4488,6061 Oak Drive,Denver,CO,80246,Landscaping,web_form,2026-04-09
A00854,Maple Leaf Electric LLC,www.mapleleafelectric.com,712.373.3816,6619 Oak Street,Portland,OR,97245,Electric,crm,2023-12-22
A00855,Maple Leaf Software Co,www.mapleleafsoftware.com,(895) 335-2476,2057 Elm Drive,Boston,MA,02104,Software,billing,2025-10-07
A00856,Riverbend Staffing Ltd,www.riverbendstaffing.com,973.450.0855,4158 Park Road,Seattle,WA,98183,Staffing,billing,2026-03-26
A00857,Copper Hill Dental Co,www.copperhilldental.com,(537) 740-3544,725 Cedar Drive,Nashville,TN,37221,Dental,web_form,2022-09-26
A00858,SUMMIT CONSULTING Co,www.summitconsulting.com,,7951 Main Dr,Chicago,IL,60679,Consulting,crm,2022-07-09
A00859,Redwood Insurance Inc,www.redwoodinsurance.com,+1 843 574 2339,7405 Park Avenue,Austin,TX,78718,Insurance,web_form,2023-03-30
A00860,Sterling Roofing LLC,,9465365598,9191 Main Ave,Seattle,WA,98196,Roofing,web_form,2025-10-12
A00861,LAKESIDE LANDSCAPINNG Group LLC,www.lakesidelandscaping.com,,2714 Main Avenue,Phoenix,AZ,85076,Landscaping,web_form,2024-03-08
A00862,Redwood Auto Repair Co,www.redwoodautorepair.com,997.928.6248,1774 Hill Road,Austin,TX,78757,Auto Repair,erp,2026-03-19
A00863,Riverbend Electric Ltd,,+1 274 497 8026,3295 Hill Street,Phoenix,AZ,85035,Electric,crm,2026-03-23
A00864,Meridian Analytics Ltd,www.meridiananalytics.com,287.752.9071,3844 Elm Avenue,Portland,OR,97277,Analytics,trade_show,2026-06-22
A00865,KEYSTONE LOGISTICS,www.keystonelogistics.com,7146913413,3899 WSHINGTON DR,Nashville,TN,37247,Logistics,trade_show,2023-08-05
A00866,Atlas Design Corp,www.atlasdesign.com,4285803975,1885 Washington Street,Boston,MA,02195,Design,trade_show,2022-08-22
A00867,Ironwood Bakery Ltd,www.ironwoodbakery.com,5788249278,894 Hill Drive,Columbus,OH,43299,Bakery,web_form,2022-09-15
A00868,Silver Creek Landscaping Inc,www.silvercreeklandscaping.com,+1 439 997 0710,9420 Maple Road,Portland,OR,97283,Landscaping,crm,2025-06-08
A00869,Beacon Software Inc,www.beaconsoftware.com,(347) 764-9024,3171 Main Boulevard,Seattle,WA,98195,Software,crm,2026-05-02
A00870,Sterling Insurance Ltd,www.sterlinginsurance.com,,1315 Lake Street,Austin,TX,78739,Insurance,erp,2026-01-03
A00871,Lakeside Electric Inc,www.lakesideelectric.com,(314) 478-7201,341 Lake Road,Nashville,TN,37249,Electric,erp,2024-03-25
A00872,Keystone Consulting LLC,www.keystoneconsulting.com,(332) 995-1128,2406 Washington Avenue,Columbus,OH,43285,Consulting,billing,2024-08-18
A00873,Lakeside Software,www.lakesidesoftware.com,+1 743 613 5834,7373 Elm Road,Nashville,TN,37217,Software,erp,2025-02-11
A00874,Pioneer Insurance Ltd,www.pioneerinsurance.com,829-365-5183,80 Sunset Avenue,Atlanta,GA,30388,Insurance,trade_show,2023-01-26
A00875,Evegreen Analytics Corp,,645.629.0934,702 Lake Drive,Phoenix,AZ,85089,Analytics,trade_show,2026-06-12
A00876,Cedar Dental Group Corp,www.cedardental.com,(339) 738-7020,2433 Church Dr,Boston,MA,02194,Dental,web_form,2025-10-10
A00877,Blue Ridge Logistics LLC,www.blueridgelogistics.com,4378743822,4314 Elm Avenue,Nashville,TN,37200,Logistics,crm,2024-09-20
A00878,Sterling Logistics Co,www.sterlinglogistics.com,5075560464,7266 Maple Avenue,Denver,CO,80283,Logistics,web_form,2024-02-22
A00879,Maple Leaf Bakery Co,www.mapleleafbakery.com,7424469253,3733 Maple Street,Atlanta,GA,30325,Bakery,trade_show,2024-03-22
A00880,Meridian Staffing Co,www.meridianstaffing.com,204.437.5176,5971 Lake Street,Phoenix,AZ,85016,Staffing,web_form,2025-02-18
A00881,Oakmont Electric,www.oakmontelectric.com,(535) 340-5381,381 Washington Boulevard,Seattle,WA,98128,Electric,crm,2023-11-25
A00882,Beacon Auto Repair,www.beaconautorepair.com,+1 977 686 4402,6734 Park Street,Denver,CO,80274,Auto Repair,billing,2024-04-25
A00883,Silver Creek Plumbing,www.silvercreekplumbing.com,+1 387 635 1186,1382 Sunset Road,Denver,CO,80228,Plumbing,web_form,2022-02-04
A00884,Copper Hill Design Corp,,648.564.0271,8597 Lake Blvd,Austin,TX,78795,Design,trade_show,2026-06-17
A00885,Meridian Logistics Inc,www.meridianlogistics.com,(477) 347-3074,6436 Maple Street,Columbus,OH,43295,Logistics,erp,2025-03-27
A00886,Ironwood Roofing Ltd,www.ironwoodroofing.com,840.642.6843,8011 Cedar Avenue,Austin,TX,78778,Roofing,erp,2024-01-16
A00887,Blue Ridge Electric Ltd,www.blueridgeelectric.com,(560) 893-1540,1481 Washington Street,Boston,MA,02135,Electric,crm,2026-02-04
A00888,Blue Ridge Legal Services LLC,www.blueridgelegalservices.com,(203) 356-0693,5225 Park Drive,Atlanta,GA,30375,Legal Services,web_form,2022-06-22
A00889,Lakeside Staffing,www.lakesidestaffing.com,+1 286 876 1964,2934 Lake Boulevard,Boston,MA,02181,Staffing,trade_show,2026-05-22
A00890,Ironwood Bakery LLC,www.ironwoodbakery.com,(683) 718-3434,9366 Oak Road,Boston,MA,02133,Bakery,billing,2025-08-31
A00891,Pioneer Dental Ltd,www.pioneerdental.com,(590) 202-1181,9211 Sunset Drive,Denver,CO,80278,Dental,crm,2025-02-12
A00892,Sterling Auto Repair Ltd,www.sterlingautorepair.com,(358) 940-2555,8565 Washington Drive,Chicago,IL,60620,Auto Repair,billing,2026-01-21
A00893,Oakmont Legal Services Ltd,www.oakmontlegalservices.com,519.877.4309,1600 Main Boulevard,Seattle,WA,98149,Legal Services,billing,2022-04-04
A00894,Falcon Software LLC,www.falconsoftware.com,224-391-8306,7039 Oak Avenue,Denver,CO,80278,Software,trade_show,2023-03-04
A00895,Atlas Legal Services Co,www.atlaslegalservices.com,507.952.1431,9071 Main Road,Nashville,TN,37207,Legal Services,billing,2024-06-20
A00896,Stonebridge Auto Repair Co,www.stonebridgeautorepair.com,967-343-7327,7421 Washington Street,Austin,TX,78741,Auto Repair,crm,2024-02-28
A00897,Blue Ridge Analytics Inc,www.blueridgeanalytics.com,860.691.4970,3921 Oak Street,Denver,CO,80219,Analytics,billing,2023-06-20
A00898,Harbor Point Plumbing Corp,www.harborpointplumbing.com,+1 249 611 3939,9480 Lake Drive,Austin,TX,78733,Plumbing,billing,2026-05-07
A00899,Summit Electric Inc,www.summitelectric.com,615-390-3893,9036 Church Street,Denver,CO,80225,Electric,billing,2022-04-30
A00900,SILVER CREEK INSURANCE Ltd,www.silvercreekinsurance.com,746-689-8319,9177 Cedar Rd,Columbus,OH,43257,Insurance,trade_show,2025-05-06
A00901,Oakmont Software,www.oakmontsoftware.com,(673) 454-6562,4785 Oak Avenue,Denver,CO,80234,Software,web_form,2025-07-11
A00902,MeridianBakery Group Corp,www.meridianbakery.com,394-756-5272,4129 Church Rd,Denver,CO,80231,Bakery,trade_show,2023-10-24
A00903,Lakeside Legal Services Co,,286-225-8889,9167 Sunset Boulevard,Atlanta,GA,30325,Legal Services,erp,2023-11-16
A00904,Ironwood Bakery Co,www.ironwoodbakery.com,958.242.6024,9806 Hill Street,Boston,MA,02192,Bakery,billing,2025-12-04
A00905,Redwood Software Corp,www.redwoodsoftware.com,3055591538,7626 Hill Street,Atlanta,GA,30374,Software,billing,2022-04-03
A00906,Bright Path Staffing Co,www.brightpathstaffing.com,4439506245,5342 Sunset Drive,Columbus,OH,43275,Staffing,billing,2026-03-08
A00907,Blue Ridge Software,www.blueridgesoftware.com,732-617-0907,4626 Church Road,Chicago,IL,60663,Software,erp,2026-07-19
A00908,Beacon Design Corp,www.beacondesign.com,+1 231 846 6730,6163 Main Street,Portland,OR,97259,Design,billing,2026-07-21
A00909,Riverbend Dental,www.riverbenddental.com,+1 847 494 7817,4834 Washington Avenue,Denver,CO,80243,Dental,crm,2022-09-29
A00910,Riverbend Electric Ltd,www.riverbendelectric.com,274-497-8026,3295 HILL ST,Phoenix,AZ,85035,Electric,erp,2024-01-07
A00911,Sterling Electric Ltd,,5133207806,5434 Oak Road,Boston,MA,02109,Electric,erp,2024-07-01
A00912,Oakmont Electric LLC,www.oakmontelectric.com,3234210680,4457 Washington Boulevard,Seattle,WA,98119,Electric,trade_show,2026-08-13
A00913,BEACON AUTO REPAIR,www.beaconautorepair.com,+1 977 686 4402,6734 Park Street,Denver,CO,80274,Auto Repair,erp,2025-07-31
A00914,Copper Hill Roofing Ltd,www.copperhillroofing.com,+1 412 717 3081,9891 Oak Drive,Austin,TX,78745,Roofing,trade_show,2023-01-09
A00915,Oakmont Staffing Co,www.oakmontstaffing.com,269.322.7781,188 Church Drive,Seattle,WA,98183,Staffing,trade_show,2023-06-11
A00916,Summit Bakery Inc,www.summitbakery.com,(995) 571-5546,9257 Washington Boulevard,Chicago,IL,60651,Bakery,trade_show,2023-05-08
A00917,Keystone Electric,www.keystoneelectric.com,(382) 477-5685,312 Park Street,Austin,TX,78770,Electric,crm,2023-05-28
A00918,Riverbend Dental Co,www.riverbenddental.com,+1 660 989 0192,5804 Sunset Road,Nashville,TN,37246,Dental,crm,2024-12-25
A00919,Copper Hill Auto Repair Group Co,,9029337806,5202 Main Road,Atlanta,GA,30337,Auto Repair,crm,2025-12-06
A00920,Blue Ridge Dental Inc,www.blueridgedental.com,+1 756 396 4311,4155 Cedar Boulevard,Columbus,OH,43212,Dental,crm,2024-02-23
A00921,Evergreen Analytics Co,www.evergreenanalytics.com,453-840-2696,9468 Oak Avenue,Atlanta,GA,30370,Analytics,erp,2024-11-11
A00922,Silver Creek Analytics Co,www.silvercreekanalytics.com,9554663263,3868 Maple Avenue,Seattle,WA,98136,Analytics,trade_show,2023-05-22
A00923,Pioneer Dental,www.pioneerdental.com,605-674-6576,2091 Main Avenue,Seattle,WA,98119,Dental,crm,2026-01-24
A00924,Blue Ridge Roofing Inc,www.blueridgeroofing.com,664.211.5556,2127 Main Drive,Atlanta,GA,30367,Roofing,erp,2024-05-05
A00925,Bright Path Legal Services,www.brightpathlegalservices.com,426-267-5749,5315 Sunset Avenue,Atlanta,GA,30335,Legal Services,erp,2026-03-29
A00926,Oakmont Analytics LLC,www.oakmontanalytics.com,+1 541 945 7301,958 Maple Avenue,Austin,TX,78757,Analytics,trade_show,2026-06-13
A00927,Falcon Design Co,www.falcondesign.com,,838 Cedar Blvd,Nashville,TN,37263,Design,billing,2024-08-12
A00928,Riverbend Legal Services Inc,www.riverbendlegalservices.com,805.503.7029,3042 Lake Road,Phoenix,AZ,85052,Legal Services,billing,2023-05-28
A00929,Meridian Logistics,www.meridianlogistics.com,429.365.7070,3217 Washington Boulevard,Chicago,IL,60640,Logistics,erp,2024-04-07
A00930,Harbor Point Plumbing Ltd,www.harborpointplumbing.com,,2129 MAPLE RD,Columbus,OH,43240,Plumbing,crm,2024-01-17
A00931,Bright Path Dental Ltd,www.brightpathdental.com,,3622 Lake Avenue,Columbus,OH,43265,Dental,billing,2023-08-23
A00932,Stonebridge Insurance,www.stonebridgeinsurance.com,510-800-7206,4950 Park Boulevard,Denver,CO,80291,Insurance,crm,2022-07-29
A00933,Stonebridge Insurance LLC,www.stonebridgeinsurance.com,+1 793 253 3437,7133 Maple Avenue,Phoenix,AZ,85038,Insurance,web_form,2022-04-05
A00934,STERLING LOGISTICS Co,www.sterlinglogistics.com,,8973 Park Drive,Phoenix,AZ,85031,Logistics,web_form,2025-01-09
A00935,Sterling Logistics Ltd,www.sterlinglogistics.com,223-410-8654,8662 Elm Street,Columbus,OH,43282,Logistics,web_form,2022-10-28
A00936,Copper Hill Design,www.copperhilldesign.com,(947) 324-9626,9396 Washington Avenue,Chicago,IL,60611,Design,billing,2024-06-19
A00937,Cedar Electric Corp,www.cedarelectric.com,+1 775 228 1038,8401 Cedar Drive,Nashville,TN,37288,Electric,trade_show,2023-10-29
A00938,Stonebridge Auto Repair LLC,www.stonebridgeautorepair.com,+1 684 387 9263,2573 LAKE DRIVE,Portland,OR,97245,Auto Repair,trade_show,2026-03-23
A00939,Meridian Analytics LLC,www.meridiananalytics.com,(577) 317-5187,6135 Cedar Road,Atlanta,GA,30352,Analytics,erp,2024-10-28
A00940,Harbor Point Analytics Co,www.harborpointanalytics.com,607.322.3207,6108 Oak Road,Atlanta,GA,30350,Analytics,crm,2026-02-24
A00941,Pioneer Electric Co,www.pioneerelectric.com,718-553-3334,3160 Washington Road,Denver,CO,80291,Electric,trade_show,2026-06-10
A00942,Evergreen Plumbing Co,www.evergreenplumbing.com,667.799.5330,1411 Oak Drive,Atlanta,GA,30366,Plumbing,web_form,2025-02-01
A00943,Beacon Consulting LLC,www.beaconconsulting.com,964.534.3144,6226 Church Avenue,Nashville,TN,37288,Consulting,trade_show,2023-11-04
A00944,Maple Leaf Analytics Inc,www.mapleleafanalytics.com,905.834.2871,2233 Cedar Avenue,Seattle,WA,98163,Analytics,crm,2023-05-24
A00945,Keystone Dental Inc,www.keystonedental.com,(606) 548-3295,7445 Park Road,Portland,OR,97246,Dental,billing,2025-04-18
A00946,Ironwood Staffing LLC,www.ironwoodstaffing.com,(910) 830-0525,808 Oak Boulevard,Denver,CO,80293,Staffing,erp,2026-06-20
A00947,Beacon Consulting Co,www.beaconconsulting.com,+1 406 773 4853,1037 Washington Street,Nashville,TN,37226,Consulting,crm,2026-02-23
A00948,Maple Leaf Analytics Inc,,+1 218 269 1189,4719 Washington Street,Phoenix,AZ,85044,Analytics,web_form,2022-11-29
A00949,Falcon Software Inc,www.falconsoftware.com,4264591555,3729 Park Boulevard,Atlanta,GA,30358,Software,billing,2024-12-23
A00950,Pioneer Staffing LLC,www.pioneerstaffing.com,+1 762 765 6594,448 Sunset Avenue,Denver,CO,80241,Staffing,billing,2023-08-09
A00951,Keystone Design LLC,www.keystonedesign.com,773-418-2354,6954 Maple Street,Phoenix,AZ,85077,Design,billing,2025-07-16
A00952,Stonebridge Electric,www.stonebridgeelectric.com,+1 594 364 6091,6073 Elm Road,Seattle,WA,98169,Electric,web_form,2025-02-02
A00953,Keystone Logistics Co,www.keystonelogistics.com,714.691.3413,3899 Washington Drive,Nashville,TN,37247,Logistics,erp,2023-06-23
A00954,Evergreen Design Corp,www.evergreendesign.com,520-898-0990,8693 Cedar Boulevard,Phoenix,AZ,85033,Design,trade_show,2023-04-21
A00955,Northgate Plumbing Corp,www.northgateplumbing.com,(591) 551-6162,2566 Elm Boulevard,Denver,CO,80252,Plumbing,crm,2025-02-14
A00956,Pioneer Logistics Corp,www.pioneerlogistics.com,(866) 249-1186,960 Park Drive,Chicago,IL,60627,Logistics,erp,2022-07-12
A00957,Oakmont Logistics Corp,www.oakmontlogistics.com,+1 988 622 8991,2496 Church Avenue,Phoenix,AZ,85001,Logistics,crm,2022-06-19
A00958,Copper Hill Bakery Group Co,www.copperhillbakery.com,,1037 Hill Rd,Portland,OR,97201,Bakery,web_form,2022-02-10
A00959,Copper Hill Legal Services Corp,www.copperhilllegalservices.com,290.406.2102,6098 Main Drive,Atlanta,GA,30391,Legal Services,trade_show,2026-06-11
A00960,Keystone Landscaping LLC,www.keystonelandscaping.com,+1 945 937 8485,320 Oak Road,Denver,CO,80232,Landscaping,web_form,2026-01-28
A00961,Riverbend Auto Repair LLC,,2826837491,56 Church Boulevard,Nashville,TN,37229,Auto Repair,web_form,2025-12-23
A00962,Evergreen Logistics LLC,www.evergreenlogistics.com,2133133506,159 Oak St,Portland,OR,97259,Logistics,crm,2025-03-30
A00963,Meridian Insurance Corp,www.meridianinsurance.com,+1 481 572 8543,5336 Church Drive,Columbus,OH,43261,Insurance,crm,2023-12-18
A00964,Meridian Staffing LLC,www.meridianstaffing.com,+1 754 377 1105,8230 Maple Road,Seattle,WA,98189,Staffing,billing,2025-11-21
A00965,Riverbend Roofing LLC,www.riverbendroofing.com,737-541-3389,5901 Hill Avenue,Seattle,WA,98165,Roofing,trade_show,2023-07-11
A00966,Keystone Software Corp,www.keystonesoftware.com,847.936.6091,3621 Elm Drive,Boston,MA,02126,Software,web_form,2024-10-19
A00967,Blue Ridge Logistics,www.blueridgelogistics.com,(228) 225-6476,8618 Church Avenue,Chicago,IL,60621,Logistics,billing,2023-08-30
A00968,Ironwood Insurance Inc,www.ironwoodinsurance.com,739.493.3044,3586 Elm Boulevard,Austin,TX,78773,Insurance,web_form,2024-06-10
A00969,Atlas Software Co,www.atlassoftware.com,645-480-3214,3392 Lake Road,Denver,CO,80259,Software,crm,2025-07-30
A00970,Harbor Point Analytics Corp,www.harborpointanalytics.com,(931) 607-6109,2027 Hill Street,Phoenix,AZ,85009,Analytics,erp,2022-02-26
A00971,BEACON CONSULTING LLC,,964-534-3144,6226 Church Avenue,Nashville,TN,37288,Consulting,erp,2025-10-28
A00972,Sterling Roofing Ltd,www.sterlingroofing.com,4824396885,1523 Main Street,Phoenix,AZ,85043,Roofing,billing,2024-11-17
A00973,Beacon Landscaping Ltd,www.beaconlandscaping.com,3135360102,9802 Oak Boulevard,Chicago,IL,60643,Landscaping,erp,2023-12-25
A00974,Summit Consulting LLC,www.summitconsulting.com,6133654557,1895 Park Road,Seattle,WA,98106,Consulting,web_form,2024-02-11
A00975,Granite Logistics Corp,www.granitelogistics.com,(363) 579-3852,5777 Main Road,Austin,TX,78770,Logistics,billing,2022-12-19
A00976,Atlas Analytics,www.atlasanalytics.com,,8092 Washington Boulevard,Austin,TX,78788,Analytics,erp,2024-08-08
A00977,Bright Path Landscaping Group,,994.353.2823,9127 Main Street,Nashville,TN,37241,Landscaping,web_form,2023-01-17
A00978,Meridian Analytics Inc,www.meridiananalytics.com,799-587-9509,6717 Sunset Road,Portland,OR,97208,Analytics,web_form,2022-01-26
A00979,Granite Legal Services Co,www.granitelegalservices.com,636.895.3045,4023 Church Road,Atlanta,GA,30338,Legal Services,trade_show,2022-01-06
A00980,Summit Design LLC,,623.410.7380,126 Cedar Drive,Atlanta,GA,30343,Design,web_form,2026-08-18
A00981,Beacon Auto Repair,www.beaconautorepair.com,5904942150,9895 Sunset Street,Atlanta,GA,30365,Auto Repair,trade_show,2025-06-08
A00982,Copper Hill Roofing Ltd,www.copperhillroofing.com,812.446.7114,2220 Park Avenue,Nashville,TN,37282,Roofing,trade_show,2023-06-11
A00983,Lakeside Legal Services,www.lakesidelegalservices.com,,83776 Hill St,Chicago,IL,60659,Legal Services,billing,2025-07-22
A00984,Oakmont Design Corp,www.oakmontdesign.com,776.658.4783,2325 Oak Avenue,Phoenix,AZ,85061,Design,crm,2025-04-21
A00985,Stonebridge Consulting Corp,www.stonebridgeconsulting.com,507-323-2221,9233 Oak Avenue,Nashville,TN,37293,Consulting,trade_show,2022-06-29
A00986,Falcon Logistics Corp,,,3868 Cedar St,Nashville,TN,37231,Logistics,web_form,2023-05-01
A00987,Oakmont Auto Repair Ltd,,680-683-8693,9354 Elm Ave,Portland,OR,97275,Auto Repair,web_form,2023-11-25
A00988,Summit Bakery Inc,www.summitbakery.com,2174961155,6892 Oak Avenue,Seattle,WA,98167,Bakery,web_form,2026-03-24
A00989,Harbor Point Insurance,www.harborpointinsurance.com,6616154947,5188 Oak Boulevard,Chicago,IL,60642,Insurance,billing,2024-05-02
A00990,Riverbend Legal Services LLC,www.riverbendlegalservices.com,+1 279 814 2415,9312 Maple Drive,Atlanta,GA,30301,Legal Services,web_form,2023-06-05
A00991,Maple Leaf Consulting Co,www.mapleleafconsulting.com,(266) 605-4123,1657 Church Avenue,Columbus,OH,43259,Consulting,billing,2024-11-05
A00992,Copper Hill Logistics Co,www.copperhilllogistics.com,4448892823,718 Washington Avenue,Phoenix,AZ,85048,Logistics,billing,2026-08-11
A00993,Northgate Software Corp,,5858449514,3359 Cedar Drive,Phoenix,AZ,85057,Software,billing,2024-08-28
A00994,Blue Ridge Landscaping Corp,www.blueridgelandscaping.com,(529) 438-4277,8841 Park Boulevard,Denver,CO,80256,Landscaping,trade_show,2025-08-19
A00995,Atlas Design Co,www.atlasdesign.com,219-740-4435,25 Lake Avenue,Denver,CO,80270,Design,trade_show,2022-04-18
A00996,Sterling Auto Repair LLC,www.sterlingautorepair.com,(594) 268-4799,3518 Lake Street,Atlanta,GA,30341,Auto Repair,trade_show,2023-08-01
A00997,Harbor Point Dental Ltd,www.harborpointdental.com,995.336.1685,7143 Hill Drive,Denver,CO,80292,Dental,trade_show,2023-07-21
A00998,Pioneer Bakery Corp,www.pioneerbakery.com,514.336.3928,5667 Maple Street,Chicago,IL,60640,Bakery,erp,2025-12-31
A00999,Atlas Dental LLC,,641-469-3885,5252 Main Road,Nashville,TN,37207,Dental,web_form,2025-01-19
A01000,Copper Hill Landscaping LLC,www.copperhilllandscaping.com,393-417-3150,9477 Sunset Road,Atlanta,GA,30345,Landscaping,crm,2023-01-06
