table,record_id,true_id,kind
accounts,A00001,TA0444,clean
accounts,A00002,TA0406,clean
accounts,A00003,TA0458,clean
accounts,A00004,TA0009,variant
accounts,A00005,TA0109,clean
accounts,A00006,TA0604,clean
accounts,A00007,TA0779,variant
accounts,A00008,TA0713,variant
accounts,A00009,TA0274,clean
accounts,A00010,TA0016,clean
accounts,A00011,TA0377,variant
accounts,A00012,TA0688,clean
accounts,A00013,TA0467,clean
accounts,A00014,TA0427,clean
accounts,A00015,TA0377,variant
accounts,A00016,TA0009,clean
accounts,A00017,TA0631,clean
accounts,A00018,TA0504,clean
accounts,A00019,TA0470,clean
accounts,A00020,TA0303,clean
accounts,A00021,TA0161,clean
accounts,A00022,TA0321,clean
accounts,A00023,TA0359,clean
accounts,A00024,TA0457,clean
accounts,A00025,TA0318,clean
accounts,A00026,TA0768,clean
accounts,A00027,TA0170,clean
accounts,A00028,TA0017,clean
accounts,A00029,TA0404,clean
accounts,A00030,TA0675,clean
accounts,A00031,TA0646,clean
accounts,A00032,TA0497,clean
accounts,A00033,TA0640,variant
accounts,A00034,TA0642,clean
accounts,A00035,TA0695,clean
accounts,A00036,TA0478,clean
accounts,A00037,TA0420,clean
accounts,A00038,TA0078,clean
accounts,A00039,TA0142,clean
accounts,A00040,TA0265,variant
accounts,A00041,TA0526,clean
accounts,A00042,TA0636,clean
accounts,A00043,TA0785,clean
accounts,A00044,TA0386,clean
accounts,A00045,TA0700,clean
accounts,A00046,TA0690,clean
accounts,A00047,TA0412,clean
accounts,A00048,TA0286,variant
accounts,A00049,TA0520,variant
accounts,A00050,TA0694,clean
accounts,A00051,TA0148,clean
accounts,A00052,TA0496,clean
accounts,A00053,TA0179,clean
accounts,A00054,TA0160,clean
accounts,A00055,TA0011,clean
accounts,A00056,TA0179,variant
accounts,A00057,TA0261,clean
accounts,A00058,TA0647,clean
accounts,A00059,TA0032,variant
accounts,A00060,TA0762,variant
accounts,A00061,TA0089,clean
accounts,A00062,TA0358,clean
accounts,A00063,TA0034,clean
accounts,A00064,TA0609,variant
accounts,A00065,TA0789,variant
accounts,A00066,TA0459,clean
accounts,A00067,TA0296,variant
accounts,A00068,TA0484,clean
accounts,A00069,TA0633,variant
accounts,A00070,TA0414,clean
accounts,A00071,TA0159,clean
accounts,A00072,TA0250,clean
accounts,A00073,TA0515,clean
accounts,A00074,TA0725,clean
accounts,A00075,TA0799,clean
accounts,A00076,TA0291,clean
accounts,A00077,TA0443,clean
accounts,A00078,TA0101,variant
accounts,A00079,TA0511,clean
accounts,A00080,TA0003,clean
accounts,A00081,TA0101,clean
accounts,A00082,TA0006,clean
accounts,A00083,TA0663,clean
accounts,A00084,TA0081,clean
accounts,A00085,TA0407,clean
accounts,A00086,TA0311,clean
accounts,A00087,TA0726,clean
accounts,A00088,TA0284,clean
accounts,A00089,TA0749,variant
accounts,A00090,TA0320,clean
accounts,A00091,TA0345,clean
accounts,A00092,TA0041,clean
accounts,A00093,TA0301,clean
accounts,A00094,TA0076,clean
accounts,A00095,TA0264,clean
accounts,A00096,TA0351,clean
accounts,A00097,TA0585,clean
accounts,A00098,TA0378,clean
accounts,A00099,TA0776,clean
accounts,A00100,TA0698,clean
accounts,A00101,TA0787,clean
accounts,A00102,TA0548,clean
accounts,A00103,TA0419,clean
accounts,A00104,TA0105,clean
accounts,A00105,TA0327,clean
accounts,A00106,TA0703,clean
accounts,A00107,TA0541,clean
accounts,A00108,TA0315,clean
accounts,A00109,TA0362,clean
accounts,A00110,TA0610,variant
accounts,A00111,TA0598,clean
accounts,A00112,TA0449,clean
accounts,A00113,TA0687,clean
accounts,A00114,TA0455,clean
accounts,A00115,TA0396,clean
accounts,A00116,TA0709,variant
accounts,A00117,TA0033,clean
accounts,A00118,TA0147,clean
accounts,A00119,TA0019,clean
accounts,A00120,TA0416,clean
accounts,A00121,TA0529,clean
accounts,A00122,TA0581,clean
accounts,A00123,TA0135,clean
accounts,A00124,TA0482,variant
accounts,A00125,TA0588,clean
accounts,A00126,TA0328,clean
accounts,A00127,TA0037,clean
accounts,A00128,TA0058,clean
accounts,A00129,TA0255,clean
accounts,A00130,TA0702,clean
accounts,A00131,TA0616,clean
accounts,A00132,TA0398,clean
accounts,A00133,TA0431,clean
accounts,A00134,TA0285,variant
accounts,A00135,TA0517,clean
accounts,A00136,TA0110,clean
accounts,A00137,TA0538,clean
accounts,A00138,TA0437,variant
accounts,A00139,TA0551,clean
accounts,A00140,TA0020,clean
accounts,A00141,TA0302,variant
accounts,A00142,TA0428,clean
accounts,A00143,TA0481,clean
accounts,A00144,TA0610,clean
accounts,A00145,TA0672,clean
accounts,A00146,TA0403,clean
accounts,A00147,TA0422,clean
accounts,A00148,TA0382,clean
accounts,A00149,TA0190,clean
accounts,A00150,TA0257,clean
accounts,A00151,TA0771,variant
accounts,A00152,TA0367,clean
accounts,A00153,TA0377,clean
accounts,A00154,TA0099,clean
accounts,A00155,TA0790,clean
accounts,A00156,TA0589,clean
accounts,A00157,TA0475,variant
accounts,A00158,TA0665,clean
accounts,A00159,TA0096,clean
accounts,A00160,TA0447,clean
accounts,A00161,TA0171,clean
accounts,A00162,TA0183,clean
accounts,A00163,TA0124,clean
accounts,A00164,TA0097,clean
accounts,A00165,TA0645,clean
accounts,A00166,TA0077,clean
accounts,A00167,TA0095,clean
accounts,A00168,TA0091,clean
accounts,A00169,TA0406,variant
accounts,A00170,TA0342,clean
accounts,A00171,TA0386,variant
accounts,A00172,TA0482,clean
accounts,A00173,TA0456,clean
accounts,A00174,TA0637,variant
accounts,A00175,TA0195,clean
accounts,A00176,TA0247,clean
accounts,A00177,TA0520,clean
accounts,A00178,TA0356,clean
accounts,A00179,TA0681,variant
accounts,A00180,TA0236,clean
accounts,A00181,TA0697,clean
accounts,A00182,TA0309,clean
accounts,A00183,TA0424,clean
accounts,A00184,TA0221,clean
accounts,A00185,TA0368,clean
accounts,A00186,TA0090,clean
accounts,A00187,TA0463,clean
accounts,A00188,TA0210,clean
accounts,A00189,TA0639,clean
accounts,A00190,TA0613,clean
accounts,A00191,TA0524,clean
accounts,A00192,TA0392,clean
accounts,A00193,TA0172,clean
accounts,A00194,TA0539,variant
accounts,A00195,TA0740,clean
accounts,A00196,TA0331,clean
accounts,A00197,TA0487,clean
accounts,A00198,TA0770,clean
accounts,A00199,TA0053,clean
accounts,A00200,TA0762,clean
accounts,A00201,TA0390,variant
accounts,A00202,TA0350,variant
accounts,A00203,TA0671,clean
accounts,A00204,TA0268,clean
accounts,A00205,TA0710,clean
accounts,A00206,TA0058,variant
accounts,A00207,TA0760,clean
accounts,A00208,TA0342,variant
accounts,A00209,TA0022,clean
accounts,A00210,TA0276,clean
accounts,A00211,TA0796,clean
accounts,A00212,TA0433,clean
accounts,A00213,TA0221,variant
accounts,A00214,TA0568,clean
accounts,A00215,TA0650,clean
accounts,A00216,TA0376,clean
accounts,A00217,TA0201,clean
accounts,A00218,TA0397,clean
accounts,A00219,TA0704,clean
accounts,A00220,TA0408,clean
accounts,A00221,TA0439,clean
accounts,A00222,TA0296,variant
accounts,A00223,TA0371,clean
accounts,A00224,TA0354,clean
accounts,A00225,TA0216,clean
accounts,A00226,TA0510,clean
accounts,A00227,TA0658,clean
accounts,A00228,TA0064,clean
accounts,A00229,TA0608,clean
accounts,A00230,TA0279,clean
accounts,A00231,TA0050,clean
accounts,A00232,TA0691,clean
accounts,A00233,TA0777,clean
accounts,A00234,TA0074,clean
accounts,A00235,TA0181,clean
accounts,A00236,TA0532,clean
accounts,A00237,TA0346,clean
accounts,A00238,TA0499,clean
accounts,A00239,TA0718,clean
accounts,A00240,TA0586,variant
accounts,A00241,TA0642,variant
accounts,A00242,TA0054,clean
accounts,A00243,TA0082,clean
accounts,A00244,TA0392,variant
accounts,A00245,TA0680,clean
accounts,A00246,TA0516,clean
accounts,A00247,TA0149,clean
accounts,A00248,TA0425,variant
accounts,A00249,TA0394,variant
accounts,A00250,TA0366,variant
accounts,A00251,TA0445,clean
accounts,A00252,TA0062,variant
accounts,A00253,TA0218,variant
accounts,A00254,TA0130,clean
accounts,A00255,TA0570,clean
accounts,A00256,TA0302,clean
accounts,A00257,TA0559,clean
accounts,A00258,TA0226,variant
accounts,A00259,TA0101,variant
accounts,A00260,TA0516,variant
accounts,A00261,TA0385,clean
accounts,A00262,TA0297,clean
accounts,A00263,TA0298,clean
accounts,A00264,TA0472,clean
accounts,A00265,TA0614,clean
accounts,A00266,TA0557,clean
accounts,A00267,TA0056,variant
accounts,A00268,TA0464,clean
accounts,A00269,TA0716,clean
accounts,A00270,TA0587,variant
accounts,A00271,TA0522,clean
accounts,A00272,TA0728,clean
accounts,A00273,TA0786,variant
accounts,A00274,TA0158,clean
accounts,A00275,TA0654,clean
accounts,A00276,TA0738,variant
accounts,A00277,TA0305,clean
accounts,A00278,TA0002,clean
accounts,A00279,TA0243,clean
accounts,A00280,TA0046,clean
accounts,A00281,TA0322,clean
accounts,A00282,TA0330,clean
accounts,A00283,TA0643,clean
accounts,A00284,TA0086,clean
accounts,A00285,TA0111,clean
accounts,A00286,TA0214,clean
accounts,A00287,TA0448,clean
accounts,A00288,TA0136,clean
accounts,A00289,TA0139,variant
accounts,A00290,TA0296,clean
accounts,A00291,TA0021,variant
accounts,A00292,TA0413,clean
accounts,A00293,TA0300,clean
accounts,A00294,TA0380,clean
accounts,A00295,TA0384,clean
accounts,A00296,TA0736,clean
accounts,A00297,TA0122,clean
accounts,A00298,TA0304,clean
accounts,A00299,TA0391,clean
accounts,A00300,TA0700,variant
accounts,A00301,TA0657,clean
accounts,A00302,TA0312,clean
accounts,A00303,TA0638,clean
accounts,A00304,TA0498,clean
accounts,A00305,TA0729,clean
accounts,A00306,TA0660,clean
accounts,A00307,TA0483,clean
accounts,A00308,TA0652,clean
accounts,A00309,TA0728,variant
accounts,A00310,TA0331,variant
accounts,A00311,TA0417,clean
accounts,A00312,TA0708,variant
accounts,A00313,TA0612,clean
accounts,A00314,TA0723,clean
accounts,A00315,TA0724,clean
accounts,A00316,TA0370,clean
accounts,A00317,TA0059,clean
accounts,A00318,TA0025,clean
accounts,A00319,TA0712,clean
accounts,A00320,TA0525,clean
accounts,A00321,TA0690,variant
accounts,A00322,TA0277,clean
accounts,A00323,TA0343,clean
accounts,A00324,TA0528,clean
accounts,A00325,TA0485,clean
accounts,A00326,TA0431,variant
accounts,A00327,TA0706,clean
accounts,A00328,TA0758,clean
accounts,A00329,TA0194,clean
accounts,A00330,TA0289,clean
accounts,A00331,TA0624,clean
accounts,A00332,TA0593,clean
accounts,A00333,TA0008,clean
accounts,A00334,TA0072,clean
accounts,A00335,TA0621,clean
accounts,A00336,TA0044,clean
accounts,A00337,TA0399,clean
accounts,A00338,TA0036,clean
accounts,A00339,TA0232,clean
accounts,A00340,TA0628,clean
accounts,A00341,TA0586,clean
accounts,A00342,TA0771,clean
accounts,A00343,TA0088,variant
accounts,A00344,TA0164,clean
accounts,A00345,TA0516,variant
accounts,A00346,TA0038,clean
accounts,A00347,TA0471,clean
accounts,A00348,TA0717,clean
accounts,A00349,TA0512,clean
accounts,A00350,TA0505,variant
accounts,A00351,TA0083,clean
accounts,A00352,TA0283,clean
accounts,A00353,TA0480,clean
accounts,A00354,TA0065,clean
accounts,A00355,TA0474,clean
accounts,A00356,TA0633,variant
accounts,A00357,TA0637,clean
accounts,A00358,TA0738,clean
accounts,A00359,TA0656,variant
accounts,A00360,TA0473,clean
accounts,A00361,TA0759,clean
accounts,A00362,TA0169,clean
accounts,A00363,TA0527,variant
accounts,A00364,TA0295,clean
accounts,A00365,TA0089,variant
accounts,A00366,TA0739,clean
accounts,A00367,TA0143,variant
accounts,A00368,TA0437,clean
accounts,A00369,TA0252,clean
accounts,A00370,TA0683,variant
accounts,A00371,TA0773,variant
accounts,A00372,TA0224,clean
accounts,A00373,TA0347,clean
accounts,A00374,TA0246,clean
accounts,A00375,TA0476,clean
accounts,A00376,TA0027,clean
accounts,A00377,TA0775,clean
accounts,A00378,TA0314,variant
accounts,A00379,TA0162,clean
accounts,A00380,TA0560,variant
accounts,A00381,TA0386,variant
accounts,A00382,TA0235,clean
accounts,A00383,TA0635,clean
accounts,A00384,TA0629,clean
accounts,A00385,TA0213,clean
accounts,A00386,TA0491,clean
accounts,A00387,TA0154,clean
accounts,A00388,TA0552,clean
accounts,A00389,TA0748,clean
accounts,A00390,TA0127,clean
accounts,A00391,TA0446,clean
accounts,A00392,TA0384,variant
accounts,A00393,TA0103,clean
accounts,A00394,TA0597,variant
accounts,A00395,TA0794,clean
accounts,A00396,TA0555,clean
accounts,A00397,TA0222,clean
accounts,A00398,TA0126,variant
accounts,A00399,TA0719,clean
accounts,A00400,TA0242,clean
accounts,A00401,TA0152,clean
accounts,A00402,TA0163,variant
accounts,A00403,TA0521,clean
accounts,A00404,TA0338,clean
accounts,A00405,TA0379,clean
accounts,A00406,TA0493,clean
accounts,A00407,TA0469,clean
accounts,A00408,TA0363,clean
accounts,A00409,TA0583,clean
accounts,A00410,TA0267,clean
accounts,A00411,TA0369,clean
accounts,A00412,TA0501,clean
accounts,A00413,TA0325,clean
accounts,A00414,TA0374,clean
accounts,A00415,TA0465,variant
accounts,A00416,TA0131,clean
accounts,A00417,TA0438,clean
accounts,A00418,TA0295,variant
accounts,A00419,TA0411,variant
accounts,A00420,TA0405,clean
accounts,A00421,TA0223,clean
accounts,A00422,TA0644,clean
accounts,A00423,TA0436,clean
accounts,A00424,TA0079,clean
accounts,A00425,TA0047,clean
accounts,A00426,TA0208,clean
accounts,A00427,TA0199,clean
accounts,A00428,TA0329,clean
accounts,A00429,TA0388,clean
accounts,A00430,TA0173,variant
accounts,A00431,TA0640,clean
accounts,A00432,TA0486,variant
accounts,A00433,TA0238,clean
accounts,A00434,TA0592,clean
accounts,A00435,TA0666,clean
accounts,A00436,TA0486,clean
accounts,A00437,TA0383,variant
accounts,A00438,TA0798,clean
accounts,A00439,TA0364,clean
accounts,A00440,TA0566,clean
accounts,A00441,TA0001,clean
accounts,A00442,TA0411,clean
accounts,A00443,TA0226,clean
accounts,A00444,TA0625,clean
accounts,A00445,TA0352,variant
accounts,A00446,TA0192,clean
accounts,A00447,TA0085,clean
accounts,A00448,TA0230,variant
accounts,A00449,TA0220,clean
accounts,A00450,TA0234,clean
accounts,A00451,TA0599,clean
accounts,A00452,TA0063,clean
accounts,A00453,TA0100,clean
accounts,A00454,TA0737,variant
accounts,A00455,TA0692,clean
accounts,A00456,TA0742,clean
accounts,A00457,TA0326,clean
accounts,A00458,TA0335,clean
accounts,A00459,TA0352,clean
accounts,A00460,TA0502,clean
accounts,A00461,TA0744,clean
accounts,A00462,TA0015,clean
accounts,A00463,TA0452,variant
accounts,A00464,TA0509,clean
accounts,A00465,TA0280,clean
accounts,A00466,TA0101,variant
accounts,A00467,TA0668,clean
accounts,A00468,TA0274,variant
accounts,A00469,TA0602,clean
accounts,A00470,TA0547,clean
accounts,A00471,TA0795,clean
accounts,A00472,TA0540,clean
accounts,A00473,TA0720,clean
accounts,A00474,TA0067,clean
accounts,A00475,TA0678,clean
accounts,A00476,TA0115,clean
accounts,A00477,TA0442,clean
accounts,A00478,TA0488,clean
accounts,A00479,TA0709,clean
accounts,A00480,TA0292,clean
accounts,A00481,TA0536,clean
accounts,A00482,TA0365,variant
accounts,A00483,TA0129,clean
accounts,A00484,TA0767,clean
accounts,A00485,TA0538,variant
accounts,A00486,TA0070,clean
accounts,A00487,TA0139,clean
accounts,A00488,TA0138,clean
accounts,A00489,TA0622,clean
accounts,A00490,TA0104,clean
accounts,A00491,TA0477,clean
accounts,A00492,TA0394,clean
accounts,A00493,TA0106,clean
accounts,A00494,TA0535,clean
accounts,A00495,TA0150,clean
accounts,A00496,TA0466,clean
accounts,A00497,TA0682,clean
accounts,A00498,TA0587,clean
accounts,A00499,TA0057,variant
accounts,A00500,TA0605,clean
accounts,A00501,TA0069,clean
accounts,A00502,TA0294,clean
accounts,A00503,TA0554,clean
accounts,A00504,TA0549,clean
accounts,A00505,TA0626,clean
accounts,A00506,TA0052,clean
accounts,A00507,TA0048,clean
accounts,A00508,TA0166,variant
accounts,A00509,TA0754,clean
accounts,A00510,TA0575,clean
accounts,A00511,TA0316,clean
accounts,A00512,TA0254,clean
accounts,A00513,TA0708,clean
accounts,A00514,TA0278,clean
accounts,A00515,TA0553,variant
accounts,A00516,TA0253,clean
accounts,A00517,TA0769,clean
accounts,A00518,TA0662,clean
accounts,A00519,TA0166,clean
accounts,A00520,TA0011,variant
accounts,A00521,TA0269,clean
accounts,A00522,TA0023,variant
accounts,A00523,TA0156,clean
accounts,A00524,TA0056,clean
accounts,A00525,TA0460,clean
accounts,A00526,TA0174,clean
accounts,A00527,TA0600,clean
accounts,A00528,TA0713,clean
accounts,A00529,TA0623,clean
accounts,A00530,TA0263,variant
accounts,A00531,TA0178,clean
accounts,A00532,TA0733,variant
accounts,A00533,TA0782,clean
accounts,A00534,TA0173,clean
accounts,A00535,TA0116,clean
accounts,A00536,TA0125,clean
accounts,A00537,TA0561,clean
accounts,A00538,TA0231,clean
accounts,A00539,TA0506,variant
accounts,A00540,TA0204,clean
accounts,A00541,TA0137,variant
accounts,A00542,TA0313,clean
accounts,A00543,TA0620,clean
accounts,A00544,TA0489,clean
accounts,A00545,TA0667,clean
accounts,A00546,TA0207,clean
accounts,A00547,TA0435,clean
accounts,A00548,TA0539,clean
accounts,A00549,TA0434,clean
accounts,A00550,TA0699,clean
accounts,A00551,TA0797,clean
accounts,A00552,TA0151,clean
accounts,A00553,TA0415,clean
accounts,A00554,TA0664,variant
accounts,A00555,TA0457,variant
accounts,A00556,TA0126,clean
accounts,A00557,TA0230,clean
accounts,A00558,TA0684,clean
accounts,A00559,TA0533,clean
accounts,A00560,TA0465,clean
accounts,A00561,TA0390,clean
accounts,A00562,TA0108,variant
accounts,A00563,TA0752,variant
accounts,A00564,TA0098,clean
accounts,A00565,TA0249,clean
accounts,A00566,TA0180,clean
accounts,A00567,TA0390,variant
accounts,A00568,TA0134,clean
accounts,A00569,TA0468,clean
accounts,A00570,TA0772,variant
accounts,A00571,TA0336,variant
accounts,A00572,TA0229,clean
accounts,A00573,TA0577,clean
accounts,A00574,TA0563,clean
accounts,A00575,TA0323,clean
accounts,A00576,TA0084,variant
accounts,A00577,TA0791,variant
accounts,A00578,TA0789,clean
accounts,A00579,TA0774,variant
accounts,A00580,TA0306,clean
accounts,A00581,TA0260,clean
accounts,A00582,TA0058,variant
accounts,A00583,TA0689,clean
accounts,A00584,TA0045,clean
accounts,A00585,TA0355,clean
accounts,A00586,TA0584,clean
accounts,A00587,TA0546,clean
accounts,A00588,TA0550,clean
accounts,A00589,TA0560,clean
accounts,A00590,TA0707,clean
accounts,A00591,TA0185,clean
accounts,A00592,TA0429,clean
accounts,A00593,TA0119,clean
accounts,A00594,TA0270,clean
accounts,A00595,TA0732,clean
accounts,A00596,TA0513,clean
accounts,A00597,TA0679,variant
accounts,A00598,TA0500,clean
accounts,A00599,TA0454,variant
accounts,A00600,TA0272,clean
accounts,A00601,TA0115,variant
accounts,A00602,TA0741,clean
accounts,A00603,TA0228,clean
accounts,A00604,TA0487,variant
accounts,A00605,TA0564,variant
accounts,A00606,TA0251,clean
accounts,A00607,TA0117,clean
accounts,A00608,TA0317,clean
accounts,A00609,TA0153,clean
accounts,A00610,TA0618,clean
accounts,A00611,TA0337,clean
accounts,A00612,TA0060,variant
accounts,A00613,TA0752,clean
accounts,A00614,TA0219,clean
accounts,A00615,TA0080,clean
accounts,A00616,TA0353,clean
accounts,A00617,TA0383,clean
accounts,A00618,TA0211,clean
accounts,A00619,TA0367,variant
accounts,A00620,TA0171,variant
accounts,A00621,TA0317,variant
accounts,A00622,TA0075,clean
accounts,A00623,TA0366,clean
accounts,A00624,TA0680,variant
accounts,A00625,TA0026,clean
accounts,A00626,TA0677,clean
accounts,A00627,TA0007,clean
accounts,A00628,TA0304,variant
accounts,A00629,TA0225,clean
accounts,A00630,TA0609,variant
accounts,A00631,TA0066,clean
accounts,A00632,TA0479,clean
accounts,A00633,TA0202,clean
accounts,A00634,TA0010,clean
accounts,A00635,TA0603,clean
accounts,A00636,TA0701,clean
accounts,A00637,TA0089,variant
accounts,A00638,TA0275,clean
accounts,A00639,TA0737,clean
accounts,A00640,TA0731,clean
accounts,A00641,TA0576,clean
accounts,A00642,TA0299,clean
accounts,A00643,TA0788,clean
accounts,A00644,TA0349,variant
accounts,A00645,TA0574,clean
accounts,A00646,TA0220,variant
accounts,A00647,TA0571,clean
accounts,A00648,TA0087,clean
accounts,A00649,TA0617,clean
accounts,A00650,TA0241,clean
accounts,A00651,TA0332,clean
accounts,A00652,TA0149,variant
accounts,A00653,TA0544,clean
accounts,A00654,TA0681,clean
accounts,A00655,TA0607,clean
accounts,A00656,TA0288,clean
accounts,A00657,TA0696,clean
accounts,A00658,TA0121,clean
accounts,A00659,TA0120,clean
accounts,A00660,TA0144,clean
accounts,A00661,TA0108,clean
accounts,A00662,TA0772,clean
accounts,A00663,TA0074,variant
accounts,A00664,TA0402,variant
accounts,A00665,TA0630,clean
accounts,A00666,TA0390,variant
accounts,A00667,TA0004,clean
accounts,A00668,TA0308,clean
accounts,A00669,TA0452,clean
accounts,A00670,TA0450,clean
accounts,A00671,TA0683,clean
accounts,A00672,TA0341,clean
accounts,A00673,TA0266,clean
accounts,A00674,TA0672,variant
accounts,A00675,TA0579,clean
accounts,A00676,TA0269,variant
accounts,A00677,TA0781,clean
accounts,A00678,TA0508,clean
accounts,A00679,TA0668,variant
accounts,A00680,TA0094,clean
accounts,A00681,TA0597,clean
accounts,A00682,TA0609,clean
accounts,A00683,TA0569,variant
accounts,A00684,TA0217,clean
accounts,A00685,TA0177,clean
accounts,A00686,TA0755,clean
accounts,A00687,TA0087,variant
accounts,A00688,TA0757,clean
accounts,A00689,TA0432,clean
accounts,A00690,TA0498,variant
accounts,A00691,TA0140,clean
accounts,A00692,TA0021,clean
accounts,A00693,TA0746,clean
accounts,A00694,TA0182,clean
accounts,A00695,TA0641,clean
accounts,A00696,TA0205,variant
accounts,A00697,TA0778,clean
accounts,A00698,TA0188,variant
accounts,A00699,TA0434,variant
accounts,A00700,TA0492,clean
accounts,A00701,TA0373,clean
accounts,A00702,TA0504,variant
accounts,A00703,TA0163,clean
accounts,A00704,TA0567,clean
accounts,A00705,TA0057,clean
accounts,A00706,TA0462,clean
accounts,A00707,TA0556,clean
accounts,A00708,TA0141,clean
accounts,A00709,TA0596,clean
accounts,A00710,TA0132,clean
accounts,A00711,TA0071,clean
accounts,A00712,TA0500,variant
accounts,A00713,TA0260,variant
accounts,A00714,TA0014,clean
accounts,A00715,TA0505,clean
accounts,A00716,TA0418,clean
accounts,A00717,TA0218,clean
accounts,A00718,TA0783,clean
accounts,A00719,TA0745,clean
accounts,A00720,TA0651,clean
accounts,A00721,TA0751,clean
accounts,A00722,TA0340,clean
accounts,A00723,TA0188,clean
accounts,A00724,TA0562,clean
accounts,A00725,TA0787,variant
accounts,A00726,TA0051,clean
accounts,A00727,TA0032,clean
accounts,A00728,TA0656,clean
accounts,A00729,TA0102,clean
accounts,A00730,TA0503,clean
accounts,A00731,TA0029,variant
accounts,A00732,TA0458,variant
accounts,A00733,TA0705,clean
accounts,A00734,TA0402,clean
accounts,A00735,TA0032,variant
accounts,A00736,TA0030,clean
accounts,A00737,TA0475,clean
accounts,A00738,TA0314,clean
accounts,A00739,TA0349,clean
accounts,A00740,TA0735,clean
accounts,A00741,TA0236,variant
accounts,A00742,TA0537,clean
accounts,A00743,TA0793,clean
accounts,A00744,TA0573,clean
accounts,A00745,TA0324,clean
accounts,A00746,TA0478,variant
accounts,A00747,TA0262,clean
accounts,A00748,TA0233,clean
accounts,A00749,TA0088,clean
accounts,A00750,TA0259,clean
accounts,A00751,TA0191,clean
accounts,A00752,TA0611,clean
accounts,A00753,TA0543,clean
accounts,A00754,TA0582,clean
accounts,A00755,TA0545,clean
accounts,A00756,TA0048,variant
accounts,A00757,TA0372,clean
accounts,A00758,TA0619,clean
accounts,A00759,TA0773,variant
accounts,A00760,TA0297,variant
accounts,A00761,TA0621,variant
accounts,A00762,TA0753,clean
accounts,A00763,TA0676,clean
accounts,A00764,TA0360,clean
accounts,A00765,TA0285,clean
accounts,A00766,TA0258,clean
accounts,A00767,TA0167,clean
accounts,A00768,TA0273,clean
accounts,A00769,TA0572,clean
accounts,A00770,TA0765,clean
accounts,A00771,TA0137,clean
accounts,A00772,TA0176,clean
accounts,A00773,TA0049,clean
accounts,A00774,TA0290,clean
accounts,A00775,TA0244,clean
accounts,A00776,TA0735,variant
accounts,A00777,TA0436,variant
accounts,A00778,TA0664,clean
accounts,A00779,TA0073,clean
accounts,A00780,TA0189,clean
accounts,A00781,TA0357,clean
accounts,A00782,TA0005,clean
accounts,A00783,TA0213,variant
accounts,A00784,TA0028,clean
accounts,A00785,TA0205,clean
accounts,A00786,TA0711,clean
accounts,A00787,TA0389,clean
accounts,A00788,TA0454,clean
accounts,A00789,TA0624,variant
accounts,A00790,TA0527,clean
accounts,A00791,TA0622,variant
accounts,A00792,TA0674,clean
accounts,A00793,TA0761,clean
accounts,A00794,TA0287,clean
accounts,A00795,TA0078,variant
accounts,A00796,TA0578,clean
accounts,A00797,TA0240,clean
accounts,A00798,TA0029,clean
accounts,A00799,TA0791,clean
accounts,A00800,TA0685,clean
accounts,A00801,TA0075,variant
accounts,A00802,TA0062,variant
accounts,A00803,TA0263,clean
accounts,A00804,TA0693,clean
accounts,A00805,TA0024,variant
accounts,A00806,TA0068,clean
accounts,A00807,TA0440,clean
accounts,A00808,TA0774,clean
accounts,A00809,TA0239,clean
accounts,A00810,TA0398,variant
accounts,A00811,TA0595,clean
accounts,A00812,TA0513,variant
accounts,A00813,TA0265,variant
accounts,A00814,TA0344,clean
accounts,A00815,TA0780,clean
accounts,A00816,TA0348,clean
accounts,A00817,TA0714,clean
accounts,A00818,TA0200,clean
accounts,A00819,TA0409,clean
accounts,A00820,TA0684,variant
accounts,A00821,TA0490,clean
accounts,A00822,TA0186,clean
accounts,A00823,TA0730,clean
accounts,A00824,TA0245,clean
accounts,A00825,TA0062,clean
accounts,A00826,TA0310,clean
accounts,A00827,TA0375,clean
accounts,A00828,TA0043,clean
accounts,A00829,TA0361,clean
accounts,A00830,TA0265,clean
accounts,A00831,TA0336,clean
accounts,A00832,TA0530,clean
accounts,A00833,TA0366,variant
accounts,A00834,TA0196,clean
accounts,A00835,TA0191,variant
accounts,A00836,TA0627,variant
accounts,A00837,TA0109,variant
accounts,A00838,TA0612,variant
accounts,A00839,TA0715,clean
accounts,A00840,TA0107,clean
accounts,A00841,TA0334,clean
accounts,A00842,TA0655,clean
accounts,A00843,TA0679,clean
accounts,A00844,TA0601,variant
accounts,A00845,TA0307,clean
accounts,A00846,TA0146,clean
accounts,A00847,TA0558,clean
accounts,A00848,TA0217,variant
accounts,A00849,TA0393,clean
accounts,A00850,TA0165,clean
accounts,A00851,TA0248,clean
accounts,A00852,TA0350,clean
accounts,A00853,TA0590,clean
accounts,A00854,TA0514,clean
accounts,A00855,TA0400,clean
accounts,A00856,TA0494,clean
accounts,A00857,TA0293,clean
accounts,A00858,TA0604,variant
accounts,A00859,TA0198,clean
accounts,A00860,TA0475,variant
accounts,A00861,TA0122,variant
accounts,A00862,TA0209,clean
accounts,A00863,TA0359,variant
accounts,A00864,TA0184,clean
accounts,A00865,TA0113,variant
accounts,A00866,TA0615,clean
accounts,A00867,TA0013,clean
accounts,A00868,TA0733,clean
accounts,A00869,TA0523,clean
accounts,A00870,TA0178,variant
accounts,A00871,TA0580,clean
accounts,A00872,TA0155,clean
accounts,A00873,TA0743,clean
accounts,A00874,TA0531,clean
accounts,A00875,TA0707,variant
accounts,A00876,TA0323,variant
accounts,A00877,TA0012,clean
accounts,A00878,TA0430,clean
accounts,A00879,TA0281,clean
accounts,A00880,TA0747,clean
accounts,A00881,TA0591,clean
accounts,A00882,TA0227,clean
accounts,A00883,TA0039,clean
accounts,A00884,TA0777,variant
accounts,A00885,TA0387,clean
accounts,A00886,TA0118,clean
accounts,A00887,TA0426,clean
accounts,A00888,TA0569,clean
accounts,A00889,TA0023,clean
accounts,A00890,TA0606,clean
accounts,A00891,TA0423,clean
accounts,A00892,TA0143,clean
accounts,A00893,TA0441,clean
accounts,A00894,TA0425,clean
accounts,A00895,TA0601,clean
accounts,A00896,TA0197,clean
accounts,A00897,TA0365,clean
accounts,A00898,TA0421,clean
accounts,A00899,TA0123,clean
accounts,A00900,TA0032,variant
accounts,A00901,TA0256,clean
accounts,A00902,TA0270,variant
accounts,A00903,TA0763,clean
accounts,A00904,TA0453,clean
accounts,A00905,TA0212,clean
accounts,A00906,TA0659,clean
accounts,A00907,TA0206,clean
accounts,A00908,TA0084,clean
accounts,A00909,TA0133,clean
accounts,A00910,TA0359,variant
accounts,A00911,TA0773,clean
accounts,A00912,TA0381,clean
accounts,A00913,TA0227,variant
accounts,A00914,TA0237,clean
accounts,A00915,TA0451,clean
accounts,A00916,TA0215,clean
accounts,A00917,TA0042,clean
accounts,A00918,TA0395,clean
accounts,A00919,TA0483,variant
accounts,A00920,TA0564,clean
accounts,A00921,TA0734,clean
accounts,A00922,TA0092,clean
accounts,A00923,TA0024,clean
accounts,A00924,TA0040,clean
accounts,A00925,TA0112,clean
accounts,A00926,TA0649,clean
accounts,A00927,TA0273,variant
accounts,A00928,TA0764,clean
accounts,A00929,TA0035,clean
accounts,A00930,TA0664,variant
accounts,A00931,TA0589,variant
accounts,A00932,TA0627,clean
accounts,A00933,TA0319,clean
accounts,A00934,TA0430,variant
accounts,A00935,TA0018,clean
accounts,A00936,TA0721,clean
accounts,A00937,TA0031,clean
accounts,A00938,TA0105,variant
accounts,A00939,TA0633,clean
accounts,A00940,TA0061,clean
accounts,A00941,TA0168,clean
accounts,A00942,TA0632,clean
accounts,A00943,TA0128,clean
accounts,A00944,TA0648,clean
accounts,A00945,TA0669,clean
accounts,A00946,TA0786,clean
accounts,A00947,TA0410,clean
accounts,A00948,TA0779,clean
accounts,A00949,TA0282,clean
accounts,A00950,TA0518,clean
accounts,A00951,TA0506,clean
accounts,A00952,TA0553,clean
accounts,A00953,TA0113,clean
accounts,A00954,TA0542,clean
accounts,A00955,TA0673,clean
accounts,A00956,TA0000,clean
accounts,A00957,TA0175,clean
accounts,A00958,TA0276,variant
accounts,A00959,TA0339,clean
accounts,A00960,TA0722,clean
accounts,A00961,TA0792,clean
accounts,A00962,TA0415,variant
accounts,A00963,TA0519,clean
accounts,A00964,TA0594,clean
accounts,A00965,TA0727,clean
accounts,A00966,TA0686,clean
accounts,A00967,TA0271,clean
accounts,A00968,TA0203,clean
accounts,A00969,TA0145,clean
accounts,A00970,TA0749,clean
accounts,A00971,TA0128,variant
accounts,A00972,TA0507,clean
accounts,A00973,TA0756,clean
accounts,A00974,TA0114,clean
accounts,A00975,TA0193,clean
accounts,A00976,TA0385,variant
accounts,A00977,TA0029,variant
accounts,A00978,TA0653,clean
accounts,A00979,TA0157,clean
accounts,A00980,TA0784,clean
accounts,A00981,TA0401,clean
accounts,A00982,TA0634,clean
accounts,A00983,TA0165,variant
accounts,A00984,TA0565,clean
accounts,A00985,TA0286,clean
accounts,A00986,TA0696,variant
accounts,A00987,TA0129,variant
accounts,A00988,TA0461,clean
accounts,A00989,TA0060,clean
accounts,A00990,TA0055,clean
accounts,A00991,TA0093,clean
accounts,A00992,TA0333,clean
accounts,A00993,TA0250,variant
accounts,A00994,TA0750,clean
accounts,A00995,TA0661,clean
accounts,A00996,TA0670,clean
accounts,A00997,TA0534,clean
accounts,A00998,TA0495,clean
accounts,A00999,TA0766,clean
accounts,A01000,TA0187,clean
contacts,C00001,TC1474,clean
contacts,C00002,TC1124,clean
contacts,C00003,TC2027,clean
contacts,C00004,TC0208,variant
contacts,C00005,TC2322,junior
contacts,C00006,TC2209,clean
contacts,C00007,TC1204,variant
contacts,C00008,TC1582,clean
contacts,C00009,TC1022,clean
contacts,C00010,TC1273,clean
contacts,C00011,TC1991,variant
contacts,C00012,TC2017,clean
contacts,C00013,TC1403,clean
contacts,C00014,TC0568,variant
contacts,C00015,TC0580,clean
contacts,C00016,TC1850,variant
contacts,C00017,TC1353,variant
contacts,C00018,TC2330,variant
contacts,C00019,TC0690,clean
contacts,C00020,TC2065,clean
contacts,C00021,TC1805,variant
contacts,C00022,TC1774,clean
contacts,C00023,TC0110,clean
contacts,C00024,TC0421,clean
contacts,C00025,TC0192,variant
contacts,C00026,TC0666,clean
contacts,C00027,TC2285,clean
contacts,C00028,TC0642,clean
contacts,C00029,TC1798,clean
contacts,C00030,TC0768,clean
contacts,C00031,TC1839,clean
contacts,C00032,TC1085,clean
contacts,C00033,TC0035,clean
contacts,C00034,TC0148,clean
contacts,C00035,TC0256,clean
contacts,C00036,TC1971,clean
contacts,C00037,TC1210,variant
contacts,C00038,TC0192,clean
contacts,C00039,TC2346,namesake
contacts,C00040,TC0732,variant
contacts,C00041,TC1506,clean
contacts,C00042,TC1848,clean
contacts,C00043,TC1467,clean
contacts,C00044,TC1562,clean
contacts,C00045,TC1624,clean
contacts,C00046,TC0694,clean
contacts,C00047,TC0072,clean
contacts,C00048,TC1852,clean
contacts,C00049,TC0428,clean
contacts,C00050,TC1729,clean
contacts,C00051,TC1134,variant
contacts,C00052,TC1019,clean
contacts,C00053,TC1721,clean
contacts,C00054,TC0150,clean
contacts,C00055,TC0513,variant
contacts,C00056,TC1031,variant
contacts,C00057,TC2093,clean
contacts,C00058,TC0793,clean
contacts,C00059,TC0990,clean
contacts,C00060,TC0193,clean
contacts,C00061,TC0699,clean
contacts,C00062,TC1741,variant
contacts,C00063,TC0272,clean
contacts,C00064,TC1277,clean
contacts,C00065,TC0991,clean
contacts,C00066,TC1382,clean
contacts,C00067,TC0345,clean
contacts,C00068,TC0301,clean
contacts,C00069,TC2124,clean
contacts,C00070,TC1653,clean
contacts,C00071,TC0628,variant
contacts,C00072,TC0961,clean
contacts,C00073,TC1657,clean
contacts,C00074,TC0833,clean
contacts,C00075,TC2070,clean
contacts,C00076,TC0513,clean
contacts,C00077,TC1293,clean
contacts,C00078,TC0178,clean
contacts,C00079,TC2156,variant
contacts,C00080,TC0258,clean
contacts,C00081,TC1617,clean
contacts,C00082,TC1792,clean
contacts,C00083,TC1203,clean
contacts,C00084,TC2185,clean
contacts,C00085,TC0914,clean
contacts,C00086,TC0717,clean
contacts,C00087,TC0075,clean
contacts,C00088,TC2357,twin
contacts,C00089,TC2013,clean
contacts,C00090,TC0811,variant
contacts,C00091,TC2137,variant
contacts,C00092,TC2034,variant
contacts,C00093,TC0667,clean
contacts,C00094,TC1314,clean
contacts,C00095,TC0849,variant
contacts,C00096,TC1885,clean
contacts,C00097,TC0023,clean
contacts,C00098,TC0824,variant
contacts,C00099,TC2046,clean
contacts,C00100,TC1193,variant
contacts,C00101,TC2230,clean
contacts,C00102,TC1110,clean
contacts,C00103,TC1968,clean
contacts,C00104,TC1775,clean
contacts,C00105,TC2164,variant
contacts,C00106,TC0387,clean
contacts,C00107,TC0596,clean
contacts,C00108,TC1171,variant
contacts,C00109,TC1992,clean
contacts,C00110,TC0646,clean
contacts,C00111,TC1214,variant
contacts,C00112,TC0450,clean
contacts,C00113,TC1575,clean
contacts,C00114,TC2364,twin
contacts,C00115,TC0312,clean
contacts,C00116,TC1234,variant
contacts,C00117,TC1722,clean
contacts,C00118,TC1037,clean
contacts,C00119,TC0798,variant
contacts,C00120,TC1458,clean
contacts,C00121,TC0338,clean
contacts,C00122,TC0728,clean
contacts,C00123,TC0696,variant
contacts,C00124,TC2397,variant
contacts,C00125,TC0750,clean
contacts,C00126,TC0581,clean
contacts,C00127,TC0869,clean
contacts,C00128,TC1066,clean
contacts,C00129,TC1757,clean
contacts,C00130,TC0232,clean
contacts,C00131,TC1966,clean
contacts,C00132,TC1988,clean
contacts,C00133,TC0885,clean
contacts,C00134,TC1650,clean
contacts,C00135,TC0510,clean
contacts,C00136,TC1777,clean
contacts,C00137,TC0909,clean
contacts,C00138,TC0656,clean
contacts,C00139,TC1779,clean
contacts,C00140,TC0912,clean
contacts,C00141,TC0700,clean
contacts,C00142,TC0916,clean
contacts,C00143,TC0502,clean
contacts,C00144,TC0638,clean
contacts,C00145,TC2045,clean
contacts,C00146,TC0343,clean
contacts,C00147,TC2399,junior
contacts,C00148,TC1796,clean
contacts,C00149,TC2379,junior
contacts,C00150,TC0045,clean
contacts,C00151,TC2111,clean
contacts,C00152,TC0310,variant
contacts,C00153,TC1279,clean
contacts,C00154,TC1178,clean
contacts,C00155,TC1166,clean
contacts,C00156,TC1679,clean
contacts,C00157,TC1509,variant
contacts,C00158,TC1645,clean
contacts,C00159,TC0105,clean
contacts,C00160,TC1593,clean
contacts,C00161,TC1668,clean
contacts,C00162,TC0333,clean
contacts,C00163,TC2112,clean
contacts,C00164,TC1079,clean
contacts,C00165,TC2270,clean
contacts,C00166,TC1206,clean
contacts,C00167,TC0179,clean
contacts,C00168,TC1677,clean
contacts,C00169,TC2146,clean
contacts,C00170,TC1354,clean
contacts,C00171,TC2374,twin
contacts,C00172,TC2193,variant
contacts,C00173,TC1485,clean
contacts,C00174,TC2314,junior
contacts,C00175,TC1560,clean
contacts,C00176,TC1836,clean
contacts,C00177,TC1032,variant
contacts,C00178,TC1523,clean
contacts,C00179,TC0287,variant
contacts,C00180,TC2371,twin
contacts,C00181,TC1714,clean
contacts,C00182,TC0302,clean
contacts,C00183,TC1027,clean
contacts,C00184,TC0116,clean
contacts,C00185,TC0908,clean
contacts,C00186,TC0704,clean
contacts,C00187,TC2106,clean
contacts,C00188,TC2072,clean
contacts,C00189,TC1843,clean
contacts,C00190,TC1985,clean
contacts,C00191,TC0847,variant
contacts,C00192,TC1239,variant
contacts,C00193,TC1534,clean
contacts,C00194,TC1813,clean
contacts,C00195,TC0061,clean
contacts,C00196,TC0437,variant
contacts,C00197,TC0095,clean
contacts,C00198,TC1699,clean
contacts,C00199,TC0434,clean
contacts,C00200,TC1875,clean
contacts,C00201,TC0408,clean
contacts,C00202,TC0128,clean
contacts,C00203,TC2103,clean
contacts,C00204,TC1270,clean
contacts,C00205,TC1974,clean
contacts,C00206,TC1095,clean
contacts,C00207,TC1944,clean
contacts,C00208,TC1080,clean
contacts,C00209,TC0229,variant
contacts,C00210,TC1814,clean
contacts,C00211,TC0807,clean
contacts,C00212,TC2042,variant
contacts,C00213,TC1647,variant
contacts,C00214,TC1450,clean
contacts,C00215,TC2113,clean
contacts,C00216,TC0345,variant
contacts,C00217,TC1665,clean
contacts,C00218,TC0221,clean
contacts,C00219,TC0357,clean
contacts,C00220,TC1592,clean
contacts,C00221,TC0612,clean
contacts,C00222,TC0035,variant
contacts,C00223,TC0368,clean
contacts,C00224,TC0891,clean
contacts,C00225,TC0151,variant
contacts,C00226,TC1045,variant
contacts,C00227,TC1614,clean
contacts,C00228,TC1207,clean
contacts,C00229,TC1785,clean
contacts,C00230,TC0683,clean
contacts,C00231,TC1691,clean
contacts,C00232,TC1246,clean
contacts,C00233,TC2067,clean
contacts,C00234,TC2397,junior
contacts,C00235,TC1119,clean
contacts,C00236,TC1649,clean
contacts,C00237,TC0113,clean
contacts,C00238,TC0032,clean
contacts,C00239,TC1076,clean
contacts,C00240,TC1423,clean
contacts,C00241,TC1929,clean
contacts,C00242,TC0902,clean
contacts,C00243,TC0852,clean
contacts,C00244,TC1215,clean
contacts,C00245,TC0572,clean
contacts,C00246,TC1396,clean
contacts,C00247,TC2161,clean
contacts,C00248,TC0769,clean
contacts,C00249,TC0851,variant
contacts,C00250,TC1032,clean
contacts,C00251,TC2398,namesake
contacts,C00252,TC1221,clean
contacts,C00253,TC0067,clean
contacts,C00254,TC1713,clean
contacts,C00255,TC0822,clean
contacts,C00256,TC0898,variant
contacts,C00257,TC1181,clean
contacts,C00258,TC2053,clean
contacts,C00259,TC1863,variant
contacts,C00260,TC0102,variant
contacts,C00261,TC0105,variant
contacts,C00262,TC0277,variant
contacts,C00263,TC0261,clean
contacts,C00264,TC1355,clean
contacts,C00265,TC1910,clean
contacts,C00266,TC1766,clean
contacts,C00267,TC1065,clean
contacts,C00268,TC0875,variant
contacts,C00269,TC0734,clean
contacts,C00270,TC1301,clean
contacts,C00271,TC0323,clean
contacts,C00272,TC2384,namesake
contacts,C00273,TC0583,variant
contacts,C00274,TC1948,clean
contacts,C00275,TC0175,clean
contacts,C00276,TC0649,variant
contacts,C00277,TC0093,clean
contacts,C00278,TC0893,clean
contacts,C00279,TC0423,variant
contacts,C00280,TC0917,clean
contacts,C00281,TC1486,clean
contacts,C00282,TC2214,clean
contacts,C00283,TC0048,clean
contacts,C00284,TC2204,clean
contacts,C00285,TC0819,clean
contacts,C00286,TC2377,twin
contacts,C00287,TC0851,clean
contacts,C00288,TC0541,clean
contacts,C00289,TC1254,clean
contacts,C00290,TC1609,clean
contacts,C00291,TC1370,clean
contacts,C00292,TC1751,clean
contacts,C00293,TC1570,clean
contacts,C00294,TC0151,clean
contacts,C00295,TC1692,clean
contacts,C00296,TC2040,clean
contacts,C00297,TC2262,variant
contacts,C00298,TC1929,variant
contacts,C00299,TC0202,clean
contacts,C00300,TC1501,clean
contacts,C00301,TC1737,clean
contacts,C00302,TC0397,clean
contacts,C00303,TC1800,clean
contacts,C00304,TC0078,variant
contacts,C00305,TC0604,clean
contacts,C00306,TC0570,clean
contacts,C00307,TC1335,clean
contacts,C00308,TC1045,clean
contacts,C00309,TC1718,clean
contacts,C00310,TC1386,variant
contacts,C00311,TC0741,clean
contacts,C00312,TC0155,variant
contacts,C00313,TC0287,clean
contacts,C00314,TC0324,clean
contacts,C00315,TC1622,clean
contacts,C00316,TC0155,clean
contacts,C00317,TC1682,clean
contacts,C00318,TC0675,clean
contacts,C00319,TC0219,clean
contacts,C00320,TC2020,clean
contacts,C00321,TC1708,clean
contacts,C00322,TC0565,clean
contacts,C00323,TC2282,clean
contacts,C00324,TC0988,clean
contacts,C00325,TC0508,clean
contacts,C00326,TC0754,clean
contacts,C00327,TC0720,clean
contacts,C00328,TC0350,clean
contacts,C00329,TC0162,clean
contacts,C00330,TC2105,clean
contacts,C00331,TC2262,clean
contacts,C00332,TC0879,clean
contacts,C00333,TC1783,clean
contacts,C00334,TC0054,clean
contacts,C00335,TC2033,variant
contacts,C00336,TC2261,clean
contacts,C00337,TC0915,variant
contacts,C00338,TC1436,clean
contacts,C00339,TC1070,clean
contacts,C00340,TC0076,clean
contacts,C00341,TC2296,clean
contacts,C00342,TC1866,clean
contacts,C00343,TC2259,clean
contacts,C00344,TC1950,clean
contacts,C00345,TC2073,variant
contacts,C00346,TC0145,variant
contacts,C00347,TC0521,clean
contacts,C00348,TC0208,clean
contacts,C00349,TC1605,clean
contacts,C00350,TC0099,clean
contacts,C00351,TC0265,variant
contacts,C00352,TC1900,clean
contacts,C00353,TC0719,clean
contacts,C00354,TC1553,clean
contacts,C00355,TC1878,clean
contacts,C00356,TC2079,clean
contacts,C00357,TC1041,clean
contacts,C00358,TC0740,clean
contacts,C00359,TC2148,clean
contacts,C00360,TC0989,variant
contacts,C00361,TC1034,clean
contacts,C00362,TC0308,clean
contacts,C00363,TC0013,clean
contacts,C00364,TC1337,clean
contacts,C00365,TC1384,clean
contacts,C00366,TC1499,clean
contacts,C00367,TC1706,clean
contacts,C00368,TC1038,clean
contacts,C00369,TC0334,clean
contacts,C00370,TC2228,clean
contacts,C00371,TC1010,variant
contacts,C00372,TC0291,clean
contacts,C00373,TC1632,clean
contacts,C00374,TC0094,clean
contacts,C00375,TC0518,clean
contacts,C00376,TC2090,clean
contacts,C00377,TC0507,clean
contacts,C00378,TC1443,clean
contacts,C00379,TC2240,variant
contacts,C00380,TC1253,variant
contacts,C00381,TC2097,variant
contacts,C00382,TC0383,clean
contacts,C00383,TC0270,clean
contacts,C00384,TC1030,clean
contacts,C00385,TC1445,variant
contacts,C00386,TC0880,clean
contacts,C00387,TC2191,clean
contacts,C00388,TC0903,clean
contacts,C00389,TC1120,clean
contacts,C00390,TC1759,clean
contacts,C00391,TC1412,clean
contacts,C00392,TC1010,clean
contacts,C00393,TC2174,variant
contacts,C00394,TC1056,variant
contacts,C00395,TC0702,clean
contacts,C00396,TC0876,clean
contacts,C00397,TC1020,variant
contacts,C00398,TC0707,clean
contacts,C00399,TC0147,clean
contacts,C00400,TC2291,variant
contacts,C00401,TC2125,clean
contacts,C00402,TC0947,clean
contacts,C00403,TC1671,clean
contacts,C00404,TC0559,clean
contacts,C00405,TC1858,clean
contacts,C00406,TC1808,clean
contacts,C00407,TC1002,clean
contacts,C00408,TC0169,clean
contacts,C00409,TC0672,clean
contacts,C00410,TC0844,clean
contacts,C00411,TC0514,clean
contacts,C00412,TC0440,clean
contacts,C00413,TC2140,clean
contacts,C00414,TC2223,clean
contacts,C00415,TC2168,clean
contacts,C00416,TC2077,variant
contacts,C00417,TC0413,clean
contacts,C00418,TC0304,clean
contacts,C00419,TC1363,clean
contacts,C00420,TC0361,clean
contacts,C00421,TC2096,clean
contacts,C00422,TC1276,clean
contacts,C00423,TC0614,clean
contacts,C00424,TC1931,clean
contacts,C00425,TC1548,clean
contacts,C00426,TC2271,clean
contacts,C00427,TC0865,clean
contacts,C00428,TC0888,clean
contacts,C00429,TC0277,variant
contacts,C00430,TC1573,variant
contacts,C00431,TC1387,clean
contacts,C00432,TC2147,clean
contacts,C00433,TC0935,clean
contacts,C00434,TC2312,junior
contacts,C00435,TC0183,clean
contacts,C00436,TC0945,clean
contacts,C00437,TC0102,clean
contacts,C00438,TC0170,clean
contacts,C00439,TC1942,clean
contacts,C00440,TC1539,clean
contacts,C00441,TC0560,clean
contacts,C00442,TC2254,clean
contacts,C00443,TC1949,clean
contacts,C00444,TC2359,twin
contacts,C00445,TC2143,clean
contacts,C00446,TC1925,clean
contacts,C00447,TC2290,clean
contacts,C00448,TC2219,variant
contacts,C00449,TC2399,variant
contacts,C00450,TC0321,variant
contacts,C00451,TC1491,clean
contacts,C00452,TC0493,clean
contacts,C00453,TC0628,clean
contacts,C00454,TC1912,clean
contacts,C00455,TC1557,clean
contacts,C00456,TC0849,variant
contacts,C00457,TC1985,variant
contacts,C00458,TC0956,clean
contacts,C00459,TC2068,variant
contacts,C00460,TC0108,clean
contacts,C00461,TC1103,clean
contacts,C00462,TC0043,variant
contacts,C00463,TC1911,clean
contacts,C00464,TC0732,clean
contacts,C00465,TC1542,clean
contacts,C00466,TC1899,clean
contacts,C00467,TC2394,variant
contacts,C00468,TC1020,variant
contacts,C00469,TC0526,clean
contacts,C00470,TC1808,variant
contacts,C00471,TC2082,clean
contacts,C00472,TC0353,clean
contacts,C00473,TC2033,clean
contacts,C00474,TC0688,clean
contacts,C00475,TC1107,clean
contacts,C00476,TC0240,variant
contacts,C00477,TC0205,clean
contacts,C00478,TC0396,variant
contacts,C00479,TC0998,clean
contacts,C00480,TC1633,variant
contacts,C00481,TC1681,clean
contacts,C00482,TC0515,clean
contacts,C00483,TC1835,clean
contacts,C00484,TC2242,clean
contacts,C00485,TC0674,clean
contacts,C00486,TC2043,clean
contacts,C00487,TC2365,namesake
contacts,C00488,TC2288,variant
contacts,C00489,TC0941,clean
contacts,C00490,TC0098,clean
contacts,C00491,TC0063,clean
contacts,C00492,TC1236,clean
contacts,C00493,TC0471,clean
contacts,C00494,TC1394,clean
contacts,C00495,TC0995,clean
contacts,C00496,TC1414,clean
contacts,C00497,TC2367,variant
contacts,C00498,TC1309,variant
contacts,C00499,TC2199,clean
contacts,C00500,TC0342,clean
contacts,C00501,TC1577,clean
contacts,C00502,TC0810,clean
contacts,C00503,TC1425,clean
contacts,C00504,TC1971,variant
contacts,C00505,TC2141,clean
contacts,C00506,TC0853,clean
contacts,C00507,TC1008,clean
contacts,C00508,TC0657,clean
contacts,C00509,TC0010,variant
contacts,C00510,TC0100,clean
contacts,C00511,TC0730,clean
contacts,C00512,TC0402,clean
contacts,C00513,TC1508,clean
contacts,C00514,TC1535,clean
contacts,C00515,TC0832,clean
contacts,C00516,TC2240,variant
contacts,C00517,TC1627,clean
contacts,C00518,TC1725,clean
contacts,C00519,TC1965,clean
contacts,C00520,TC0256,variant
contacts,C00521,TC1208,clean
contacts,C00522,TC0321,clean
contacts,C00523,TC0942,variant
contacts,C00524,TC1638,clean
contacts,C00525,TC1075,clean
contacts,C00526,TC1250,clean
contacts,C00527,TC1775,variant
contacts,C00528,TC1533,variant
contacts,C00529,TC2213,clean
contacts,C00530,TC0255,clean
contacts,C00531,TC1626,clean
contacts,C00532,TC2342,twin
contacts,C00533,TC0776,clean
contacts,C00534,TC2381,junior
contacts,C00535,TC0247,clean
contacts,C00536,TC1534,variant
contacts,C00537,TC2269,clean
contacts,C00538,TC1844,variant
contacts,C00539,TC0295,variant
contacts,C00540,TC1727,variant
contacts,C00541,TC1678,clean
contacts,C00542,TC0384,clean
contacts,C00543,TC1818,clean
contacts,C00544,TC0424,clean
contacts,C00545,TC2037,clean
contacts,C00546,TC0078,clean
contacts,C00547,TC1892,clean
contacts,C00548,TC1217,variant
contacts,C00549,TC0344,clean
contacts,C00550,TC0729,variant
contacts,C00551,TC1211,clean
contacts,C00552,TC0652,clean
contacts,C00553,TC1728,clean
contacts,C00554,TC0772,clean
contacts,C00555,TC2055,clean
contacts,C00556,TC1983,clean
contacts,C00557,TC2316,junior
contacts,C00558,TC1656,clean
contacts,C00559,TC1390,variant
contacts,C00560,TC2145,clean
contacts,C00561,TC1833,variant
contacts,C00562,TC0346,variant
contacts,C00563,TC1869,clean
contacts,C00564,TC0058,variant
contacts,C00565,TC1812,clean
contacts,C00566,TC1788,variant
contacts,C00567,TC1863,clean
contacts,C00568,TC0481,variant
contacts,C00569,TC0818,clean
contacts,C00570,TC1039,variant
contacts,C00571,TC1816,clean
contacts,C00572,TC1792,variant
contacts,C00573,TC1544,clean
contacts,C00574,TC1275,clean
contacts,C00575,TC0139,clean
contacts,C00576,TC1153,clean
contacts,C00577,TC1129,clean
contacts,C00578,TC0500,clean
contacts,C00579,TC1068,clean
contacts,C00580,TC1357,clean
contacts,C00581,TC1567,clean
contacts,C00582,TC2378,namesake
contacts,C00583,TC0096,clean
contacts,C00584,TC1781,clean
contacts,C00585,TC1043,clean
contacts,C00586,TC0108,variant
contacts,C00587,TC2354,namesake
contacts,C00588,TC0867,clean
contacts,C00589,TC1685,variant
contacts,C00590,TC1902,variant
contacts,C00591,TC0770,clean
contacts,C00592,TC2394,twin
contacts,C00593,TC2115,clean
contacts,C00594,TC1341,variant
contacts,C00595,TC2170,clean
contacts,C00596,TC0925,clean
contacts,C00597,TC1923,clean
contacts,C00598,TC1870,clean
contacts,C00599,TC1608,clean
contacts,C00600,TC2340,namesake
contacts,C00601,TC0718,clean
contacts,C00602,TC1353,clean
contacts,C00603,TC2382,twin
contacts,C00604,TC0263,clean
contacts,C00605,TC1971,variant
contacts,C00606,TC0269,variant
contacts,C00607,TC2130,clean
contacts,C00608,TC0926,clean
contacts,C00609,TC1727,clean
contacts,C00610,TC2058,clean
contacts,C00611,TC1213,clean
contacts,C00612,TC0545,clean
contacts,C00613,TC1648,clean
contacts,C00614,TC0498,clean
contacts,C00615,TC1391,clean
contacts,C00616,TC0307,clean
contacts,C00617,TC0839,clean
contacts,C00618,TC1004,clean
contacts,C00619,TC0238,clean
contacts,C00620,TC1252,clean
contacts,C00621,TC0676,clean
contacts,C00622,TC1987,clean
contacts,C00623,TC0716,clean
contacts,C00624,TC2301,clean
contacts,C00625,TC0217,clean
contacts,C00626,TC0493,variant
contacts,C00627,TC1650,variant
contacts,C00628,TC1998,clean
contacts,C00629,TC2070,variant
contacts,C00630,TC0733,clean
contacts,C00631,TC1469,variant
contacts,C00632,TC1001,clean
contacts,C00633,TC1011,clean
contacts,C00634,TC1842,clean
contacts,C00635,TC0234,variant
contacts,C00636,TC0220,clean
contacts,C00637,TC1587,clean
contacts,C00638,TC0710,variant
contacts,C00639,TC2372,twin
contacts,C00640,TC1924,clean
contacts,C00641,TC0077,variant
contacts,C00642,TC1740,clean
contacts,C00643,TC0569,clean
contacts,C00644,TC2019,clean
contacts,C00645,TC1229,clean
contacts,C00646,TC2247,clean
contacts,C00647,TC1151,variant
contacts,C00648,TC0737,clean
contacts,C00649,TC1446,variant
contacts,C00650,TC0220,variant
contacts,C00651,TC1312,clean
contacts,C00652,TC0771,variant
contacts,C00653,TC2287,clean
contacts,C00654,TC2216,clean
contacts,C00655,TC0792,clean
contacts,C00656,TC2347,namesake
contacts,C00657,TC1476,clean
contacts,C00658,TC2215,variant
contacts,C00659,TC2034,clean
contacts,C00660,TC0528,clean
contacts,C00661,TC2355,variant
contacts,C00662,TC1052,clean
contacts,C00663,TC1546,clean
contacts,C00664,TC2323,junior
contacts,C00665,TC2192,clean
contacts,C00666,TC1569,clean
contacts,C00667,TC0053,clean
contacts,C00668,TC1805,clean
contacts,C00669,TC1247,clean
contacts,C00670,TC1494,clean
contacts,C00671,TC0215,clean
contacts,C00672,TC0663,variant
contacts,C00673,TC1455,clean
contacts,C00674,TC0455,clean
contacts,C00675,TC0603,clean
contacts,C00676,TC0504,clean
contacts,C00677,TC0897,variant
contacts,C00678,TC0783,clean
contacts,C00679,TC2136,clean
contacts,C00680,TC0020,clean
contacts,C00681,TC0662,clean
contacts,C00682,TC1688,clean
contacts,C00683,TC0104,clean
contacts,C00684,TC0482,variant
contacts,C00685,TC1179,clean
contacts,C00686,TC1036,clean
contacts,C00687,TC1225,variant
contacts,C00688,TC1864,clean
contacts,C00689,TC1184,clean
contacts,C00690,TC0986,clean
contacts,C00691,TC1492,clean
contacts,C00692,TC0537,clean
contacts,C00693,TC2081,clean
contacts,C00694,TC0387,variant
contacts,C00695,TC0795,clean
contacts,C00696,TC0399,clean
contacts,C00697,TC1915,clean
contacts,C00698,TC2076,variant
contacts,C00699,TC0400,clean
contacts,C00700,TC2360,junior
contacts,C00701,TC0816,variant
contacts,C00702,TC0555,clean
contacts,C00703,TC1283,clean
contacts,C00704,TC1748,clean
contacts,C00705,TC1567,variant
contacts,C00706,TC0898,clean
contacts,C00707,TC0748,clean
contacts,C00708,TC0196,variant
contacts,C00709,TC0295,clean
contacts,C00710,TC0677,clean
contacts,C00711,TC0390,clean
contacts,C00712,TC0017,variant
contacts,C00713,TC1533,clean
contacts,C00714,TC1208,variant
contacts,C00715,TC1549,clean
contacts,C00716,TC0487,clean
contacts,C00717,TC0476,clean
contacts,C00718,TC1421,clean
contacts,C00719,TC0009,clean
contacts,C00720,TC0911,clean
contacts,C00721,TC0375,clean
contacts,C00722,TC0199,clean
contacts,C00723,TC0840,clean
contacts,C00724,TC0688,variant
contacts,C00725,TC1630,clean
contacts,C00726,TC2287,variant
contacts,C00727,TC2391,variant
contacts,C00728,TC1214,clean
contacts,C00729,TC0392,clean
contacts,C00730,TC2033,variant
contacts,C00731,TC1510,clean
contacts,C00732,TC1584,clean
contacts,C00733,TC1497,clean
contacts,C00734,TC1572,clean
contacts,C00735,TC0248,clean
contacts,C00736,TC0182,clean
contacts,C00737,TC1044,clean
contacts,C00738,TC0591,clean
contacts,C00739,TC0280,clean
contacts,C00740,TC1977,clean
contacts,C00741,TC2344,namesake
contacts,C00742,TC0923,clean
contacts,C00743,TC0288,clean
contacts,C00744,TC0806,clean
contacts,C00745,TC0178,variant
contacts,C00746,TC0780,variant
contacts,C00747,TC2279,variant
contacts,C00748,TC0218,clean
contacts,C00749,TC1999,variant
contacts,C00750,TC0942,variant
contacts,C00751,TC1522,clean
contacts,C00752,TC2195,clean
contacts,C00753,TC0018,variant
contacts,C00754,TC0930,variant
contacts,C00755,TC2154,clean
contacts,C00756,TC1212,clean
contacts,C00757,TC2071,clean
contacts,C00758,TC0796,clean
contacts,C00759,TC1098,clean
contacts,C00760,TC1551,clean
contacts,C00761,TC1735,clean
contacts,C00762,TC1053,clean
contacts,C00763,TC1078,clean
contacts,C00764,TC1138,clean
contacts,C00765,TC2241,clean
contacts,C00766,TC0906,variant
contacts,C00767,TC2281,clean
contacts,C00768,TC2307,variant
contacts,C00769,TC0250,variant
contacts,C00770,TC0788,clean
contacts,C00771,TC2126,variant
contacts,C00772,TC1233,clean
contacts,C00773,TC0899,clean
contacts,C00774,TC1367,variant
contacts,C00775,TC1058,variant
contacts,C00776,TC1550,clean
contacts,C00777,TC0064,clean
contacts,C00778,TC0953,variant
contacts,C00779,TC0165,variant
contacts,C00780,TC0012,clean
contacts,C00781,TC0300,clean
contacts,C00782,TC0861,clean
contacts,C00783,TC1471,clean
contacts,C00784,TC1405,clean
contacts,C00785,TC1402,clean
contacts,C00786,TC0001,clean
contacts,C00787,TC2069,clean
contacts,C00788,TC1720,clean
contacts,C00789,TC2184,clean
contacts,C00790,TC2237,clean
contacts,C00791,TC1413,variant
contacts,C00792,TC0087,variant
contacts,C00793,TC0708,clean
contacts,C00794,TC0446,clean
contacts,C00795,TC1309,clean
contacts,C00796,TC1978,clean
contacts,C00797,TC0831,clean
contacts,C00798,TC0801,variant
contacts,C00799,TC1297,variant
contacts,C00800,TC1937,clean
contacts,C00801,TC2351,junior
contacts,C00802,TC2042,clean
contacts,C00803,TC1850,clean
contacts,C00804,TC1340,variant
contacts,C00805,TC2244,clean
contacts,C00806,TC0993,clean
contacts,C00807,TC2304,clean
contacts,C00808,TC0363,clean
contacts,C00809,TC1083,clean
contacts,C00810,TC1896,variant
contacts,C00811,TC1103,variant
contacts,C00812,TC0125,clean
contacts,C00813,TC2178,clean
contacts,C00814,TC2388,twin
contacts,C00815,TC1459,clean
contacts,C00816,TC0548,clean
contacts,C00817,TC1143,clean
contacts,C00818,TC0307,variant
contacts,C00819,TC0785,clean
contacts,C00820,TC1610,clean
contacts,C00821,TC1196,clean
contacts,C00822,TC1809,clean
contacts,C00823,TC2238,clean
contacts,C00824,TC0782,clean
contacts,C00825,TC1348,clean
contacts,C00826,TC1831,clean
contacts,C00827,TC2193,clean
contacts,C00828,TC1009,clean
contacts,C00829,TC2155,variant
contacts,C00830,TC1544,variant
contacts,C00831,TC1025,clean
contacts,C00832,TC1500,variant
contacts,C00833,TC1599,clean
contacts,C00834,TC2123,clean
contacts,C00835,TC1312,variant
contacts,C00836,TC1047,clean
contacts,C00837,TC2272,clean
contacts,C00838,TC0156,clean
contacts,C00839,TC1975,clean
contacts,C00840,TC0071,clean
contacts,C00841,TC0922,clean
contacts,C00842,TC1761,clean
contacts,C00843,TC0753,clean
contacts,C00844,TC2028,clean
contacts,C00845,TC0019,clean
contacts,C00846,TC1860,clean
contacts,C00847,TC2343,junior
contacts,C00848,TC0649,clean
contacts,C00849,TC0376,clean
contacts,C00850,TC1160,clean
contacts,C00851,TC0153,clean
contacts,C00852,TC1319,clean
contacts,C00853,TC0367,clean
contacts,C00854,TC2026,clean
contacts,C00855,TC1762,clean
contacts,C00856,TC0204,clean
contacts,C00857,TC0415,variant
contacts,C00858,TC0966,clean
contacts,C00859,TC0701,clean
contacts,C00860,TC1730,clean
contacts,C00861,TC0180,clean
contacts,C00862,TC0340,clean
contacts,C00863,TC0609,clean
contacts,C00864,TC1797,clean
contacts,C00865,TC0236,variant
contacts,C00866,TC0632,clean
contacts,C00867,TC1014,clean
contacts,C00868,TC0910,clean
contacts,C00869,TC1199,variant
contacts,C00870,TC1594,clean
contacts,C00871,TC0055,clean
contacts,C00872,TC1895,clean
contacts,C00873,TC1986,variant
contacts,C00874,TC2256,variant
contacts,C00875,TC1815,clean
contacts,C00876,TC1904,clean
contacts,C00877,TC1772,clean
contacts,C00878,TC1094,clean
contacts,C00879,TC0159,clean
contacts,C00880,TC2257,clean
contacts,C00881,TC0057,clean
contacts,C00882,TC2125,variant
contacts,C00883,TC1658,variant
contacts,C00884,TC1151,clean
contacts,C00885,TC0069,clean
contacts,C00886,TC2218,clean
contacts,C00887,TC1460,clean
contacts,C00888,TC1823,clean
contacts,C00889,TC2012,clean
contacts,C00890,TC0777,clean
contacts,C00891,TC2250,clean
contacts,C00892,TC0709,clean
contacts,C00893,TC0290,clean
contacts,C00894,TC0278,clean
contacts,C00895,TC1733,clean
contacts,C00896,TC0696,clean
contacts,C00897,TC1799,clean
contacts,C00898,TC1261,clean
contacts,C00899,TC0259,clean
contacts,C00900,TC0590,clean
contacts,C00901,TC0438,clean
contacts,C00902,TC1297,clean
contacts,C00903,TC0292,clean
contacts,C00904,TC1927,clean
contacts,C00905,TC0872,variant
contacts,C00906,TC1734,clean
contacts,C00907,TC0028,clean
contacts,C00908,TC0831,variant
contacts,C00909,TC1102,clean
contacts,C00910,TC1999,variant
contacts,C00911,TC1076,variant
contacts,C00912,TC1703,clean
contacts,C00913,TC0567,clean
contacts,C00914,TC2326,twin
contacts,C00915,TC1284,variant
contacts,C00916,TC1694,clean
contacts,C00917,TC1583,clean
contacts,C00918,TC0120,clean
contacts,C00919,TC1742,clean
contacts,C00920,TC0423,clean
contacts,C00921,TC0050,variant
contacts,C00922,TC0163,clean
contacts,C00923,TC0203,clean
contacts,C00924,TC2298,clean
contacts,C00925,TC0032,variant
contacts,C00926,TC1161,clean
contacts,C00927,TC0335,clean
contacts,C00928,TC1198,clean
contacts,C00929,TC0965,clean
contacts,C00930,TC0872,clean
contacts,C00931,TC1731,clean
contacts,C00932,TC1114,variant
contacts,C00933,TC1446,clean
contacts,C00934,TC2142,variant
contacts,C00935,TC0525,variant
contacts,C00936,TC2291,clean
contacts,C00937,TC0080,clean
contacts,C00938,TC0601,clean
contacts,C00939,TC0691,clean
contacts,C00940,TC1296,clean
contacts,C00941,TC1360,clean
contacts,C00942,TC0814,clean
contacts,C00943,TC0101,variant
contacts,C00944,TC0021,clean
contacts,C00945,TC0437,clean
contacts,C00946,TC1028,clean
contacts,C00947,TC1289,clean
contacts,C00948,TC2219,clean
contacts,C00949,TC1134,clean
contacts,C00950,TC0780,clean
contacts,C00951,TC0251,clean
contacts,C00952,TC1311,clean
contacts,C00953,TC0881,clean
contacts,C00954,TC2166,clean
contacts,C00955,TC2308,clean
contacts,C00956,TC0629,clean
contacts,C00957,TC2332,twin
contacts,C00958,TC0767,clean
contacts,C00959,TC0953,clean
contacts,C00960,TC0268,variant
contacts,C00961,TC2239,clean
contacts,C00962,TC1612,clean
contacts,C00963,TC2094,clean
contacts,C00964,TC1413,clean
contacts,C00965,TC1341,clean
contacts,C00966,TC1786,clean
contacts,C00967,TC2266,variant
contacts,C00968,TC0145,variant
contacts,C00969,TC1089,clean
contacts,C00970,TC0491,clean
contacts,C00971,TC0918,variant
contacts,C00972,TC1097,clean
contacts,C00973,TC1674,clean
contacts,C00974,TC0230,variant
contacts,C00975,TC1282,clean
contacts,C00976,TC1518,clean
contacts,C00977,TC2003,clean
contacts,C00978,TC0283,clean
contacts,C00979,TC1902,clean
contacts,C00980,TC1111,clean
contacts,C00981,TC0602,clean
contacts,C00982,TC0986,variant
contacts,C00983,TC1274,clean
contacts,C00984,TC1307,clean
contacts,C00985,TC0426,clean
contacts,C00986,TC0040,clean
contacts,C00987,TC1981,clean
contacts,C00988,TC2208,clean
contacts,C00989,TC0282,variant
contacts,C00990,TC0809,variant
contacts,C00991,TC0331,clean
contacts,C00992,TC0928,clean
contacts,C00993,TC1976,clean
contacts,C00994,TC2155,variant
contacts,C00995,TC0693,clean
contacts,C00996,TC1622,variant
contacts,C00997,TC1872,clean
contacts,C00998,TC1810,clean
contacts,C00999,TC1742,variant
contacts,C01000,TC2217,clean
contacts,C01001,TC1601,clean
contacts,C01002,TC0228,variant
contacts,C01003,TC1516,clean
contacts,C01004,TC1298,clean
contacts,C01005,TC0107,clean
contacts,C01006,TC0971,variant
contacts,C01007,TC0235,clean
contacts,C01008,TC2235,clean
contacts,C01009,TC2352,variant
contacts,C01010,TC1359,clean
contacts,C01011,TC1646,clean
contacts,C01012,TC0577,clean
contacts,C01013,TC1361,clean
contacts,C01014,TC0821,clean
contacts,C01015,TC1413,variant
contacts,C01016,TC0980,clean
contacts,C01017,TC1163,clean
contacts,C01018,TC1991,clean
contacts,C01019,TC0743,variant
contacts,C01020,TC1853,clean
contacts,C01021,TC1519,clean
contacts,C01022,TC1525,clean
contacts,C01023,TC1710,clean
contacts,C01024,TC0490,variant
contacts,C01025,TC1747,clean
contacts,C01026,TC0983,clean
contacts,C01027,TC0196,clean
contacts,C01028,TC1380,clean
contacts,C01029,TC2289,clean
contacts,C01030,TC0924,clean
contacts,C01031,TC0722,clean
contacts,C01032,TC1018,clean
contacts,C01033,TC2264,clean
contacts,C01034,TC1686,variant
contacts,C01035,TC0405,clean
contacts,C01036,TC0160,variant
contacts,C01037,TC1876,clean
contacts,C01038,TC0078,variant
contacts,C01039,TC1475,clean
contacts,C01040,TC1333,clean
contacts,C01041,TC1859,clean
contacts,C01042,TC1000,clean
contacts,C01043,TC1465,clean
contacts,C01044,TC1855,clean
contacts,C01045,TC1114,clean
contacts,C01046,TC0805,clean
contacts,C01047,TC0364,clean
contacts,C01048,TC0944,clean
contacts,C01049,TC0760,clean
contacts,C01050,TC0946,clean
contacts,C01051,TC0350,variant
contacts,C01052,TC0224,clean
contacts,C01053,TC0472,clean
contacts,C01054,TC0958,clean
contacts,C01055,TC1422,clean
contacts,C01056,TC0273,clean
contacts,C01057,TC1183,clean
contacts,C01058,TC2227,clean
contacts,C01059,TC0952,clean
contacts,C01060,TC1358,clean
contacts,C01061,TC2243,clean
contacts,C01062,TC0547,variant
contacts,C01063,TC2139,clean
contacts,C01064,TC1752,clean
contacts,C01065,TC0259,variant
contacts,C01066,TC0600,clean
contacts,C01067,TC2187,clean
contacts,C01068,TC0181,clean
contacts,C01069,TC0033,clean
contacts,C01070,TC1778,clean
contacts,C01071,TC0223,clean
contacts,C01072,TC2080,clean
contacts,C01073,TC0862,clean
contacts,C01074,TC2355,namesake
contacts,C01075,TC1174,clean
contacts,C01076,TC0858,clean
contacts,C01077,TC0506,variant
contacts,C01078,TC0457,clean
contacts,C01079,TC1390,clean
contacts,C01080,TC1464,clean
contacts,C01081,TC1049,clean
contacts,C01082,TC0786,clean
contacts,C01083,TC0704,variant
contacts,C01084,TC1088,clean
contacts,C01085,TC1158,clean
contacts,C01086,TC0639,clean
contacts,C01087,TC0578,clean
contacts,C01088,TC0936,clean
contacts,C01089,TC2211,variant
contacts,C01090,TC0101,clean
contacts,C01091,TC1867,clean
contacts,C01092,TC0759,variant
contacts,C01093,TC2228,variant
contacts,C01094,TC2229,variant
contacts,C01095,TC0787,clean
contacts,C01096,TC0064,variant
contacts,C01097,TC0325,variant
contacts,C01098,TC1452,variant
contacts,C01099,TC0715,clean
contacts,C01100,TC2054,clean
contacts,C01101,TC0780,variant
contacts,C01102,TC2184,variant
contacts,C01103,TC1504,clean
contacts,C01104,TC0488,clean
contacts,C01105,TC0982,clean
contacts,C01106,TC1453,clean
contacts,C01107,TC1780,clean
contacts,C01108,TC0496,clean
contacts,C01109,TC1790,clean
contacts,C01110,TC1580,clean
contacts,C01111,TC1500,variant
contacts,C01112,TC0473,clean
contacts,C01113,TC0485,clean
contacts,C01114,TC0366,clean
contacts,C01115,TC2260,clean
contacts,C01116,TC2180,clean
contacts,C01117,TC1190,variant
contacts,C01118,TC1263,clean
contacts,C01119,TC1952,clean
contacts,C01120,TC0262,clean
contacts,C01121,TC1303,clean
contacts,C01122,TC1906,variant
contacts,C01123,TC0531,clean
contacts,C01124,TC0497,variant
contacts,C01125,TC0394,clean
contacts,C01126,TC2032,clean
contacts,C01127,TC0849,variant
contacts,C01128,TC0519,clean
contacts,C01129,TC2353,junior
contacts,C01130,TC1347,clean
contacts,C01131,TC1237,variant
contacts,C01132,TC0635,clean
contacts,C01133,TC0811,clean
contacts,C01134,TC0047,clean
contacts,C01135,TC1934,clean
contacts,C01136,TC1137,clean
contacts,C01137,TC1511,clean
contacts,C01138,TC2207,variant
contacts,C01139,TC0714,clean
contacts,C01140,TC1374,clean
contacts,C01141,TC0564,clean
contacts,C01142,TC0871,clean
contacts,C01143,TC0422,clean
contacts,C01144,TC0427,clean
contacts,C01145,TC1200,clean
contacts,C01146,TC0293,clean
contacts,C01147,TC0309,clean
contacts,C01148,TC0977,clean
contacts,C01149,TC0410,clean
contacts,C01150,TC1590,clean
contacts,C01151,TC0242,clean
contacts,C01152,TC0711,clean
contacts,C01153,TC1050,clean
contacts,C01154,TC0495,clean
contacts,C01155,TC1189,clean
contacts,C01156,TC1420,clean
contacts,C01157,TC0271,clean
contacts,C01158,TC1953,clean
contacts,C01159,TC1434,clean
contacts,C01160,TC0225,clean
contacts,C01161,TC1210,clean
contacts,C01162,TC0584,clean
contacts,C01163,TC1173,clean
contacts,C01164,TC0253,clean
contacts,C01165,TC1807,clean
contacts,C01166,TC2034,variant
contacts,C01167,TC0304,variant
contacts,C01168,TC0443,clean
contacts,C01169,TC1180,clean
contacts,C01170,TC0544,variant
contacts,C01171,TC1969,clean
contacts,C01172,TC2057,clean
contacts,C01173,TC1877,variant
contacts,C01174,TC1288,clean
contacts,C01175,TC1738,clean
contacts,C01176,TC0752,clean
contacts,C01177,TC0838,variant
contacts,C01178,TC2303,variant
contacts,C01179,TC0320,clean
contacts,C01180,TC0534,variant
contacts,C01181,TC1663,clean
contacts,C01182,TC1197,clean
contacts,C01183,TC0086,clean
contacts,C01184,TC2300,variant
contacts,C01185,TC1042,clean
contacts,C01186,TC1933,clean
contacts,C01187,TC1684,clean
contacts,C01188,TC1139,clean
contacts,C01189,TC1793,clean
contacts,C01190,TC2035,clean
contacts,C01191,TC1743,clean
contacts,C01192,TC1637,clean
contacts,C01193,TC0588,clean
contacts,C01194,TC1144,clean
contacts,C01195,TC1216,clean
contacts,C01196,TC1092,clean
contacts,C01197,TC1024,clean
contacts,C01198,TC0372,clean
contacts,C01199,TC0349,clean
contacts,C01200,TC0575,clean
contacts,C01201,TC2033,variant
contacts,C01202,TC1409,clean
contacts,C01203,TC1896,clean
contacts,C01204,TC1537,clean
contacts,C01205,TC1641,clean
contacts,C01206,TC0790,clean
contacts,C01207,TC2341,variant
contacts,C01208,TC1749,clean
contacts,C01209,TC1128,clean
contacts,C01210,TC0087,clean
contacts,C01211,TC2039,clean
contacts,C01212,TC1445,clean
contacts,C01213,TC1487,clean
contacts,C01214,TC1339,clean
contacts,C01215,TC0187,clean
contacts,C01216,TC0834,clean
contacts,C01217,TC1827,clean
contacts,C01218,TC0305,clean
contacts,C01219,TC1820,clean
contacts,C01220,TC0099,variant
contacts,C01221,TC2023,clean
contacts,C01222,TC2283,variant
contacts,C01223,TC1299,variant
contacts,C01224,TC0648,clean
contacts,C01225,TC1817,clean
contacts,C01226,TC1125,clean
contacts,C01227,TC1999,clean
contacts,C01228,TC1130,clean
contacts,C01229,TC1943,clean
contacts,C01230,TC1585,clean
contacts,C01231,TC1099,clean
contacts,C01232,TC0905,clean
contacts,C01233,TC2131,clean
contacts,C01234,TC1753,clean
contacts,C01235,TC2387,namesake
contacts,C01236,TC0524,clean
contacts,C01237,TC0351,clean
contacts,C01238,TC1801,clean
contacts,C01239,TC1854,variant
contacts,C01240,TC2157,clean
contacts,C01241,TC2116,clean
contacts,C01242,TC2021,clean
contacts,C01243,TC0883,clean
contacts,C01244,TC0850,variant
contacts,C01245,TC2004,clean
contacts,C01246,TC0310,clean
contacts,C01247,TC0774,clean
contacts,C01248,TC0279,clean
contacts,C01249,TC1015,clean
contacts,C01250,TC1379,clean
contacts,C01251,TC0645,variant
contacts,C01252,TC2232,clean
contacts,C01253,TC2294,clean
contacts,C01254,TC0607,clean
contacts,C01255,TC2101,clean
contacts,C01256,TC1886,clean
contacts,C01257,TC0505,clean
contacts,C01258,TC1618,clean
contacts,C01259,TC1866,variant
contacts,C01260,TC0359,clean
contacts,C01261,TC2319,junior
contacts,C01262,TC0605,clean
contacts,C01263,TC0796,variant
contacts,C01264,TC1468,clean
contacts,C01265,TC1973,clean
contacts,C01266,TC0338,variant
contacts,C01267,TC0143,clean
contacts,C01268,TC0499,clean
contacts,C01269,TC2352,twin
contacts,C01270,TC0183,variant
contacts,C01271,TC2102,clean
contacts,C01272,TC1228,variant
contacts,C01273,TC1629,clean
contacts,C01274,TC1670,clean
contacts,C01275,TC0561,variant
contacts,C01276,TC1995,variant
contacts,C01277,TC0435,clean
contacts,C01278,TC0959,clean
contacts,C01279,TC1285,variant
contacts,C01280,TC1244,clean
contacts,C01281,TC1026,clean
contacts,C01282,TC2245,clean
contacts,C01283,TC0538,clean
contacts,C01284,TC0373,variant
contacts,C01285,TC1168,clean
contacts,C01286,TC1460,variant
contacts,C01287,TC1194,clean
contacts,C01288,TC1342,clean
contacts,C01289,TC0856,clean
contacts,C01290,TC1154,clean
contacts,C01291,TC2062,clean
contacts,C01292,TC0329,clean
contacts,C01293,TC0179,variant
contacts,C01294,TC0492,clean
contacts,C01295,TC0241,clean
contacts,C01296,TC2336,junior
contacts,C01297,TC0314,clean
contacts,C01298,TC1148,clean
contacts,C01299,TC0771,clean
contacts,C01300,TC2059,clean
contacts,C01301,TC0985,variant
contacts,C01302,TC0016,variant
contacts,C01303,TC1600,clean
contacts,C01304,TC0976,clean
contacts,C01305,TC0915,clean
contacts,C01306,TC2305,variant
contacts,C01307,TC1990,clean
contacts,C01308,TC0800,clean
contacts,C01309,TC0481,clean
contacts,C01310,TC1907,clean
contacts,C01311,TC1566,clean
contacts,C01312,TC1744,clean
contacts,C01313,TC0462,clean
contacts,C01314,TC0825,clean
contacts,C01315,TC1909,clean
contacts,C01316,TC1719,variant
contacts,C01317,TC0297,clean
contacts,C01318,TC1502,variant
contacts,C01319,TC2060,clean
contacts,C01320,TC0456,clean
contacts,C01321,TC1433,clean
contacts,C01322,TC0099,variant
contacts,C01323,TC2284,variant
contacts,C01324,TC1418,clean
contacts,C01325,TC0896,clean
contacts,C01326,TC1636,clean
contacts,C01327,TC0146,clean
contacts,C01328,TC0826,clean
contacts,C01329,TC1331,clean
contacts,C01330,TC0406,clean
contacts,C01331,TC0975,clean
contacts,C01332,TC0442,clean
contacts,C01333,TC0954,clean
contacts,C01334,TC0130,clean
contacts,C01335,TC0420,clean
contacts,C01336,TC1164,clean
contacts,C01337,TC0482,clean
contacts,C01338,TC1483,clean
contacts,C01339,TC1241,clean
contacts,C01340,TC1322,variant
contacts,C01341,TC0890,variant
contacts,C01342,TC0563,clean
contacts,C01343,TC1306,clean
contacts,C01344,TC0497,clean
contacts,C01345,TC0132,clean
contacts,C01346,TC0950,clean
contacts,C01347,TC0786,variant
contacts,C01348,TC1511,variant
contacts,C01349,TC1680,clean
contacts,C01350,TC0483,clean
contacts,C01351,TC2315,variant
contacts,C01352,TC1573,clean
contacts,C01353,TC0691,variant
contacts,C01354,TC0444,clean
contacts,C01355,TC0678,clean
contacts,C01356,TC1209,clean
contacts,C01357,TC0211,variant
contacts,C01358,TC1369,clean
contacts,C01359,TC1563,clean
contacts,C01360,TC1101,clean
contacts,C01361,TC0111,clean
contacts,C01362,TC1717,clean
contacts,C01363,TC0463,clean
contacts,C01364,TC0416,clean
contacts,C01365,TC0403,clean
contacts,C01366,TC1349,clean
contacts,C01367,TC1397,clean
contacts,C01368,TC0198,clean
contacts,C01369,TC1502,clean
contacts,C01370,TC1479,variant
contacts,C01371,TC1145,clean
contacts,C01372,TC1958,clean
contacts,C01373,TC0820,variant
contacts,C01374,TC1843,variant
contacts,C01375,TC1466,clean
contacts,C01376,TC1325,clean
contacts,C01377,TC0767,variant
contacts,C01378,TC1995,clean
contacts,C01379,TC1512,clean
contacts,C01380,TC0364,variant
contacts,C01381,TC1156,clean
contacts,C01382,TC1060,clean
contacts,C01383,TC0252,clean
contacts,C01384,TC2164,clean
contacts,C01385,TC0468,clean
contacts,C01386,TC1141,clean
contacts,C01387,TC0382,variant
contacts,C01388,TC2231,clean
contacts,C01389,TC1603,clean
contacts,C01390,TC1265,clean
contacts,C01391,TC0582,clean
contacts,C01392,TC2321,twin
contacts,C01393,TC0916,variant
contacts,C01394,TC0315,variant
contacts,C01395,TC0574,clean
contacts,C01396,TC1150,variant
contacts,C01397,TC0587,clean
contacts,C01398,TC0511,clean
contacts,C01399,TC1655,clean
contacts,C01400,TC2240,clean
contacts,C01401,TC1406,clean
contacts,C01402,TC1430,clean
contacts,C01403,TC1039,clean
contacts,C01404,TC1398,clean
contacts,C01405,TC1432,clean
contacts,C01406,TC0960,clean
contacts,C01407,TC1552,clean
contacts,C01408,TC0306,clean
contacts,C01409,TC2100,clean
contacts,C01410,TC1768,clean
contacts,C01411,TC1606,clean
contacts,C01412,TC0913,variant
contacts,C01413,TC0517,clean
contacts,C01414,TC2388,variant
contacts,C01415,TC1837,clean
contacts,C01416,TC0765,clean
contacts,C01417,TC1576,clean
contacts,C01418,TC2088,clean
contacts,C01419,TC0756,variant
contacts,C01420,TC1291,clean
contacts,C01421,TC0843,clean
contacts,C01422,TC1841,clean
contacts,C01423,TC0083,clean
contacts,C01424,TC1661,clean
contacts,C01425,TC1253,clean
contacts,C01426,TC0470,variant
contacts,C01427,TC0860,clean
contacts,C01428,TC2366,namesake
contacts,C01429,TC1147,clean
contacts,C01430,TC0622,variant
contacts,C01431,TC1634,clean
contacts,C01432,TC1410,clean
contacts,C01433,TC1664,clean
contacts,C01434,TC2144,clean
contacts,C01435,TC1957,clean
contacts,C01436,TC1193,clean
contacts,C01437,TC1245,variant
contacts,C01438,TC0606,clean
contacts,C01439,TC1755,clean
contacts,C01440,TC1122,clean
contacts,C01441,TC1121,clean
contacts,C01442,TC0742,clean
contacts,C01443,TC0409,clean
contacts,C01444,TC1035,clean
contacts,C01445,TC2268,clean
contacts,C01446,TC1647,clean
contacts,C01447,TC2076,clean
contacts,C01448,TC2279,clean
contacts,C01449,TC0296,clean
contacts,C01450,TC2149,clean
contacts,C01451,TC0411,clean
contacts,C01452,TC1695,clean
contacts,C01453,TC1144,variant
contacts,C01454,TC0537,variant
contacts,C01455,TC0550,clean
contacts,C01456,TC0689,clean
contacts,C01457,TC0212,clean
contacts,C01458,TC1997,clean
contacts,C01459,TC1067,clean
contacts,C01460,TC1374,variant
contacts,C01461,TC0809,clean
contacts,C01462,TC1393,clean
contacts,C01463,TC0668,clean
contacts,C01464,TC0797,variant
contacts,C01465,TC0931,clean
contacts,C01466,TC2104,variant
contacts,C01467,TC0294,variant
contacts,C01468,TC0379,clean
contacts,C01469,TC1611,clean
contacts,C01470,TC0703,clean
contacts,C01471,TC1903,clean
contacts,C01472,TC2320,junior
contacts,C01473,TC2077,clean
contacts,C01474,TC0171,clean
contacts,C01475,TC0553,clean
contacts,C01476,TC0723,clean
contacts,C01477,TC0397,variant
contacts,C01478,TC1320,clean
contacts,C01479,TC2205,clean
contacts,C01480,TC0512,clean
contacts,C01481,TC1023,clean
contacts,C01482,TC0857,clean
contacts,C01483,TC0157,clean
contacts,C01484,TC0486,clean
contacts,C01485,TC0018,clean
contacts,C01486,TC0197,clean
contacts,C01487,TC1635,clean
contacts,C01488,TC0618,clean
contacts,C01489,TC1856,clean
contacts,C01490,TC0543,clean
contacts,C01491,TC0354,clean
contacts,C01492,TC1629,variant
contacts,C01493,TC0186,clean
contacts,C01494,TC0589,clean
contacts,C01495,TC2188,clean
contacts,C01496,TC1554,variant
contacts,C01497,TC0571,clean
contacts,C01498,TC0551,clean
contacts,C01499,TC1916,clean
contacts,C01500,TC1217,variant
contacts,C01501,TC1031,clean
contacts,C01502,TC0438,variant
contacts,C01503,TC0703,variant
contacts,C01504,TC0847,clean
contacts,C01505,TC1524,clean
contacts,C01506,TC1003,clean
contacts,C01507,TC0487,variant
contacts,C01508,TC0763,clean
contacts,C01509,TC1608,variant
contacts,C01510,TC0585,clean
contacts,C01511,TC1715,clean
contacts,C01512,TC1574,clean
contacts,C01513,TC0766,clean
contacts,C01514,TC1415,clean
contacts,C01515,TC2235,variant
contacts,C01516,TC1225,variant
contacts,C01517,TC2215,clean
contacts,C01518,TC0634,clean
contacts,C01519,TC0964,clean
contacts,C01520,TC2046,variant
contacts,C01521,TC2151,clean
contacts,C01522,TC2165,clean
contacts,C01523,TC0875,clean
contacts,C01524,TC0669,clean
contacts,C01525,TC0841,clean
contacts,C01526,TC0755,clean
contacts,C01527,TC1745,clean
contacts,C01528,TC1071,clean
contacts,C01529,TC1225,clean
contacts,C01530,TC1914,variant
contacts,C01531,TC1579,clean
contacts,C01532,TC1091,clean
contacts,C01533,TC1444,clean
contacts,C01534,TC2315,junior
contacts,C01535,TC2050,clean
contacts,C01536,TC0412,clean
contacts,C01537,TC1495,variant
contacts,C01538,TC1469,clean
contacts,C01539,TC0753,variant
contacts,C01540,TC0663,clean
contacts,C01541,TC2134,clean
contacts,C01542,TC0100,variant
contacts,C01543,TC0349,variant
contacts,C01544,TC1186,variant
contacts,C01545,TC1847,clean
contacts,C01546,TC0866,clean
contacts,C01547,TC2167,clean
contacts,C01548,TC0356,clean
contacts,C01549,TC1917,clean
contacts,C01550,TC1677,variant
contacts,C01551,TC1077,clean
contacts,C01552,TC2036,clean
contacts,C01553,TC0930,variant
contacts,C01554,TC2010,clean
contacts,C01555,TC1561,clean
contacts,C01556,TC0077,clean
contacts,C01557,TC1673,clean
contacts,C01558,TC0747,clean
contacts,C01559,TC1191,clean
contacts,C01560,TC0897,clean
contacts,C01561,TC1946,clean
contacts,C01562,TC0892,clean
contacts,C01563,TC0173,clean
contacts,C01564,TC0751,clean
contacts,C01565,TC1310,variant
contacts,C01566,TC0144,clean
contacts,C01567,TC0405,variant
contacts,C01568,TC1507,clean
contacts,C01569,TC0378,clean
contacts,C01570,TC0214,clean
contacts,C01571,TC2118,clean
contacts,C01572,TC0480,clean
contacts,C01573,TC1304,clean
contacts,C01574,TC0382,clean
contacts,C01575,TC1240,variant
contacts,C01576,TC1868,clean
contacts,C01577,TC0872,variant
contacts,C01578,TC1292,clean
contacts,C01579,TC1861,clean
contacts,C01580,TC1552,variant
contacts,C01581,TC0592,clean
contacts,C01582,TC2138,clean
contacts,C01583,TC1897,variant
contacts,C01584,TC0886,clean
contacts,C01585,TC0680,clean
contacts,C01586,TC1758,clean
contacts,C01587,TC0534,clean
contacts,C01588,TC1140,clean
contacts,C01589,TC1879,clean
contacts,C01590,TC0595,clean
contacts,C01591,TC2288,clean
contacts,C01592,TC2005,clean
contacts,C01593,TC1543,variant
contacts,C01594,TC0142,clean
contacts,C01595,TC1222,clean
contacts,C01596,TC1091,variant
contacts,C01597,TC1336,clean
contacts,C01598,TC1100,clean
contacts,C01599,TC0523,clean
contacts,C01600,TC0878,variant
contacts,C01601,TC0948,clean
contacts,C01602,TC1825,clean
contacts,C01603,TC0823,clean
contacts,C01604,TC0100,variant
contacts,C01605,TC1890,clean
contacts,C01606,TC1389,clean
contacts,C01607,TC0040,variant
contacts,C01608,TC2137,clean
contacts,C01609,TC0647,variant
contacts,C01610,TC1313,clean
contacts,C01611,TC0318,clean
contacts,C01612,TC1133,clean
contacts,C01613,TC0354,variant
contacts,C01614,TC1056,clean
contacts,C01615,TC1890,variant
contacts,C01616,TC1266,clean
contacts,C01617,TC1462,clean
contacts,C01618,TC2036,variant
contacts,C01619,TC1007,clean
contacts,C01620,TC0661,clean
contacts,C01621,TC1530,clean
contacts,C01622,TC1489,clean
contacts,C01623,TC1352,variant
contacts,C01624,TC2330,twin
contacts,C01625,TC1828,clean
contacts,C01626,TC1127,clean
contacts,C01627,TC1750,variant
contacts,C01628,TC2197,clean
contacts,C01629,TC0158,clean
contacts,C01630,TC0627,clean
contacts,C01631,TC1440,clean
contacts,C01632,TC2092,clean
contacts,C01633,TC1846,clean
contacts,C01634,TC1724,clean
contacts,C01635,TC0624,clean
contacts,C01636,TC0295,variant
contacts,C01637,TC0082,clean
contacts,C01638,TC1372,clean
contacts,C01639,TC2384,variant
contacts,C01640,TC0803,clean
contacts,C01641,TC1428,clean
contacts,C01642,TC1966,variant
contacts,C01643,TC1429,clean
contacts,C01644,TC0963,clean
contacts,C01645,TC2258,clean
contacts,C01646,TC0336,clean
contacts,C01647,TC0307,variant
contacts,C01648,TC1790,variant
contacts,C01649,TC0759,clean
contacts,C01650,TC0088,clean
contacts,C01651,TC1326,clean
contacts,C01652,TC2276,clean
contacts,C01653,TC1529,clean
contacts,C01654,TC2109,variant
contacts,C01655,TC1177,clean
contacts,C01656,TC0015,clean
contacts,C01657,TC1245,clean
contacts,C01658,TC0182,variant
contacts,C01659,TC1097,variant
contacts,C01660,TC1646,variant
contacts,C01661,TC1109,clean
contacts,C01662,TC1117,clean
contacts,C01663,TC1350,clean
contacts,C01664,TC2196,clean
contacts,C01665,TC0937,clean
contacts,C01666,TC1503,clean
contacts,C01667,TC1844,clean
contacts,C01668,TC1887,variant
contacts,C01669,TC1711,clean
contacts,C01670,TC0799,clean
contacts,C01671,TC2275,clean
contacts,C01672,TC0864,clean
contacts,C01673,TC2249,clean
contacts,C01674,TC0561,clean
contacts,C01675,TC0299,clean
contacts,C01676,TC0275,clean
contacts,C01677,TC2159,clean
contacts,C01678,TC1721,variant
contacts,C01679,TC2097,clean
contacts,C01680,TC1308,variant
contacts,C01681,TC1064,clean
contacts,C01682,TC0477,clean
contacts,C01683,TC1597,clean
contacts,C01684,TC1087,clean
contacts,C01685,TC1849,clean
contacts,C01686,TC2221,clean
contacts,C01687,TC0769,variant
contacts,C01688,TC1815,variant
contacts,C01689,TC1476,variant
contacts,C01690,TC0085,clean
contacts,C01691,TC0919,clean
contacts,C01692,TC1822,clean
contacts,C01693,TC0246,clean
contacts,C01694,TC1073,clean
contacts,C01695,TC1939,clean
contacts,C01696,TC1754,clean
contacts,C01697,TC0117,clean
contacts,C01698,TC2210,clean
contacts,C01699,TC1736,clean
contacts,C01700,TC1074,clean
contacts,C01701,TC0935,variant
contacts,C01702,TC2303,clean
contacts,C01703,TC2049,clean
contacts,C01704,TC1639,clean
contacts,C01705,TC0969,clean
contacts,C01706,TC2253,clean
contacts,C01707,TC0044,variant
contacts,C01708,TC0029,clean
contacts,C01709,TC2095,clean
contacts,C01710,TC2274,clean
contacts,C01711,TC0829,clean
contacts,C01712,TC1789,clean
contacts,C01713,TC1013,clean
contacts,C01714,TC0244,clean
contacts,C01715,TC1417,clean
contacts,C01716,TC1368,clean
contacts,C01717,TC2002,clean
contacts,C01718,TC1442,clean
contacts,C01719,TC1840,clean
contacts,C01720,TC0264,clean
contacts,C01721,TC0927,clean
contacts,C01722,TC0654,clean
contacts,C01723,TC1589,clean
contacts,C01724,TC2389,namesake
contacts,C01725,TC0767,variant
contacts,C01726,TC2311,namesake
contacts,C01727,TC1615,clean
contacts,C01728,TC1894,clean
contacts,C01729,TC0161,clean
contacts,C01730,TC0608,clean
contacts,C01731,TC1578,clean
contacts,C01732,TC2395,variant
contacts,C01733,TC0598,clean
contacts,C01734,TC0431,clean
contacts,C01735,TC0659,clean
contacts,C01736,TC2052,clean
contacts,C01737,TC1371,clean
contacts,C01738,TC1559,clean
contacts,C01739,TC0572,variant
contacts,C01740,TC1234,clean
contacts,C01741,TC1930,clean
contacts,C01742,TC1651,clean
contacts,C01743,TC1317,clean
contacts,C01744,TC0543,variant
contacts,C01745,TC0761,clean
contacts,C01746,TC2325,namesake
contacts,C01747,TC2006,clean
contacts,C01748,TC1484,clean
contacts,C01749,TC1788,clean
contacts,C01750,TC1882,variant
contacts,C01751,TC1388,clean
contacts,C01752,TC1741,clean
contacts,C01753,TC0166,clean
contacts,C01754,TC1159,clean
contacts,C01755,TC1718,variant
contacts,C01756,TC0206,clean
contacts,C01757,TC0315,clean
contacts,C01758,TC1086,clean
contacts,C01759,TC1202,clean
contacts,C01760,TC2280,clean
contacts,C01761,TC0260,clean
contacts,C01762,TC2132,clean
contacts,C01763,TC0820,clean
contacts,C01764,TC0539,clean
contacts,C01765,TC0243,clean
contacts,C01766,TC2078,clean
contacts,C01767,TC0059,clean
contacts,C01768,TC0870,clean
contacts,C01769,TC1438,clean
contacts,C01770,TC1979,variant
contacts,C01771,TC2133,clean
contacts,C01772,TC2331,namesake
contacts,C01773,TC1746,clean
contacts,C01774,TC0992,clean
contacts,C01775,TC2236,clean
contacts,C01776,TC0927,variant
contacts,C01777,TC0698,clean
contacts,C01778,TC0348,clean
contacts,C01779,TC1400,clean
contacts,C01780,TC0424,variant
contacts,C01781,TC1105,clean
contacts,C01782,TC0074,clean
contacts,C01783,TC1324,variant
contacts,C01784,TC0385,clean
contacts,C01785,TC0419,clean
contacts,C01786,TC1344,clean
contacts,C01787,TC2313,junior
contacts,C01788,TC0697,clean
contacts,C01789,TC0620,clean
contacts,C01790,TC0310,variant
contacts,C01791,TC1845,clean
contacts,C01792,TC1962,clean
contacts,C01793,TC0940,clean
contacts,C01794,TC1967,variant
contacts,C01795,TC1219,clean
contacts,C01796,TC0888,variant
contacts,C01797,TC0942,clean
contacts,C01798,TC2099,clean
contacts,C01799,TC0791,clean
contacts,C01800,TC1959,clean
contacts,C01801,TC1187,clean
contacts,C01802,TC1963,clean
contacts,C01803,TC1854,clean
contacts,C01804,TC2356,twin
contacts,C01805,TC0227,variant
contacts,C01806,TC0979,variant
contacts,C01807,TC1258,clean
contacts,C01808,TC0685,clean
contacts,C01809,TC1328,clean
contacts,C01810,TC0630,clean
contacts,C01811,TC0597,clean
contacts,C01812,TC2375,junior
contacts,C01813,TC0873,clean
contacts,C01814,TC1147,variant
contacts,C01815,TC2156,variant
contacts,C01816,TC1513,clean
contacts,C01817,TC2004,variant
contacts,C01818,TC0447,clean
contacts,C01819,TC0695,clean
contacts,C01820,TC1794,clean
contacts,C01821,TC1739,clean
contacts,C01822,TC0328,clean
contacts,C01823,TC2038,clean
contacts,C01824,TC1051,clean
contacts,C01825,TC0745,clean
contacts,C01826,TC1136,clean
contacts,C01827,TC0475,clean
contacts,C01828,TC1106,clean
contacts,C01829,TC0574,variant
contacts,C01830,TC0380,clean
contacts,C01831,TC0401,clean
contacts,C01832,TC2047,clean
contacts,C01833,TC1623,clean
contacts,C01834,TC1238,clean
contacts,C01835,TC1973,variant
contacts,C01836,TC1271,clean
contacts,C01837,TC2008,clean
contacts,C01838,TC1315,variant
contacts,C01839,TC2108,clean
contacts,C01840,TC0558,clean
contacts,C01841,TC0373,clean
contacts,C01842,TC1999,variant
contacts,C01843,TC1237,clean
contacts,C01844,TC1171,clean
contacts,C01845,TC0984,clean
contacts,C01846,TC1631,clean
contacts,C01847,TC2277,clean
contacts,C01848,TC0371,clean
contacts,C01849,TC2048,clean
contacts,C01850,TC2066,clean
contacts,C01851,TC1112,clean
contacts,C01852,TC0735,clean
contacts,C01853,TC1451,variant
contacts,C01854,TC2043,variant
contacts,C01855,TC1598,clean
contacts,C01856,TC0454,clean
contacts,C01857,TC2182,clean
contacts,C01858,TC1262,variant
contacts,C01859,TC1871,clean
contacts,C01860,TC2361,namesake
contacts,C01861,TC1299,clean
contacts,C01862,TC0216,clean
contacts,C01863,TC1118,clean
contacts,C01864,TC0764,clean
contacts,C01865,TC1707,variant
contacts,C01866,TC1571,clean
contacts,C01867,TC1495,clean
contacts,C01868,TC1213,variant
contacts,C01869,TC2202,clean
contacts,C01870,TC1919,clean
contacts,C01871,TC0912,variant
contacts,C01872,TC0894,clean
contacts,C01873,TC0395,clean
contacts,C01874,TC0673,clean
contacts,C01875,TC0930,clean
contacts,C01876,TC0453,clean
contacts,C01877,TC0978,clean
contacts,C01878,TC0530,clean
contacts,C01879,TC1955,variant
contacts,C01880,TC0935,variant
contacts,C01881,TC2061,clean
contacts,C01882,TC1239,clean
contacts,C01883,TC0065,clean
contacts,C01884,TC1347,variant
contacts,C01885,TC0929,clean
contacts,C01886,TC0268,clean
contacts,C01887,TC0423,variant
contacts,C01888,TC1456,variant
contacts,C01889,TC0389,clean
contacts,C01890,TC2396,namesake
contacts,C01891,TC0404,clean
contacts,C01892,TC1990,variant
contacts,C01893,TC0369,clean
contacts,C01894,TC0536,clean
contacts,C01895,TC1520,clean
contacts,C01896,TC0868,clean
contacts,C01897,TC0621,clean
contacts,C01898,TC1383,clean
contacts,C01899,TC1040,clean
contacts,C01900,TC1507,variant
contacts,C01901,TC1545,clean
contacts,C01902,TC0011,clean
contacts,C01903,TC1979,clean
contacts,C01904,TC1308,clean
contacts,C01905,TC1586,clean
contacts,C01906,TC1795,clean
contacts,C01907,TC2277,variant
contacts,C01908,TC1186,clean
contacts,C01909,TC1346,clean
contacts,C01910,TC0134,clean
contacts,C01911,TC0955,clean
contacts,C01912,TC0229,variant
contacts,C01913,TC1554,clean
contacts,C01914,TC0726,clean
contacts,C01915,TC1994,clean
contacts,C01916,TC1769,clean
contacts,C01917,TC1230,clean
contacts,C01918,TC0968,variant
contacts,C01919,TC1763,clean
contacts,C01920,TC0391,clean
contacts,C01921,TC2127,clean
contacts,C01922,TC1385,clean
contacts,C01923,TC0971,clean
contacts,C01924,TC0154,clean
contacts,C01925,TC1235,clean
contacts,C01926,TC2383,junior
contacts,C01927,TC0247,variant
contacts,C01928,TC1881,clean
contacts,C01929,TC0004,clean
contacts,C01930,TC1170,clean
contacts,C01931,TC0222,clean
contacts,C01932,TC1245,variant
contacts,C01933,TC0112,clean
contacts,C01934,TC1893,clean
contacts,C01935,TC0469,clean
contacts,C01936,TC0568,clean
contacts,C01937,TC1990,variant
contacts,C01938,TC1245,variant
contacts,C01939,TC0370,clean
contacts,C01940,TC1955,clean
contacts,C01941,TC0126,clean
contacts,C01942,TC1305,clean
contacts,C01943,TC0855,clean
contacts,C01944,TC1514,clean
contacts,C01945,TC0731,clean
contacts,C01946,TC1877,clean
contacts,C01947,TC1538,clean
contacts,C01948,TC0209,clean
contacts,C01949,TC1676,clean
contacts,C01950,TC2207,clean
contacts,C01951,TC0131,clean
contacts,C01952,TC0326,clean
contacts,C01953,TC0194,clean
contacts,C01954,TC0842,clean
contacts,C01955,TC1782,clean
contacts,C01956,TC1672,clean
contacts,C01957,TC0501,clean
contacts,C01958,TC1709,clean
contacts,C01959,TC1659,clean
contacts,C01960,TC1776,clean
contacts,C01961,TC0451,clean
contacts,C01962,TC1449,clean
contacts,C01963,TC2334,namesake
contacts,C01964,TC1020,clean
contacts,C01965,TC0289,clean
contacts,C01966,TC1608,variant
contacts,C01967,TC2191,variant
contacts,C01968,TC1767,clean
contacts,C01969,TC0465,clean
contacts,C01970,TC1005,clean
contacts,C01971,TC1150,clean
contacts,C01972,TC0012,variant
contacts,C01973,TC1883,clean
contacts,C01974,TC2273,clean
contacts,C01975,TC0286,clean
contacts,C01976,TC0282,clean
contacts,C01977,TC1264,clean
contacts,C01978,TC0441,variant
contacts,C01979,TC0804,clean
contacts,C01980,TC0267,clean
contacts,C01981,TC0854,clean
contacts,C01982,TC0743,clean
contacts,C01983,TC0322,clean
contacts,C01984,TC0228,clean
contacts,C01985,TC1690,clean
contacts,C01986,TC0191,clean
contacts,C01987,TC0710,clean
contacts,C01988,TC1802,clean
contacts,C01989,TC0547,clean
contacts,C01990,TC0618,variant
contacts,C01991,TC0084,clean
contacts,C01992,TC2309,clean
contacts,C01993,TC1157,clean
contacts,C01994,TC2266,clean
contacts,C01995,TC0589,variant
contacts,C01996,TC2051,clean
contacts,C01997,TC1232,clean
contacts,C01998,TC0172,clean
contacts,C01999,TC0388,clean
contacts,C02000,TC0189,clean
contacts,C02001,TC2104,clean
contacts,C02002,TC1938,clean
contacts,C02003,TC0529,clean
contacts,C02004,TC1450,variant
contacts,C02005,TC1521,clean
contacts,C02006,TC2176,clean
contacts,C02007,TC0553,variant
contacts,C02008,TC2265,clean
contacts,C02009,TC2007,clean
contacts,C02010,TC1602,clean
contacts,C02011,TC0951,clean
contacts,C02012,TC0932,clean
contacts,C02013,TC2392,twin
contacts,C02014,TC1833,clean
contacts,C02015,TC1687,clean
contacts,C02016,TC0622,clean
contacts,C02017,TC2376,twin
contacts,C02018,TC1265,variant
contacts,C02019,TC0082,variant
contacts,C02020,TC0026,clean
contacts,C02021,TC1424,variant
contacts,C02022,TC1716,variant
contacts,C02023,TC1423,variant
contacts,C02024,TC1155,clean
contacts,C02025,TC0332,clean
contacts,C02026,TC2386,namesake
contacts,C02027,TC0973,clean
contacts,C02028,TC0414,clean
contacts,C02029,TC0516,clean
contacts,C02030,TC1456,clean
contacts,C02031,TC0525,clean
contacts,C02032,TC1493,clean
contacts,C02033,TC1477,clean
contacts,C02034,TC1760,clean
contacts,C02035,TC1689,clean
contacts,C02036,TC1033,clean
contacts,C02037,TC0566,clean
contacts,C02038,TC0749,clean
contacts,C02039,TC2089,clean
contacts,C02040,TC2316,variant
contacts,C02041,TC0070,clean
contacts,C02042,TC0038,clean
contacts,C02043,TC0758,clean
contacts,C02044,TC0266,clean
contacts,C02045,TC0889,clean
contacts,C02046,TC2183,clean
contacts,C02047,TC1127,variant
contacts,C02048,TC1017,clean
contacts,C02049,TC1723,clean
contacts,C02050,TC0845,clean
contacts,C02051,TC0436,clean
contacts,C02052,TC1707,clean
contacts,C02053,TC0145,clean
contacts,C02054,TC1182,clean
contacts,C02055,TC1332,clean
contacts,C02056,TC1228,clean
contacts,C02057,TC1716,clean
contacts,C02058,TC1686,clean
contacts,C02059,TC0848,clean
contacts,C02060,TC0552,clean
contacts,C02061,TC1404,clean
contacts,C02062,TC1062,clean
contacts,C02063,TC2200,clean
contacts,C02064,TC0025,clean
contacts,C02065,TC0464,clean
contacts,C02066,TC1094,variant
contacts,C02067,TC0554,clean
contacts,C02068,TC0123,clean
contacts,C02069,TC1204,clean
contacts,C02070,TC1092,variant
contacts,C02071,TC0458,clean
contacts,C02072,TC0090,clean
contacts,C02073,TC1233,variant
contacts,C02074,TC1802,variant
contacts,C02075,TC2284,clean
contacts,C02076,TC2373,namesake
contacts,C02077,TC0003,variant
contacts,C02078,TC0987,clean
contacts,C02079,TC2299,clean
contacts,C02080,TC0452,clean
contacts,C02081,TC0610,clean
contacts,C02082,TC0152,clean
contacts,C02083,TC2300,clean
contacts,C02084,TC1625,clean
contacts,C02085,TC0481,variant
contacts,C02086,TC0939,clean
contacts,C02087,TC1688,variant
contacts,C02088,TC2152,clean
contacts,C02089,TC0393,clean
contacts,C02090,TC2190,clean
contacts,C02091,TC1201,clean
contacts,C02092,TC0167,variant
contacts,C02093,TC1082,clean
contacts,C02094,TC1897,clean
contacts,C02095,TC0917,variant
contacts,C02096,TC2075,clean
contacts,C02097,TC0692,clean
contacts,C02098,TC2390,twin
contacts,C02099,TC1190,clean
contacts,C02100,TC2358,namesake
contacts,C02101,TC0801,clean
contacts,C02102,TC0615,clean
contacts,C02103,TC1224,clean
contacts,C02104,TC0999,clean
contacts,C02105,TC0237,clean
contacts,C02106,TC2318,twin
contacts,C02107,TC2085,clean
contacts,C02108,TC1764,clean
contacts,C02109,TC1396,variant
contacts,C02110,TC1698,clean
contacts,C02111,TC1318,clean
contacts,C02112,TC1996,clean
contacts,C02113,TC0651,clean
contacts,C02114,TC0993,variant
contacts,C02115,TC0999,variant
contacts,C02116,TC0226,clean
contacts,C02117,TC0799,variant
contacts,C02118,TC0017,clean
contacts,C02119,TC0835,clean
contacts,C02120,TC1888,clean
contacts,C02121,TC0979,variant
contacts,C02122,TC0794,clean
contacts,C02123,TC0190,clean
contacts,C02124,TC0068,clean
contacts,C02125,TC0877,clean
contacts,C02126,TC1750,clean
contacts,C02127,TC0522,clean
contacts,C02128,TC0300,variant
contacts,C02129,TC1427,clean
contacts,C02130,TC0030,clean
contacts,C02131,TC0415,clean
contacts,C02132,TC2022,clean
contacts,C02133,TC0556,clean
contacts,C02134,TC0327,clean
contacts,C02135,TC0802,clean
contacts,C02136,TC2162,clean
contacts,C02137,TC0533,clean
contacts,C02138,TC0953,variant
contacts,C02139,TC1788,variant
contacts,C02140,TC1351,clean
contacts,C02141,TC0352,clean
contacts,C02142,TC0509,clean
contacts,C02143,TC1098,variant
contacts,C02144,TC0994,clean
contacts,C02145,TC1982,clean
contacts,C02146,TC1950,variant
contacts,C02147,TC0698,variant
contacts,C02148,TC2263,clean
contacts,C02149,TC0119,clean
contacts,C02150,TC1407,clean
contacts,C02151,TC0245,clean
contacts,C02152,TC0210,clean
contacts,C02153,TC0766,variant
contacts,C02154,TC2175,clean
contacts,C02155,TC0494,clean
contacts,C02156,TC1198,variant
contacts,C02157,TC0775,clean
contacts,C02158,TC0207,clean
contacts,C02159,TC0254,clean
contacts,C02160,TC0092,clean
contacts,C02161,TC0542,clean
contacts,C02162,TC0257,clean
contacts,C02163,TC2177,clean
contacts,C02164,TC1673,variant
contacts,C02165,TC2068,clean
contacts,C02166,TC1908,clean
contacts,C02167,TC2347,variant
contacts,C02168,TC0278,variant
contacts,C02169,TC0727,clean
contacts,C02170,TC0337,clean
contacts,C02171,TC1887,clean
contacts,C02172,TC0129,clean
contacts,C02173,TC2307,clean
contacts,C02174,TC2044,clean
contacts,C02175,TC0739,clean
contacts,C02176,TC0088,variant
contacts,C02177,TC1396,variant
contacts,C02178,TC0121,clean
contacts,C02179,TC1408,variant
contacts,C02180,TC1281,variant
contacts,C02181,TC0686,clean
contacts,C02182,TC0043,clean
contacts,C02183,TC0118,clean
contacts,C02184,TC1984,clean
contacts,C02185,TC0921,clean
contacts,C02186,TC1463,clean
contacts,C02187,TC2117,clean
contacts,C02188,TC1951,clean
contacts,C02189,TC2171,variant
contacts,C02190,TC0474,clean
contacts,C02191,TC2385,variant
contacts,C02192,TC0000,clean
contacts,C02193,TC1596,clean
contacts,C02194,TC1922,clean
contacts,C02195,TC0141,clean
contacts,C02196,TC0986,variant
contacts,C02197,TC0488,variant
contacts,C02198,TC0089,variant
contacts,C02199,TC1012,clean
contacts,C02200,TC1099,variant
contacts,C02201,TC0664,clean
contacts,C02202,TC0164,clean
contacts,C02203,TC2179,variant
contacts,C02204,TC0934,clean
contacts,C02205,TC0562,clean
contacts,C02206,TC0429,clean
contacts,C02207,TC0022,clean
contacts,C02208,TC0874,clean
contacts,C02209,TC1241,variant
contacts,C02210,TC0470,clean
contacts,C02211,TC2337,namesake
contacts,C02212,TC1621,clean
contacts,C02213,TC0024,clean
contacts,C02214,TC0667,variant
contacts,C02215,TC0920,clean
contacts,C02216,TC1564,clean
contacts,C02217,TC0233,clean
contacts,C02218,TC2114,clean
contacts,C02219,TC1043,variant
contacts,C02220,TC2029,clean
contacts,C02221,TC0613,clean
contacts,C02222,TC0174,clean
contacts,C02223,TC0238,variant
contacts,C02224,TC1814,variant
contacts,C02225,TC2160,clean
contacts,C02226,TC0121,variant
contacts,C02227,TC0053,variant
contacts,C02228,TC1528,clean
contacts,C02229,TC0020,variant
contacts,C02230,TC2388,variant
contacts,C02231,TC1437,clean
contacts,C02232,TC1536,clean
contacts,C02233,TC1756,variant
contacts,C02234,TC1471,variant
contacts,C02235,TC1498,clean
contacts,C02236,TC1063,clean
contacts,C02237,TC0968,clean
contacts,C02238,TC1829,clean
contacts,C02239,TC0928,variant
contacts,C02240,TC1240,clean
contacts,C02241,TC0647,clean
contacts,C02242,TC0938,clean
contacts,C02243,TC1556,clean
contacts,C02244,TC0568,variant
contacts,C02245,TC1926,clean
contacts,C02246,TC0594,clean
contacts,C02247,TC1862,clean
contacts,C02248,TC1704,clean
contacts,C02249,TC2120,clean
contacts,C02250,TC2109,clean
contacts,C02251,TC1463,variant
contacts,C02252,TC2052,variant
contacts,C02253,TC2031,clean
contacts,C02254,TC1280,clean
contacts,C02255,TC2341,junior
contacts,C02256,TC0060,clean
contacts,C02257,TC0046,clean
contacts,C02258,TC2106,variant
contacts,C02259,TC1426,clean
contacts,C02260,TC1209,variant
contacts,C02261,TC0016,clean
contacts,C02262,TC1558,variant
contacts,C02263,TC0135,clean
contacts,C02264,TC0103,clean
contacts,C02265,TC2063,clean
contacts,C02266,TC2126,clean
contacts,C02267,TC0007,clean
contacts,C02268,TC1608,variant
contacts,C02269,TC0380,variant
contacts,C02270,TC1364,clean
contacts,C02271,TC1300,clean
contacts,C02272,TC1642,clean
contacts,C02273,TC1257,clean
contacts,C02274,TC2302,clean
contacts,C02275,TC0922,variant
contacts,C02276,TC0461,variant
contacts,C02277,TC1770,clean
contacts,C02278,TC1689,variant
contacts,C02279,TC0830,clean
contacts,C02280,TC0153,variant
contacts,C02281,TC0277,clean
contacts,C02282,TC0904,clean
contacts,C02283,TC1995,variant
contacts,C02284,TC0671,clean
contacts,C02285,TC1375,clean
contacts,C02286,TC1226,clean
contacts,C02287,TC1683,clean
contacts,C02288,TC2194,clean
contacts,C02289,TC1322,clean
contacts,C02290,TC0850,clean
contacts,C02291,TC2056,clean
contacts,C02292,TC0010,clean
contacts,C02293,TC2122,clean
contacts,C02294,TC0789,clean
contacts,C02295,TC0665,clean
contacts,C02296,TC1532,clean
contacts,C02297,TC2222,clean
contacts,C02298,TC1488,clean
contacts,C02299,TC1547,clean
contacts,C02300,TC0160,clean
contacts,C02301,TC0149,clean
contacts,C02302,TC2169,clean
contacts,C02303,TC2153,clean
contacts,C02304,TC0901,clean
contacts,C02305,TC1205,clean
contacts,C02306,TC1526,clean
contacts,C02307,TC0039,clean
contacts,C02308,TC1376,clean
contacts,C02309,TC0518,variant
contacts,C02310,TC0177,clean
contacts,C02311,TC1116,clean
contacts,C02312,TC1787,clean
contacts,C02313,TC0398,clean
contacts,C02314,TC0762,clean
contacts,C02315,TC0549,clean
contacts,C02316,TC0484,clean
contacts,C02317,TC1352,clean
contacts,C02318,TC0489,clean
contacts,C02319,TC0003,clean
contacts,C02320,TC1972,clean
contacts,C02321,TC1249,clean
contacts,C02322,TC1964,clean
contacts,C02323,TC2174,clean
contacts,C02324,TC0557,clean
contacts,C02325,TC2248,clean
contacts,C02326,TC2098,clean
contacts,C02327,TC1921,clean
contacts,C02328,TC1940,clean
contacts,C02329,TC2064,clean
contacts,C02330,TC0640,clean
contacts,C02331,TC0884,clean
contacts,C02332,TC0778,clean
contacts,C02333,TC0109,clean
contacts,C02334,TC1162,clean
contacts,C02335,TC2367,junior
contacts,C02336,TC0469,variant
contacts,C02337,TC1496,clean
contacts,C02338,TC2329,junior
contacts,C02339,TC1613,clean
contacts,C02340,TC1059,clean
contacts,C02341,TC0227,variant
contacts,C02342,TC2226,clean
contacts,C02343,TC2040,variant
contacts,C02344,TC1461,clean
contacts,C02345,TC1505,clean
contacts,C02346,TC1913,clean
contacts,C02347,TC0249,clean
contacts,C02348,TC0907,clean
contacts,C02349,TC1490,clean
contacts,C02350,TC1928,clean
contacts,C02351,TC1108,clean
contacts,C02352,TC0997,variant
contacts,C02353,TC0859,clean
contacts,C02354,TC0648,variant
contacts,C02355,TC1732,clean
contacts,C02356,TC1662,clean
contacts,C02357,TC1242,clean
contacts,C02358,TC2255,clean
contacts,C02359,TC0195,clean
contacts,C02360,TC1061,clean
contacts,C02361,TC1386,clean
contacts,C02362,TC1454,clean
contacts,C02363,TC0668,variant
contacts,C02364,TC0046,variant
contacts,C02365,TC1546,variant
contacts,C02366,TC1705,clean
contacts,C02367,TC1866,variant
contacts,C02368,TC2233,clean
contacts,C02369,TC0449,clean
contacts,C02370,TC1316,clean
contacts,C02371,TC0989,clean
contacts,C02372,TC2293,clean
contacts,C02373,TC0089,clean
contacts,C02374,TC0227,clean
contacts,C02375,TC0957,clean
contacts,C02376,TC1062,variant
contacts,C02377,TC2122,variant
contacts,C02378,TC0276,clean
contacts,C02379,TC1180,variant
contacts,C02380,TC0303,clean
contacts,C02381,TC0573,clean
contacts,C02382,TC0430,clean
contacts,C02383,TC1442,variant
contacts,C02384,TC0041,clean
contacts,C02385,TC1607,clean
contacts,C02386,TC1082,variant
contacts,C02387,TC1726,clean
contacts,C02388,TC1481,clean
contacts,C02389,TC2395,namesake
contacts,C02390,TC2380,twin
contacts,C02391,TC1639,variant
contacts,C02392,TC0362,clean
contacts,C02393,TC1980,clean
contacts,C02394,TC0928,variant
contacts,C02395,TC2094,variant
contacts,C02396,TC0933,clean
contacts,C02397,TC0239,clean
contacts,C02398,TC2025,clean
contacts,C02399,TC0274,clean
contacts,C02400,TC1334,clean
contacts,C02401,TC1588,clean
contacts,C02402,TC0188,clean
contacts,C02403,TC0033,variant
contacts,C02404,TC1096,clean
contacts,C02405,TC1960,clean
contacts,C02406,TC1967,clean
contacts,C02407,TC1188,clean
contacts,C02408,TC0058,clean
contacts,C02409,TC0756,clean
contacts,C02410,TC2001,clean
contacts,C02411,TC1812,variant
contacts,C02412,TC0417,clean
contacts,C02413,TC1541,clean
contacts,C02414,TC1199,clean
contacts,C02415,TC1941,clean
contacts,C02416,TC0360,clean
contacts,C02417,TC0658,clean
contacts,C02418,TC2150,clean
contacts,C02419,TC0729,clean
contacts,C02420,TC1014,variant
contacts,C02421,TC2206,clean
contacts,C02422,TC1531,clean
contacts,C02423,TC0184,clean
contacts,C02424,TC1901,clean
contacts,C02425,TC2327,variant
contacts,C02426,TC0018,variant
contacts,C02427,TC0490,clean
contacts,C02428,TC0031,clean
contacts,C02429,TC0442,variant
contacts,C02430,TC0712,clean
contacts,C02431,TC2250,variant
contacts,C02432,TC0761,variant
contacts,C02433,TC1367,clean
contacts,C02434,TC0593,clean
contacts,C02435,TC1395,clean
contacts,C02436,TC1294,clean
contacts,C02437,TC0265,clean
contacts,C02438,TC0645,clean
contacts,C02439,TC0942,variant
contacts,C02440,TC0827,clean
contacts,C02441,TC0091,clean
contacts,C02442,TC0757,clean
contacts,C02443,TC1365,clean
contacts,C02444,TC1217,clean
contacts,C02445,TC0565,variant
contacts,C02446,TC1057,clean
contacts,C02447,TC1165,clean
contacts,C02448,TC0798,clean
contacts,C02449,TC1821,clean
contacts,C02450,TC0631,clean
contacts,C02451,TC1675,clean
contacts,C02452,TC1555,clean
contacts,C02453,TC0831,variant
contacts,C02454,TC1472,clean
contacts,C02455,TC1399,clean
contacts,C02456,TC1074,variant
contacts,C02457,TC1310,clean
contacts,C02458,TC1021,clean
contacts,C02459,TC2324,namesake
contacts,C02460,TC1343,clean
contacts,C02461,TC1756,clean
contacts,C02462,TC2391,twin
contacts,C02463,TC1378,clean
contacts,C02464,TC1832,clean
contacts,C02465,TC0229,clean
contacts,C02466,TC0520,clean
contacts,C02467,TC0168,clean
contacts,C02468,TC0115,clean
contacts,C02469,TC1769,variant
contacts,C02470,TC1115,clean
contacts,C02471,TC0213,clean
contacts,C02472,TC1366,clean
contacts,C02473,TC1248,clean
contacts,C02474,TC1479,clean
contacts,C02475,TC0684,clean
contacts,C02476,TC1478,clean
contacts,C02477,TC1046,clean
contacts,C02478,TC1439,clean
contacts,C02479,TC0503,clean
contacts,C02480,TC0081,clean
contacts,C02481,TC0467,clean
contacts,C02482,TC1223,clean
contacts,C02483,TC0527,clean
contacts,C02484,TC2211,variant
contacts,C02485,TC1452,clean
contacts,C02486,TC0452,variant
contacts,C02487,TC0066,clean
contacts,C02488,TC1268,clean
contacts,C02489,TC1970,clean
contacts,C02490,TC1604,clean
contacts,C02491,TC0746,clean
contacts,C02492,TC2016,clean
contacts,C02493,TC1295,clean
contacts,C02494,TC1670,variant
contacts,C02495,TC1905,clean
contacts,C02496,TC2072,variant
contacts,C02497,TC0227,variant
contacts,C02498,TC0459,clean
contacts,C02499,TC0138,clean
contacts,C02500,TC2198,clean
contacts,C02501,TC2083,clean
contacts,C02502,TC1356,clean
contacts,C02503,TC1256,clean
contacts,C02504,TC2015,clean
contacts,C02505,TC0285,clean
contacts,C02506,TC0027,clean
contacts,C02507,TC0037,clean
contacts,C02508,TC1532,variant
contacts,C02509,TC1227,variant
contacts,C02510,TC1652,clean
contacts,C02511,TC2119,clean
contacts,C02512,TC0736,clean
contacts,C02513,TC0005,clean
contacts,C02514,TC1881,variant
contacts,C02515,TC2163,clean
contacts,C02516,TC1581,clean
contacts,C02517,TC0050,clean
contacts,C02518,TC0705,clean
contacts,C02519,TC0490,variant
contacts,C02520,TC0626,clean
contacts,C02521,TC0837,clean
contacts,C02522,TC1838,clean
contacts,C02523,TC2256,clean
contacts,C02524,TC1693,clean
contacts,C02525,TC0979,clean
contacts,C02526,TC1565,clean
contacts,C02527,TC1865,clean
contacts,C02528,TC1644,clean
contacts,C02529,TC0341,clean
contacts,C02530,TC1986,clean
contacts,C02531,TC1072,clean
contacts,C02532,TC1119,variant
contacts,C02533,TC0106,clean
contacts,C02534,TC0913,clean
contacts,C02535,TC2246,clean
contacts,C02536,TC1113,clean
contacts,C02537,TC0815,variant
contacts,C02538,TC1142,clean
contacts,C02539,TC0918,clean
contacts,C02540,TC1470,clean
contacts,C02541,TC1087,variant
contacts,C02542,TC0346,clean
contacts,C02543,TC0687,clean
contacts,C02544,TC1773,clean
contacts,C02545,TC1123,clean
contacts,C02546,TC0884,variant
contacts,C02547,TC1327,clean
contacts,C02548,TC0439,clean
contacts,C02549,TC0540,clean
contacts,C02550,TC0653,clean
contacts,C02551,TC0567,variant
contacts,C02552,TC0744,clean
contacts,C02553,TC2362,namesake
contacts,C02554,TC2158,variant
contacts,C02555,TC0062,clean
contacts,C02556,TC2024,clean
contacts,C02557,TC2328,twin
contacts,C02558,TC0106,variant
contacts,C02559,TC1765,clean
contacts,C02560,TC0974,variant
contacts,C02561,TC1932,clean
contacts,C02562,TC1447,clean
contacts,C02563,TC0478,variant
contacts,C02564,TC0142,variant
contacts,C02565,TC0643,clean
contacts,C02566,TC0319,clean
contacts,C02567,TC0094,variant
contacts,C02568,TC2117,variant
contacts,C02569,TC2172,clean
contacts,C02570,TC0828,clean
contacts,C02571,TC0044,clean
contacts,C02572,TC0358,clean
contacts,C02573,TC2305,variant
contacts,C02574,TC1804,clean
contacts,C02575,TC0441,clean
contacts,C02576,TC1889,clean
contacts,C02577,TC1689,variant
contacts,C02578,TC2264,variant
contacts,C02579,TC2283,clean
contacts,C02580,TC1066,variant
contacts,C02581,TC2122,variant
contacts,C02582,TC1874,clean
contacts,C02583,TC0231,clean
contacts,C02584,TC0400,variant
contacts,C02585,TC2030,clean
contacts,C02586,TC2370,twin
contacts,C02587,TC2350,twin
contacts,C02588,TC2086,clean
contacts,C02589,TC0208,variant
contacts,C02590,TC0546,clean
contacts,C02591,TC0636,clean
contacts,C02592,TC1643,clean
contacts,C02593,TC1255,clean
contacts,C02594,TC1054,clean
contacts,C02595,TC1149,clean
contacts,C02596,TC1452,variant
contacts,C02597,TC1401,clean
contacts,C02598,TC0079,clean
contacts,C02599,TC0034,clean
contacts,C02600,TC0784,clean
contacts,C02601,TC0230,clean
contacts,C02602,TC0681,clean
contacts,C02603,TC0392,variant
contacts,C02604,TC2000,clean
contacts,C02605,TC1022,variant
contacts,C02606,TC1227,clean
contacts,C02607,TC0165,clean
contacts,C02608,TC1576,variant
contacts,C02609,TC1947,clean
contacts,C02610,TC0633,clean
contacts,C02611,TC2009,clean
contacts,C02612,TC0768,variant
contacts,C02613,TC0294,clean
contacts,C02614,TC0545,variant
contacts,C02615,TC0617,clean
contacts,C02616,TC1095,variant
contacts,C02617,TC2286,clean
contacts,C02618,TC0236,clean
contacts,C02619,TC1823,variant
contacts,C02620,TC1132,clean
contacts,C02621,TC0988,variant
contacts,C02622,TC2087,clean
contacts,C02623,TC1090,clean
contacts,C02624,TC1269,clean
contacts,C02625,TC1441,clean
contacts,C02626,TC0432,clean
contacts,C02627,TC1408,clean
contacts,C02628,TC1131,clean
contacts,C02629,TC0173,variant
contacts,C02630,TC1503,variant
contacts,C02631,TC0682,clean
contacts,C02632,TC0781,clean
contacts,C02633,TC2295,clean
contacts,C02634,TC0583,clean
contacts,C02635,TC1784,clean
contacts,C02636,TC2173,clean
contacts,C02637,TC0616,clean
contacts,C02638,TC0142,variant
contacts,C02639,TC0817,clean
contacts,C02640,TC0970,clean
contacts,C02641,TC1640,clean
contacts,C02642,TC2179,clean
contacts,C02643,TC1069,clean
contacts,C02644,TC0644,clean
contacts,C02645,TC1500,clean
contacts,C02646,TC2155,clean
contacts,C02647,TC2158,clean
contacts,C02648,TC2363,junior
contacts,C02649,TC1667,clean
contacts,C02650,TC1362,clean
contacts,C02651,TC2014,clean
contacts,C02652,TC0374,clean
contacts,C02653,TC1104,clean
contacts,C02654,TC0738,clean
contacts,C02655,TC0313,clean
contacts,C02656,TC1411,clean
contacts,C02657,TC1302,clean
contacts,C02658,TC1172,clean
contacts,C02659,TC0206,variant
contacts,C02660,TC1866,variant
contacts,C02661,TC1251,clean
contacts,C02662,TC0478,clean
contacts,C02663,TC1914,variant
contacts,C02664,TC0653,variant
contacts,C02665,TC2339,twin
contacts,C02666,TC0006,clean
contacts,C02667,TC1284,clean
contacts,C02668,TC1323,clean
contacts,C02669,TC0779,clean
contacts,C02670,TC1243,clean
contacts,C02671,TC1726,variant
contacts,C02672,TC0433,clean
contacts,C02673,TC1185,clean
contacts,C02674,TC1697,clean
contacts,C02675,TC2011,clean
contacts,C02676,TC0679,clean
contacts,C02677,TC1509,clean
contacts,C02678,TC2314,variant
contacts,C02679,TC0815,clean
contacts,C02680,TC1682,variant
contacts,C02681,TC0882,clean
contacts,C02682,TC1700,clean
contacts,C02683,TC0544,clean
contacts,C02684,TC0201,clean
contacts,C02685,TC0887,clean
contacts,C02686,TC1873,clean
contacts,C02687,TC2186,clean
contacts,C02688,TC0861,variant
contacts,C02689,TC1084,clean
contacts,C02690,TC1558,clean
contacts,C02691,TC0240,clean
contacts,C02692,TC0503,variant
contacts,C02693,TC1407,variant
contacts,C02694,TC1195,clean
contacts,C02695,TC1424,clean
contacts,C02696,TC1898,clean
contacts,C02697,TC0972,clean
contacts,C02698,TC0623,clean
contacts,C02699,TC0311,clean
contacts,C02700,TC2348,junior
contacts,C02701,TC2278,clean
contacts,C02702,TC1278,clean
contacts,C02703,TC1381,clean
contacts,C02704,TC2121,variant
contacts,C02705,TC1218,clean
contacts,C02706,TC1338,clean
contacts,C02707,TC2037,variant
contacts,C02708,TC0949,clean
contacts,C02709,TC0007,variant
contacts,C02710,TC1016,clean
contacts,C02711,TC0535,clean
contacts,C02712,TC1321,clean
contacts,C02713,TC1006,clean
contacts,C02714,TC1365,variant
contacts,C02715,TC1882,clean
contacts,C02716,TC1685,clean
contacts,C02717,TC1431,clean
contacts,C02718,TC2251,clean
contacts,C02719,TC2073,clean
contacts,C02720,TC1451,clean
contacts,C02721,TC0330,clean
contacts,C02722,TC1826,clean
contacts,C02723,TC1081,clean
contacts,C02724,TC1152,clean
contacts,C02725,TC1884,clean
contacts,C02726,TC2306,clean
contacts,C02727,TC1287,clean
contacts,C02728,TC0073,clean
contacts,C02729,TC0377,clean
contacts,C02730,TC0008,clean
contacts,C02731,TC1935,clean
contacts,C02732,TC0365,clean
contacts,C02733,TC0097,clean
contacts,C02734,TC1285,clean
contacts,C02735,TC1954,clean
contacts,C02736,TC1169,clean
contacts,C02737,TC1058,clean
contacts,C02738,TC0487,variant
contacts,C02739,TC2212,clean
contacts,C02740,TC1658,clean
contacts,C02741,TC1620,clean
contacts,C02742,TC1712,clean
contacts,C02743,TC1633,clean
contacts,C02744,TC0463,variant
contacts,C02745,TC0448,clean
contacts,C02746,TC2129,clean
contacts,C02747,TC0836,clean
contacts,C02748,TC1616,clean
contacts,C02749,TC2297,clean
contacts,C02750,TC0721,clean
contacts,C02751,TC0611,clean
contacts,C02752,TC2203,clean
contacts,C02753,TC1789,variant
contacts,C02754,TC0895,clean
contacts,C02755,TC1903,variant
contacts,C02756,TC1834,clean
contacts,C02757,TC1568,clean
contacts,C02758,TC0122,clean
contacts,C02759,TC1324,clean
contacts,C02760,TC1819,clean
contacts,C02761,TC0418,clean
contacts,C02762,TC1687,variant
contacts,C02763,TC1662,variant
contacts,C02764,TC1281,clean
contacts,C02765,TC0725,clean
contacts,C02766,TC1920,clean
contacts,C02767,TC2171,clean
contacts,C02768,TC0273,variant
contacts,C02769,TC1517,clean
contacts,C02770,TC0641,clean
contacts,C02771,TC1811,clean
contacts,C02772,TC0355,clean
contacts,C02773,TC0000,variant
contacts,C02774,TC1543,clean
contacts,C02775,TC2156,clean
contacts,C02776,TC0014,clean
contacts,C02777,TC2385,namesake
contacts,C02778,TC2305,clean
contacts,C02779,TC1654,clean
contacts,C02780,TC1936,clean
contacts,C02781,TC0568,variant
contacts,C02782,TC2327,namesake
contacts,C02783,TC0637,clean
contacts,C02784,TC0114,clean
contacts,C02785,TC0461,clean
contacts,C02786,TC1175,clean
contacts,C02787,TC1628,clean
contacts,C02788,TC1806,clean
contacts,C02789,TC2110,clean
contacts,C02790,TC0049,clean
contacts,C02791,TC0317,clean
contacts,C02792,TC1231,clean
contacts,C02793,TC0396,clean
contacts,C02794,TC2181,clean
contacts,C02795,TC0650,clean
contacts,C02796,TC1906,clean
contacts,C02797,TC1851,clean
contacts,C02798,TC2345,junior
contacts,C02799,TC0241,variant
contacts,C02800,TC0906,variant
contacts,C02801,TC0619,clean
contacts,C02802,TC0623,variant
contacts,C02803,TC1267,clean
contacts,C02804,TC0863,clean
contacts,C02805,TC1176,clean
contacts,C02806,TC0381,clean
contacts,C02807,TC0298,clean
contacts,C02808,TC2074,clean
contacts,C02809,TC1482,clean
contacts,C02810,TC2121,clean
contacts,C02811,TC0269,clean
contacts,C02812,TC1272,clean
contacts,C02813,TC0325,clean
contacts,C02814,TC1055,clean
contacts,C02815,TC1260,clean
contacts,C02816,TC1666,variant
contacts,C02817,TC0203,variant
contacts,C02818,TC0316,clean
contacts,C02819,TC2317,junior
contacts,C02820,TC0906,clean
contacts,C02821,TC0660,clean
contacts,C02822,TC0012,variant
contacts,C02823,TC0846,clean
contacts,C02824,TC2135,clean
contacts,C02825,TC2142,clean
contacts,C02826,TC0900,clean
contacts,C02827,TC1701,clean
contacts,C02828,TC1067,variant
contacts,C02829,TC0157,variant
contacts,C02830,TC0655,clean
contacts,C02831,TC0670,clean
contacts,C02832,TC1666,clean
contacts,C02833,TC0407,clean
contacts,C02834,TC1989,clean
contacts,C02835,TC2286,variant
contacts,C02836,TC1719,clean
contacts,C02837,TC1046,variant
contacts,C02838,TC0816,clean
contacts,C02839,TC1435,clean
contacts,C02840,TC1340,clean
contacts,C02841,TC0069,variant
contacts,C02842,TC0813,clean
contacts,C02843,TC1830,clean
contacts,C02844,TC2084,clean
contacts,C02845,TC0890,clean
contacts,C02846,TC0990,variant
contacts,C02847,TC0479,clean
contacts,C02848,TC1595,clean
contacts,C02849,TC1262,clean
contacts,C02850,TC1330,clean
contacts,C02851,TC0611,variant
contacts,C02852,TC2393,junior
contacts,C02853,TC0284,clean
contacts,C02854,TC1029,clean
contacts,C02855,TC0056,clean
contacts,C02856,TC0250,clean
contacts,C02857,TC2292,clean
contacts,C02858,TC1880,clean
contacts,C02859,TC1345,clean
contacts,C02860,TC1377,clean
contacts,C02861,TC0339,clean
contacts,C02862,TC1459,variant
contacts,C02863,TC0997,clean
contacts,C02864,TC0002,clean
contacts,C02865,TC0124,clean
contacts,C02866,TC2224,clean
contacts,C02867,TC1791,clean
contacts,C02868,TC2225,clean
contacts,C02869,TC0167,clean
contacts,C02870,TC0200,clean
contacts,C02871,TC0849,clean
contacts,C02872,TC0812,clean
contacts,C02873,TC2368,twin
contacts,C02874,TC0483,variant
contacts,C02875,TC1824,clean
contacts,C02876,TC1448,clean
contacts,C02877,TC0281,clean
contacts,C02878,TC1515,clean
contacts,C02879,TC1259,clean
contacts,C02880,TC1286,clean
contacts,C02881,TC0042,clean
contacts,C02882,TC1956,clean
contacts,C02883,TC2369,namesake
contacts,C02884,TC0127,clean
contacts,C02885,TC0506,clean
contacts,C02886,TC1527,clean
contacts,C02887,TC0211,clean
contacts,C02888,TC0985,clean
contacts,C02889,TC2041,clean
contacts,C02890,TC1891,clean
contacts,C02891,TC1660,clean
contacts,C02892,TC0159,variant
contacts,C02893,TC1480,clean
contacts,C02894,TC2018,clean
contacts,C02895,TC0579,clean
contacts,C02896,TC2263,variant
contacts,C02897,TC1945,clean
contacts,C02898,TC2220,clean
contacts,C02899,TC0532,clean
contacts,C02900,TC0974,clean
contacts,C02901,TC0625,clean
contacts,C02902,TC0773,clean
contacts,C02903,TC1135,clean
contacts,C02904,TC2168,variant
contacts,C02905,TC1993,clean
contacts,C02906,TC1696,clean
contacts,C02907,TC1857,clean
contacts,C02908,TC0052,clean
contacts,C02909,TC2125,variant
contacts,C02910,TC1416,clean
contacts,C02911,TC1569,variant
contacts,C02912,TC0713,clean
contacts,C02913,TC1473,clean
contacts,C02914,TC1619,clean
contacts,C02915,TC0724,clean
contacts,C02916,TC2252,clean
contacts,C02917,TC0347,clean
contacts,C02918,TC1702,clean
contacts,C02919,TC1419,clean
contacts,C02920,TC1146,clean
contacts,C02921,TC2338,junior
contacts,C02922,TC1290,clean
contacts,C02923,TC1192,clean
contacts,C02924,TC0599,clean
contacts,C02925,TC0472,variant
contacts,C02926,TC1635,variant
contacts,C02927,TC2267,clean
contacts,C02928,TC1100,variant
contacts,C02929,TC2091,clean
contacts,C02930,TC2030,variant
contacts,C02931,TC0128,variant
contacts,C02932,TC1914,clean
contacts,C02933,TC2128,clean
contacts,C02934,TC0838,clean
contacts,C02935,TC1540,clean
contacts,C02936,TC1220,clean
contacts,C02937,TC0597,variant
contacts,C02938,TC0797,clean
contacts,C02939,TC1885,variant
contacts,C02940,TC0386,clean
contacts,C02941,TC1961,clean
contacts,C02942,TC1669,clean
contacts,C02943,TC1093,clean
contacts,C02944,TC0824,clean
contacts,C02945,TC1771,clean
contacts,C02946,TC0466,clean
contacts,C02947,TC0051,clean
contacts,C02948,TC0137,clean
contacts,C02949,TC2333,junior
contacts,C02950,TC1918,clean
contacts,C02951,TC0133,clean
contacts,C02952,TC1457,clean
contacts,C02953,TC0576,clean
contacts,C02954,TC2189,clean
contacts,C02955,TC0943,clean
contacts,C02956,TC1329,clean
contacts,C02957,TC0581,variant
contacts,C02958,TC1315,clean
contacts,C02959,TC0445,clean
contacts,C02960,TC0808,clean
contacts,C02961,TC2229,clean
contacts,C02962,TC0967,clean
contacts,C02963,TC2201,clean
contacts,C02964,TC1591,clean
contacts,C02965,TC0425,clean
contacts,C02966,TC0878,clean
contacts,C02967,TC0586,clean
contacts,C02968,TC1882,variant
contacts,C02969,TC0460,clean
contacts,C02970,TC1836,variant
contacts,C02971,TC2335,namesake
contacts,C02972,TC1392,clean
contacts,C02973,TC1126,clean
contacts,C02974,TC0176,clean
contacts,C02975,TC0234,clean
contacts,C02976,TC0996,clean
contacts,C02977,TC0962,clean
contacts,C02978,TC0140,clean
contacts,C02979,TC0706,clean
contacts,C02980,TC1048,clean
contacts,C02981,TC0185,clean
contacts,C02982,TC2234,clean
contacts,C02983,TC1686,variant
contacts,C02984,TC1373,clean
contacts,C02985,TC1562,variant
contacts,C02986,TC1450,variant
contacts,C02987,TC1803,clean
contacts,C02988,TC2310,namesake
contacts,C02989,TC1852,variant
contacts,C02990,TC0036,clean
contacts,C02991,TC0035,variant
contacts,C02992,TC1801,variant
contacts,C02993,TC1167,clean
contacts,C02994,TC2107,clean
contacts,C02995,TC0981,clean
contacts,C02996,TC1497,variant
contacts,C02997,TC2349,namesake
contacts,C02998,TC2125,variant
contacts,C02999,TC0136,clean
contacts,C03000,TC2211,clean
